assembly	n_18S	n_28S	n_full_units	n_5S_units	n_5S_arrays	largest_5S_array	largest_5S_left	largest_5S_right	DJ_copy_eq	n_DJ_copies	n_arrays	n_arrays_ge2	n_arrays_ge10	largest_array	n_closed	units_in_closed	n_closed_DJ	n_periods	n_periods_identical	period_median	n_periods_outside_40_50kb	sides_contig_end	sides_gap	sides_flank	person	haplotype	method	version	phasing	source	censat_rdna_bp	group
HG03521_hap1_hprc_r2_v1.0.1	128	125	91	74	1	74	flank	flank	2.194	2	25	22	2	18	0	0	0	103	0	44220.0	1	43	1	6	HG03521	hap1	hifiasm	0.19.9	hic	hprc	4963490.0	hifiasm Hi-C (0.19.8-9)
HG02976_hap1_hprc_r2_v1.0.1	197	192	141	68	1	68	flank	flank	3.914	4	39	34	5	17	1	12	1	158	0	44343.5	5	69	0	9	HG02976	hap1	hifiasm	0.19.9	hic	hprc	7477702.0	hifiasm Hi-C (0.19.8-9)
NA18959_hap1_hprc_r2_v1.0.1	119	115	88	68	1	68	flank	flank	3.408	3	19	18	4	20	1	5	1	100	0	44927.5	1	27	3	8	NA18959	hap1	hifiasm	0.19.8	hic	hpp	4777884.0	hifiasm Hi-C (0.19.8-9)
NA18960_hap2_hprc_r2_v1.0.1	141	139	119	93	1	93	flank	flank	4.05	4	32	22	4	19	1	13	1	109	0	44816.0	1	56	1	7	NA18960	hap2	hifiasm	0.19.8	hic	hpp	5455740.0	hifiasm Hi-C (0.19.8-9)
HG03017_mat_hprc_r2_v1.0.1	194	189	120	79	1	79	flank	flank	5.081	5	46	36	5	16	1	2	1	148	0	44897.5	3	78	4	10	HG03017	mat	hifiasm	0.19.9	trio	hprc	7439075.0	hifiasm trio (0.19.9)
HG02083_mat_hprc_r2_v1.0.1	56	50	43	82	1	82	flank	flank	4.947	5	10	10	0	8	4	25	4	46	2	44841.0	0	10	0	10	HG02083	mat	hifiasm	0.19.7	trio	hprc	2204353.0	hifiasm trio (0.19.7)
HG02583_hap2_hprc_r2_v1.0.1	131	126	115	114	1	114	flank	flank	5.105	5	24	22	4	21	3	24	3	107	2	44910.0	0	35	3	10	HG02583	hap2	hifiasm	0.19.9	hic	hprc	5082015.0	hifiasm Hi-C (0.19.8-9)
HG01969_pat_hprc_r2_v1.0.1	123	122	102	105	1	105	flank	flank	5.704	6	23	21	4	16	1	10	1	100	0	44824.5	3	36	0	10	HG01969	pat	hifiasm	0.19.9	trio	hprc	4779607.0	hifiasm trio (0.19.9)
NA19909_hap1_hprc_r2_v1.0.1	135	132	103	66	1	66	flank	flank	4.147	4	25	23	5	25	1	11	1	110	0	44828.0	1	41	0	9	NA19909	hap1	hifiasm	0.19.9	hic	hprc	5218570.0	hifiasm Hi-C (0.19.8-9)
HG02698_mat_hprc_r2_v1.0.1	79	74	52	97	1	97	flank	flank	5.009	5	20	15	1	11	0	0	0	59	0	44716.0	3	30	0	10	HG02698	mat	hifiasm	0.19.7	trio	hprc	2809058.0	hifiasm trio (0.19.7)
HG01978_mat_hprc_r2_v1.1.0	123	119	102	100	1	100	flank	flank	4.882	5	27	22	3	13	0	0	0	96	0	44197.0	5	44	0	10	HG01978	mat	hifiasm	0.19.9	trio	hprc	4649902.0	hifiasm trio (0.19.9)
HG00290_hap1_hprc_r2_v1.0.1	177	167	108	159	1	159	flank	flank	5.98	6	36	29	2	25	0	0	0	141	2	44303.0	7	60	2	10	HG00290	hap1	hifiasm	0.19.9	hic	hprc	6592219.0	hifiasm Hi-C (0.19.8-9)
HG02984_pat_hprc_r2_v1.0.1	98	94	73	136	1	136	flank	flank	4.914	5	24	21	2	11	2	18	2	74	0	44928.0	1	38	0	10	HG02984	pat	hifiasm	0.19.9	trio	hprc	3608047.0	hifiasm trio (0.19.9)
hg002v1.1.mat_MT	25	21	14	104	1	104	flank	flank	4.866	5	10	6	0	5	0	0	0	15	0	44889.0	1	0	10	10	HG002	mat	verkko	1.1	trio	extramural	1081615.0	reference
NA18906_mat_hprc_r2_v1.0.1	163	158	127	84	1	84	flank	flank	4.972	5	32	28	3	20	1	14	1	131	0	44233.0	4	54	0	10	NA18906	mat	hifiasm	0.19.9	trio	hprc	5060698.0	hifiasm trio (0.19.9)
NA18983_hap2_hprc_r2_v1.0.1	164	154	117	61	1	61	flank	flank	7.018	7	38	32	4	13	0	0	0	126	2	44817.5	2	63	2	11	NA18983	hap2	hifiasm	0.19.9	hic	hprc	6174755.0	hifiasm Hi-C (0.19.8-9)
NA20805_hap2_hprc_r2_v1.0.1	109	99	80	75	1	75	flank	flank	5.733	6	30	26	1	16	3	14	3	79	2	44378.0	2	49	0	11	NA20805	hap2	hifiasm	0.19.9	hic	hprc	3859019.0	hifiasm Hi-C (0.19.8-9)
NA20503_hap1_hprc_r2_v1.0.1	10	6	5	83	1	83	flank	flank	4.117	4	8	2	0	2	1	2	1	2	0	80391.0	1	3	4	9	NA20503	hap1	verkko	2.2.1	hic	hpp	400456.0	Verkko
HG01081_pat_hprc_r2_v1.0.1	121	114	94	60	1	60	flank	flank	5.107	5	27	26	1	14	0	0	0	94	0	44507.0	0	44	0	10	HG01081	pat	hifiasm	0.19.9	trio	hprc	4513924.0	hifiasm trio (0.19.9)
HG00235_hap1_hprc_r2_v1.0.1	95	90	71	92	1	92	flank	flank	3.971	4	21	17	2	12	3	23	3	74	0	44896.0	5	33	0	9	HG00235	hap1	hifiasm	0.19.9	hic	hprc	3624523.0	hifiasm Hi-C (0.19.8-9)
NA18971_hap1_hprc_r2_v1.0.1	166	156	133	42	1	42	flank	flank	6.81	7	37	32	2	15	1	8	1	129	0	44910.0	4	60	0	14	NA18971	hap1	hifiasm	0.19.9	hic	hprc	6221712.0	hifiasm Hi-C (0.19.8-9)
NA18948_hap2_hprc_r2_v1.0.1	141	134	101	75	1	75	flank	flank	6.76	7	24	21	5	16	4	21	4	117	0	44818.0	1	33	3	12	NA18948	hap2	hifiasm	0.19.8	hic	hpp	5375738.0	hifiasm Hi-C (0.19.8-9)
HG02615_mat_hprc_r2_v1.0.1	85	80	67	120	1	120	flank	flank	4.938	5	27	19	3	13	1	13	1	58	2	44963.5	0	44	0	10	HG02615	mat	hifiasm	0.19.7	trio	hprc	3055457.0	hifiasm trio (0.19.7)
HG01786_hap2_hprc_r2_v1.0.1	163	159	108	130	1	130	flank	flank	6.757	7	36	29	4	12	0	0	0	127	0	44723.0	4	62	0	10	HG01786	hap2	hifiasm	0.19.9	hic	hprc	5254483.0	hifiasm Hi-C (0.19.8-9)
HG00133_hap1_hprc_r2_v1.0.1	101	97	69	107	1	107	flank	flank	4.992	5	20	15	4	15	3	23	3	81	2	44837.0	5	30	0	10	HG00133	hap1	hifiasm	0.19.9	hic	hprc	3929310.0	hifiasm Hi-C (0.19.8-9)
HG01150_pat_hprc_r2_v1.0.1	154	151	119	160	1	160	flank	flank	4.998	5	28	23	3	22	2	36	2	126	0	44788.5	1	44	2	10	HG01150	pat	hifiasm	0.19.9	trio	hprc	6134269.0	hifiasm trio (0.19.9)
HG02841_mat_hprc_r2_v1.0.1	117	108	84	105	1	105	flank	flank	5.16	5	38	33	1	13	2	8	2	79	0	44700.0	1	66	0	10	HG02841	mat	hifiasm	0.19.9	trio	hprc	4179265.0	hifiasm trio (0.19.9)
HG00597_pat_hprc_r2_v1.0.1	94	90	64	71	1	71	flank	flank	4.666	4	39	22	1	11	1	5	1	55	0	44992.0	1	68	1	9	HG00597	pat	hifiasm	0.19.7	trio	hprc	3144939.0	hifiasm trio (0.19.7)
HG00097_hap2_hprc_r2_v1.0.1	135	128	90	89	1	89	flank	flank	5.0	5	28	24	5	15	1	2	1	106	0	44347.0	5	43	3	10	HG00097	hap2	hifiasm	0.19.9	hic	hprc	4460822.0	hifiasm Hi-C (0.19.8-9)
HG005_pat_hprc_r2_v1.0.1	158	154	107	88	1	88	flank	flank	4.876	5	50	43	0	8	1	5	1	108	0	44904.5	4	84	6	10	HG005	pat	hifiasm	0.19.9	trio	hprc	4606729.0	hifiasm trio (0.19.9)
HG02257_pat_hprc_r2_v1.1.0	116	112	73	145	1	145	flank	flank	4.97	5	42	33	1	14	0	0	0	74	0	44913.5	0	74	0	10	HG02257	pat	hifiasm	0.19.9	trio	hprc	3647967.0	hifiasm trio (0.19.9)
HG00099_hap1_hprc_r2_v1.0.1	216	208	143	57	1	57	flank	flank	2.451	2	56	49	4	17	0	0	0	160	0	44906.5	18	104	2	6	HG00099	hap1	hifiasm	0.19.9	hic	hprc	7422199.0	hifiasm Hi-C (0.19.8-9)
NA19776_hap1_hprc_r2_v1.0.1	136	131	74	154	1	154	flank	flank	5.926	6	38	32	1	15	0	0	0	98	0	44907.5	10	65	2	9	NA19776	hap1	hifiasm	0.19.9	hic	hprc	4909939.0	hifiasm Hi-C (0.19.8-9)
HG01123_pat_hprc_r2_v1.0.1	85	76	55	88	1	88	flank	flank	5.027	5	21	18	2	10	3	19	3	64	2	44931.0	7	32	0	10	HG01123	pat	hifiasm	0.19.9	trio	hprc	3025298.0	hifiasm trio (0.19.9)
NA21110_hap1_hprc_r2_v1.0.1	142	135	111	107	1	107	flank	flank	3.229	3	25	25	3	19	1	2	1	117	0	44824.0	3	42	0	8	NA21110	hap1	hifiasm	0.19.9	hic	hprc	5719508.0	hifiasm Hi-C (0.19.8-9)
HG00126_hap2_hprc_r2_v1.0.1	114	111	74	47	1	47	flank	flank	3.241	3	28	22	0	9	1	6	1	86	0	44850.5	5	46	2	8	HG00126	hap2	hifiasm	0.19.9	hic	hprc	4179159.0	hifiasm Hi-C (0.19.8-9)
HG02572_mat_hprc_r2_v1.0.1	120	116	97	105	1	105	flank	flank	4.934	5	38	22	2	11	0	0	0	82	6	44857.0	0	66	0	10	HG02572	mat	hifiasm	0.19.7	trio	hprc	4218036.0	hifiasm trio (0.19.7)
HG01358_pat_hprc_r2_v1.0.1	124	121	79	146	1	146	flank	flank	5.101	5	31	26	2	11	0	0	0	93	0	45043.0	4	54	0	8	HG01358	pat	hifiasm	0.19.9	trio	hprc	4652139.0	hifiasm trio (0.19.9)
HG02135_pat_hprc_r2_v1.0.1	188	175	127	75	1	75	flank	flank	4.972	5	49	42	4	19	1	4	1	139	0	44860.0	5	88	0	10	HG02135	pat	hifiasm	0.19.9	trio	hprc	6719679.0	hifiasm trio (0.19.9)
HG02602_mat_hprc_r2_v1.0.1	82	77	64	65	1	65	flank	flank	5.006	5	22	17	1	13	2	9	2	60	0	44917.0	1	34	0	10	HG02602	mat	hifiasm	0.19.9	trio	hprc	2611187.0	hifiasm trio (0.19.9)
HG02165_hap2_hprc_r2_v1.0.1	128	119	93	91	1	91	flank	flank	6.049	6	24	21	3	15	1	3	1	104	0	44846.5	5	37	0	11	HG02165	hap2	hifiasm	0.19.9	hic	hprc	4924489.0	hifiasm Hi-C (0.19.8-9)
HG00128_hap1_hprc_r2_v1.0.1	122	120	86	81	2	64	gap	flank	6.958	7	36	22	3	17	2	8	2	86	0	44810.5	2	59	0	13	HG00128	hap1	hifiasm	0.19.9	hic	hprc	4148844.0	hifiasm Hi-C (0.19.8-9)
HG03579_mat_hprc_r2_v1.0.1	119	114	95	75	1	75	flank	flank	4.908	5	37	32	0	9	1	9	1	82	0	44291.0	0	64	0	10	HG03579	mat	hifiasm	0.19.9	trio	hprc	4151474.0	hifiasm trio (0.19.9)
HG01167_hap1_hprc_r2_v1.0.1	125	119	98	177	1	177	flank	flank	7.919	8	29	22	3	11	2	6	2	96	2	44920.5	1	43	2	13	HG01167	hap1	hifiasm	0.19.9	hic	hprc	4275737.0	hifiasm Hi-C (0.19.8-9)
HG00146_hap1_hprc_r2_v1.0.1	151	139	114	90	1	90	flank	flank	2.619	2	35	30	1	11	0	0	0	116	0	44865.5	3	61	3	6	HG00146	hap1	hifiasm	0.19.9	hic	hprc	5780133.0	hifiasm Hi-C (0.19.8-9)
HG02145_mat_hprc_r2_v1.0.1	128	126	83	98	1	98	flank	flank	4.901	5	39	30	3	15	1	15	1	89	0	44841.0	3	68	0	10	HG02145	mat	hifiasm	0.19.9	trio	hprc	3923530.0	hifiasm trio (0.19.9)
HG03942_pat_hprc_r2_v1.0.1	126	121	99	55	1	55	flank	flank	5.633	6	37	25	3	15	2	17	2	89	0	44849.0	3	63	1	10	HG03942	pat	hifiasm	0.19.9	trio	hprc	4422857.0	hifiasm trio (0.19.9)
HG03742_hap1_hprc_r2_v1.0.1	115	110	76	132	1	132	flank	flank	3.06	3	29	27	0	9	2	14	2	86	0	44909.0	9	51	0	7	HG03742	hap1	hifiasm	0.19.9	hic	hprc	4235171.0	hifiasm Hi-C (0.19.8-9)
NA19087_hap2_hprc_r2_v1.0.1	184	176	133	73	1	73	flank	flank	6.109	6	28	26	8	17	3	23	3	156	0	44844.5	8	45	0	11	NA19087	hap2	hifiasm	0.19.9	hic	hprc	7385835.0	hifiasm Hi-C (0.19.8-9)
HG00733_pat_hprc_r2_v1.0.1	130	123	95	67	1	67	flank	flank	4.957	5	34	30	2	11	0	0	0	96	0	44859.5	3	58	0	10	HG00733	pat	hifiasm	0.19.9	trio	hprc	4243544.0	hifiasm trio (0.19.9)
HG01255_mat_hprc_r2_v1.0.1	97	90	74	74	1	74	flank	flank	5.041	5	22	16	4	14	0	0	0	75	0	44225.0	0	33	0	11	HG01255	mat	hifiasm	0.19.7	trio	hprc	3478425.0	hifiasm trio (0.19.7)
HG03710_mat_hprc_r2_v1.0.1	124	118	94	126	1	126	flank	flank	4.378	4	33	25	3	19	1	5	1	91	0	44797.0	1	57	0	9	HG03710	mat	hifiasm	0.19.7	trio	hprc	4130360.0	hifiasm trio (0.19.7)
HG00706_mat_hprc_r2_v1.0.1	104	104	88	104	2	72	flank	gap	4.977	5	31	23	1	11	0	0	0	73	2	44967.0	0	52	1	9	HG00706	mat	hifiasm	0.19.9	trio	hprc	3762998.0	hifiasm trio (0.19.9)
HG03874_hap1_hprc_r2_v1.0.1	121	115	90	82	1	82	flank	flank	4.985	5	28	22	1	11	2	11	2	93	0	44868.0	5	43	4	9	HG03874	hap1	hifiasm	0.19.9	hic	hprc	4642904.0	hifiasm Hi-C (0.19.8-9)
HG02647_mat_hprc_r2_v1.0.1	75	75	57	118	1	118	flank	flank	5.158	5	30	19	0	7	0	0	0	45	0	44895.0	1	50	0	10	HG02647	mat	hifiasm	0.19.7	trio	hprc	2429573.0	hifiasm trio (0.19.7)
NA20870_hap2_hprc_r2_v1.0.1	113	105	71	89	1	89	flank	flank	5.17	5	33	26	2	13	0	0	0	80	0	44921.5	8	57	0	9	NA20870	hap2	hifiasm	0.19.9	hic	hprc	3976819.0	hifiasm Hi-C (0.19.8-9)
NA20827_hap1_hprc_r2_v1.0.1	18	15	12	89	1	89	flank	flank	2.057	2	8	4	0	4	0	0	0	10	0	44058.5	0	1	8	7	NA20827	hap1	verkko	2.2.1	hic	hpp	841635.0	Verkko
HG00735_mat_hprc_r2_v1.0.1	65	62	40	73	1	73	flank	flank	4.996	5	17	13	0	9	2	11	2	48	2	44913.0	2	24	0	10	HG00735	mat	hifiasm	0.19.7	trio	hprc	2415537.0	hifiasm trio (0.19.7)
HG00350_hap1_hprc_r2_v1.0.1	144	137	87	148	3	85	gap	flank	4.118	3	33	29	4	17	0	0	0	111	0	44879.0	2	58	0	8	HG00350	hap1	hifiasm	0.19.9	hic	hprc	4410154.0	hifiasm Hi-C (0.19.8-9)
NA19443_hap1_hprc_r2_v1.0.1	168	166	140	48	1	48	flank	flank	5.952	6	35	31	3	23	1	6	1	133	0	44801.0	3	54	4	12	NA19443	hap1	hifiasm	0.19.9	hic	hprc	6489066.0	hifiasm Hi-C (0.19.8-9)
NA19835_hap1_hprc_r2_v1.0.1	160	152	125	75	1	75	flank	flank	3.892	4	34	30	3	17	0	0	0	126	0	44397.0	5	59	0	9	NA19835	hap1	hifiasm	0.19.9	hic	hprc	5881681.0	hifiasm Hi-C (0.19.8-9)
HG02523_pat_hprc_r2_v1.0.1	154	148	88	82	1	82	flank	flank	4.553	5	38	34	4	11	1	9	1	116	0	44456.5	3	66	0	10	HG02523	pat	hifiasm	0.19.7	trio	hprc	4950446.0	hifiasm trio (0.19.7)
HG03453_mat_hprc_r2_v1.0.1	127	123	81	144	1	144	flank	flank	4.886	5	54	36	0	7	0	0	0	73	0	44316.0	0	100	0	8	HG03453	mat	hifiasm	0.19.7	trio	hprc	3739647.0	hifiasm trio (0.19.7)
HG03704_pat_hprc_r2_v1.0.1	101	94	72	137	1	137	flank	flank	5.029	5	24	19	2	13	1	12	1	77	0	44882.0	1	38	0	10	HG03704	pat	hifiasm	0.19.7	trio	hprc	3750656.0	hifiasm trio (0.19.7)
HG02080_pat_hprc_r2_v1.0.1	142	140	93	98	1	98	flank	flank	4.964	5	44	32	2	23	1	5	1	98	0	44909.5	0	78	0	10	HG02080	pat	hifiasm	0.19.9	trio	hprc	4710110.0	hifiasm trio (0.19.9)
chm13v2.0_maskedY_rCRS	223	219	126	125	1	125	flank	flank	4.825	5	5	5	5	77	5	223	5	218	195	44787.0	0	0	0	10	CHM13	ref				extramural	9928083.0	reference
HG00321_hap1_hprc_r2_v1.0.1	148	143	113	111	1	111	flank	flank	6.108	6	31	25	4	17	1	2	1	117	0	44859.0	6	51	0	11	HG00321	hap1	hifiasm	0.19.9	hic	hprc	5684702.0	hifiasm Hi-C (0.19.8-9)
HG02723_pat_hprc_r2_v1.0.1	106	96	64	134	1	134	flank	flank	3.939	4	26	19	2	13	1	3	1	80	0	44903.5	2	42	0	10	HG02723	pat	hifiasm	0.19.9	trio	hprc	3633893.0	hifiasm trio (0.19.9)
HG01952_pat_hprc_r2_v1.0.1	138	130	106	97	1	97	flank	flank	4.957	5	34	29	2	16	0	0	0	104	0	44871.5	1	58	0	10	HG01952	pat	hifiasm	0.19.7	trio	hprc	5086681.0	hifiasm trio (0.19.7)
NA18944_hap2_hprc_r2_v1.0.1	145	141	86	84	1	84	flank	flank	3.042	3	33	29	3	13	1	8	1	112	0	44833.5	9	56	2	8	NA18944	hap2	hifiasm	0.19.8	hic	hpp	4749632.0	hifiasm Hi-C (0.19.8-9)
HG03834_mat_hprc_r2_v1.0.1	102	100	70	78	1	78	flank	flank	4.784	5	30	24	1	19	1	19	1	72	0	44772.0	1	50	0	10	HG03834	mat	hifiasm	0.19.7	trio	hprc	3076941.0	hifiasm trio (0.19.7)
HG02300_mat_hprc_r2_v1.0.1	103	94	61	100	1	100	flank	flank	5.353	5	38	25	0	8	0	0	0	65	0	44862.0	5	66	1	9	HG02300	mat	hifiasm	0.19.7	trio	hprc	3288422.0	hifiasm trio (0.19.7)
NA18505_hap2_hprc_r2_v1.0.1	120	115	100	231	1	231	flank	flank	6.928	7	25	20	3	13	0	0	0	95	2	44789.0	1	35	4	11	NA18505	hap2	hifiasm	0.19.9	hic	hprc	4802631.0	hifiasm Hi-C (0.19.8-9)
HG01975_mat_hprc_r2_v1.0.1	123	119	88	101	1	101	flank	flank	5.068	5	31	26	3	13	1	2	1	92	0	44838.5	3	53	1	8	HG01975	mat	hifiasm	0.19.7	trio	hprc	4322922.0	hifiasm trio (0.19.7)
HG01891_pat_hprc_r2_v1.0.1	100	98	76	114	1	114	flank	flank	4.97	5	31	25	0	8	1	5	1	69	0	44822.0	4	52	0	10	HG01891	pat	hifiasm	0.19.7	trio	hprc	3564150.0	hifiasm trio (0.19.7)
HG02965_hap1_hprc_r2_v1.0.1	142	140	95	100	1	100	flank	flank	2.355	2	32	28	4	14	1	2	1	110	2	44530.0	14	57	0	7	HG02965	hap1	hifiasm	0.19.9	hic	hprc	4811734.0	hifiasm Hi-C (0.19.8-9)
HG02280_pat_hprc_r2_v1.0.1	106	105	83	108	1	108	flank	flank	5.039	5	29	21	3	12	1	12	1	77	0	44853.0	0	46	2	10	HG02280	pat	hifiasm	0.19.7	trio	hprc	4054977.0	hifiasm trio (0.19.7)
NA20809_hap2_hprc_r2_v1.0.1	95	91	70	106	1	106	flank	flank	3.08	3	26	22	2	11	0	0	0	69	0	44809.0	1	45	0	7	NA20809	hap2	hifiasm	0.19.9	hic	hprc	2974431.0	hifiasm Hi-C (0.19.8-9)
HG00621_mat_hprc_r2_v1.0.1	107	98	80	67	1	67	flank	flank	4.922	5	24	20	3	19	2	30	2	83	0	44943.0	1	38	0	10	HG00621	mat	hifiasm	0.19.7	trio	hprc	3980604.0	hifiasm trio (0.19.7)
HG01109_mat_hprc_r2_v1.0.1	103	101	77	160	1	160	flank	flank	4.997	5	41	26	0	9	1	6	1	62	0	44870.5	1	73	0	9	HG01109	mat	hifiasm	0.19.9	trio	hprc	3323544.0	hifiasm trio (0.19.9)
HG00329_hap1_hprc_r2_v1.0.1	87	82	69	140	1	140	flank	flank	4.261	4	18	17	2	12	3	11	3	69	0	44791.0	1	27	0	9	HG00329	hap1	hifiasm	0.19.9	hic	hprc	3389389.0	hifiasm Hi-C (0.19.8-9)
HG02818_pat_hprc_r2_v1.0.1	72	66	37	148	1	148	flank	flank	4.042	4	25	19	1	10	1	10	1	46	0	44219.5	0	41	0	9	HG02818	pat	hifiasm	0.19.9	trio	hprc	2438552.0	hifiasm trio (0.19.9)
HG04157_mat_hprc_r2_v1.0.1	89	87	74	130	1	130	flank	flank	5.03	5	20	15	4	14	0	0	0	69	0	44893.0	0	30	0	10	HG04157	mat	hifiasm	0.19.9	trio	hprc	3453860.0	hifiasm trio (0.19.9)
hg002v1.1.pat	33	28	25	69	1	69	flank	flank	4.869	5	9	8	0	7	1	7	1	24	2	44296.5	0	0	8	10	HG002	pat	verkko	1.1	trio	extramural	1376627.0	reference
NA18565_hap1_hprc_r2_v1.0.1	86	83	65	129	1	129	flank	flank	4.04	4	23	20	1	11	2	3	2	63	0	44778.0	2	35	2	9	NA18565	hap1	hifiasm	0.19.9	hic	hprc	3246500.0	hifiasm Hi-C (0.19.8-9)
HG02148_mat_hprc_r2_v1.0.1	62	59	44	108	1	108	flank	flank	4.438	4	24	13	0	7	0	0	0	38	0	44784.5	0	41	0	7	HG02148	mat	hifiasm	0.19.7	trio	hprc	2138480.0	hifiasm trio (0.19.7)
NA20850_hap2_hprc_r2_v1.0.1	93	89	67	62	1	62	flank	flank	3.283	3	28	21	2	11	1	5	1	65	0	44464.0	1	48	0	8	NA20850	hap2	hifiasm	0.19.9	hic	hprc	3313850.0	hifiasm Hi-C (0.19.8-9)
HG02027_mat_hprc_r2_v1.0.1	90	84	63	159	1	159	flank	flank	4.994	5	26	20	2	14	0	0	0	64	0	44954.5	3	40	2	10	HG02027	mat	hifiasm	0.19.7	trio	hprc	3007511.0	hifiasm trio (0.19.7)
HG01258_mat_hprc_r2_v1.0.1	162	157	124	74	1	74	flank	flank	5.718	5	40	31	4	18	1	18	1	122	4	44363.5	1	70	0	10	HG01258	mat	hifiasm	0.19.7	trio	hprc	6012477.0	hifiasm trio (0.19.7)
NA20129_mat_hprc_r2_v1.0.1	103	99	62	128	1	128	flank	flank	4.916	5	24	22	2	13	1	8	1	79	0	44739.0	1	38	0	10	NA20129	mat	hifiasm	0.19.9	trio	hprc	3849953.0	hifiasm trio (0.19.9)
HG00438_pat_hprc_r2_v1.0.1	123	115	91	113	1	113	flank	flank	4.907	5	34	26	1	11	1	5	1	89	0	44912.0	0	56	2	10	HG00438	pat	hifiasm	0.19.9	trio	hprc	4151195.0	hifiasm trio (0.19.9)
HG00738_mat_hprc_r2_v1.0.1	72	66	49	102	1	102	flank	flank	5.111	5	26	18	1	12	2	18	2	46	0	44875.0	3	44	0	8	HG00738	mat	hifiasm	0.19.7	trio	hprc	2364574.0	hifiasm trio (0.19.7)
HG00140_hap2_hprc_r2_v1.0.1	145	141	115	47	1	47	flank	flank	5.957	6	26	21	5	16	2	15	2	119	0	44938.0	3	38	3	11	HG00140	hap2	hifiasm	0.19.9	hic	hprc	5806035.0	hifiasm Hi-C (0.19.8-9)
HG04199_pat_hprc_r2_v1.0.1	129	127	81	63	1	63	flank	flank	5.072	5	38	25	2	13	2	17	2	91	0	44420.0	6	66	0	10	HG04199	pat	hifiasm	0.19.7	trio	hprc	4583967.0	hifiasm trio (0.19.7)
HG01784_hap1_hprc_r2_v1.0.1	147	142	114	85	1	85	flank	flank	5.092	5	23	21	4	33	2	11	2	124	2	44848.0	1	36	0	10	HG01784	hap1	hifiasm	0.19.9	hic	hprc	5840195.0	hifiasm Hi-C (0.19.8-9)
HG01074_mat_hprc_r2_v1.0.1	125	121	109	55	1	55	flank	flank	4.997	5	31	24	2	17	0	0	0	94	0	44904.0	0	50	2	10	HG01074	mat	hifiasm	0.19.9	trio	hprc	4741409.0	hifiasm trio (0.19.9)
HG01433_pat_hprc_r2_v1.0.1	136	132	89	88	1	88	flank	flank	6.009	6	42	30	4	15	1	11	1	94	0	44889.5	6	71	2	11	HG01433	pat	hifiasm	0.19.7	trio	hprc	4773923.0	hifiasm trio (0.19.7)
HG01940_pat_hprc_r2_v1.0.1	74	70	62	100	1	100	flank	flank	5.081	5	19	16	0	9	1	7	1	55	0	44819.0	0	29	0	9	HG01940	pat	hifiasm	0.19.9	trio	hprc	2775690.0	hifiasm trio (0.19.9)
HG00673_mat_hprc_r2_v1.0.1	52	49	32	110	1	110	flank	flank	4.929	5	14	12	1	10	3	8	3	38	0	44873.0	0	18	0	10	HG00673	mat	hifiasm	0.19.9	trio	hprc	1684363.0	hifiasm trio (0.19.9)
HG02040_hap1_hprc_r2_v1.0.1	146	139	101	71	1	71	flank	flank	3.43	3	27	21	4	24	1	17	1	119	2	44882.0	8	47	0	7	HG02040	hap1	hifiasm	0.19.9	hic	hprc	5804734.0	hifiasm Hi-C (0.19.8-9)
HG01943_mat_hprc_r2_v1.0.1	104	99	66	52	1	52	flank	flank	4.796	4	22	19	0	9	2	16	2	82	0	44835.0	4	35	0	9	HG01943	mat	hifiasm	0.19.9	trio	hprc	3776216.0	hifiasm trio (0.19.9)
HG02178_hap1_hprc_r2_v1.0.1	88	87	54	113	1	113	flank	flank	3.359	3	12	11	2	33	1	13	1	76	2	44088.0	10	17	0	7	HG02178	hap1	hifiasm	0.19.9	hic	hprc	3545794.0	hifiasm Hi-C (0.19.8-9)
HG00408_mat_hprc_r2_v1.0.1	119	110	75	66	1	66	flank	flank	4.95	5	26	23	2	24	0	0	0	93	0	44935.0	6	40	2	10	HG00408	mat	hifiasm	0.19.7	trio	hprc	4705200.0	hifiasm trio (0.19.7)
HG02129_mat_hprc_r2_v1.0.1	122	118	82	93	1	93	flank	flank	5.106	5	34	24	2	19	1	2	1	88	0	44887.5	1	56	2	10	HG02129	mat	hifiasm	0.19.7	trio	hprc	4018551.0	hifiasm trio (0.19.7)
HG03816_pat_hprc_r2_v1.0.1	109	105	79	36	1	36	flank	flank	5.013	5	34	24	2	11	1	3	1	75	0	44808.0	1	56	2	10	HG03816	pat	hifiasm	0.19.9	trio	hprc	4009180.0	hifiasm trio (0.19.9)
HG02809_mat_hprc_r2_v1.0.1	176	172	148	106	1	106	flank	flank	4.978	5	48	36	2	12	0	0	0	128	0	44939.0	1	86	0	10	HG02809	mat	hifiasm	0.19.9	trio	hprc	6357887.0	hifiasm trio (0.19.9)
HG03139_hap2_hprc_r2_v1.0.1	135	138	120	135	2	69	contig_end	flank	3.141	3	26	19	5	14	3	28	2	109	4	44379.0	3	42	0	10	HG03139	hap2	hifiasm	0.19.9	hic	hprc	5384642.0	hifiasm Hi-C (0.19.8-9)
HG03831_mat_hprc_r2_v1.0.1	142	138	91	97	1	97	flank	flank	4.878	5	50	31	2	12	0	0	0	92	0	44430.0	0	90	0	10	HG03831	mat	hifiasm	0.19.7	trio	hprc	4473867.0	hifiasm trio (0.19.7)
NA20762_hap2_hprc_r2_v1.0.1	13	10	8	50	1	50	flank	flank	2.745	3	5	2	0	6	0	0	0	8	0	44221.5	0	1	4	5	NA20762	hap2	verkko	2.2.1	hic	hpp	532551.0	Verkko
HG01071_mat_hprc_r2_v1.0.1	93	89	69	87	1	87	flank	flank	4.998	5	30	24	1	10	1	10	1	63	0	44954.0	1	50	0	10	HG01071	mat	hifiasm	0.19.9	trio	hprc	3265968.0	hifiasm trio (0.19.9)
HG00323_hap2_hprc_r2_v1.0.1	121	119	84	78	1	78	flank	flank	4.952	5	35	26	1	14	1	14	1	86	0	44864.0	8	61	0	9	HG00323	hap2	hifiasm	0.19.9	hic	hprc	4246910.0	hifiasm Hi-C (0.19.8-9)
HG02392_hap1_hprc_r2_v1.0.1	157	147	110	73	1	73	flank	flank	5.941	6	32	30	3	15	2	21	2	125	4	44889.0	7	51	0	13	HG02392	hap1	hifiasm	0.19.9	hic	hprc	5703884.0	hifiasm Hi-C (0.19.8-9)
HG00253_hap1_hprc_r2_v1.0.1	110	105	71	132	1	132	flank	flank	4.995	5	34	28	1	16	1	3	1	76	0	44909.5	5	54	4	10	HG00253	hap1	hifiasm	0.19.9	hic	hprc	3653443.0	hifiasm Hi-C (0.19.8-9)
HG03804_pat_hprc_r2_v1.0.1	67	66	59	115	1	115	flank	flank	5.055	5	20	16	0	8	2	7	2	47	0	44970.0	1	30	0	10	HG03804	pat	hifiasm	0.19.9	trio	hprc	2132681.0	hifiasm trio (0.19.9)
NA18940_hap2_hprc_r2_v1.0.1	38	38	34	126	1	126	flank	flank	1.564	1	4	4	1	24	0	0	0	34	2	44885.0	0	3	2	3	NA18940	hap2	hifiasm	0.19.8	hic	hpp	1757880.0	hifiasm Hi-C (0.19.8-9)
NA18570_hap2_hprc_r2_v1.0.1	107	103	91	86	1	86	flank	flank	4.01	4	14	12	2	21	3	32	3	93	0	44954.0	1	19	0	9	NA18570	hap2	hifiasm	0.19.9	hic	hprc	4338293.0	hifiasm Hi-C (0.19.8-9)
HG02668_pat_hprc_r2_v1.0.1	150	148	116	101	1	101	flank	flank	5.037	5	47	39	1	14	0	0	0	103	0	44760.0	2	84	0	10	HG02668	pat	hifiasm	0.19.9	trio	hprc	4858118.0	hifiasm trio (0.19.9)
HG03471_hap2_hprc_r2_v1.0.1	169	165	86	71	1	71	flank	flank	4.127	4	36	31	6	14	0	0	0	133	0	44969.0	10	59	2	11	HG03471	hap2	hifiasm	0.19.9	hic	hprc	6338015.0	hifiasm Hi-C (0.19.8-9)
HG03516_pat_hprc_r2_v1.1.0	99	95	75	152	1	152	flank	flank	4.975	5	33	23	1	10	0	0	0	66	0	44936.5	1	56	0	10	HG03516	pat	hifiasm	0.19.9	trio	hprc	3084479.0	hifiasm trio (0.19.9)
HG03369_hap2_hprc_r2_v1.0.1	171	169	126	69	1	69	flank	flank	6.038	6	38	30	3	22	0	0	0	133	0	44883.0	4	63	2	11	HG03369	hap2	hifiasm	0.19.9	hic	hprc	6216646.0	hifiasm Hi-C (0.19.8-9)
HG02668_mat_hprc_r2_v1.0.1	82	79	64	91	1	91	flank	flank	5.021	5	18	13	2	10	1	4	1	64	0	44941.0	0	26	0	10	HG02668	mat	hifiasm	0.19.9	trio	hprc	2870049.0	hifiasm trio (0.19.9)
HG03270_hap1_hprc_r2_v1.0.1	187	180	161	113	1	113	flank	flank	5.149	5	34	26	8	19	0	0	0	153	0	44903.0	0	57	2	9	HG03270	hap1	hifiasm	0.19.9	hic	hprc	7143572.0	hifiasm Hi-C (0.19.8-9)
HG03516_mat_hprc_r2_v1.1.0	84	83	56	92	1	92	flank	flank	5.043	5	26	21	0	8	2	14	2	58	0	44886.5	3	42	0	10	HG03516	mat	hifiasm	0.19.9	trio	hprc	2874178.0	hifiasm trio (0.19.9)
NA18982_hap1_hprc_r2_v1.0.1	146	140	106	68	1	68	flank	flank	6.723	7	23	21	1	43	3	49	3	123	0	44973.0	1	32	2	12	NA18982	hap1	hifiasm	0.19.8	hic	hpp	5957311.0	hifiasm Hi-C (0.19.8-9)
HG01071_pat_hprc_r2_v1.0.1	115	109	87	49	1	49	flank	flank	5.108	5	37	24	2	19	0	0	0	78	0	44935.5	2	64	0	10	HG01071	pat	hifiasm	0.19.9	trio	hprc	3710293.0	hifiasm trio (0.19.9)
HG00280_hap1_hprc_r2_v1.0.1	148	144	119	93	1	93	flank	flank	6.508	6	43	34	2	15	0	0	0	105	0	44784.0	2	71	4	11	HG00280	hap1	hifiasm	0.19.9	hic	hprc	4473528.0	hifiasm Hi-C (0.19.8-9)
NA18508_hap1_hprc_r2_v1.0.1	107	105	75	113	1	113	flank	flank	2.086	2	23	21	2	12	1	5	1	84	2	44279.5	1	40	0	6	NA18508	hap1	hifiasm	0.19.9	hic	hprc	3989500.0	hifiasm Hi-C (0.19.8-9)
HG00344_hap1_hprc_r2_v1.0.1	161	156	87	77	1	77	flank	flank	8.067	8	36	29	2	13	1	13	1	125	0	44410.0	7	56	3	13	HG00344	hap1	hifiasm	0.19.9	hic	hprc	5943438.0	hifiasm Hi-C (0.19.8-9)
NA18970_hap2_hprc_r2_v1.0.1	138	134	108	90	1	90	flank	flank	6.79	7	18	17	5	27	4	58	4	120	2	44838.5	5	23	1	12	NA18970	hap2	hifiasm	0.19.8	hic	hpp	5486863.0	hifiasm Hi-C (0.19.8-9)
NA20905_hap2_hprc_r2_v1.0.1	174	167	137	58	1	58	flank	flank	6.971	7	40	31	5	18	2	11	2	134	0	44801.0	9	66	2	12	NA20905	hap2	hifiasm	0.19.9	hic	hprc	6618314.0	hifiasm Hi-C (0.19.8-9)
HG00272_hap2_hprc_r2_v1.0.1	132	129	101	75	1	75	flank	flank	5.047	5	24	22	6	13	1	9	1	108	0	44800.5	1	33	6	9	HG00272	hap2	hifiasm	0.19.9	hic	hprc	4858050.0	hifiasm Hi-C (0.19.8-9)
HG03804_mat_hprc_r2_v1.0.1	175	170	122	101	1	101	flank	flank	5.206	5	44	38	1	19	0	0	0	131	0	44902.0	2	78	0	10	HG03804	mat	hifiasm	0.19.9	trio	hprc	6202829.0	hifiasm trio (0.19.9)
NA19036_hap2_hprc_r2_v1.0.1	115	112	82	124	1	124	flank	flank	4.1	4	29	25	2	13	1	6	1	86	0	44279.5	2	48	0	10	NA19036	hap2	hifiasm	0.19.9	hic	hprc	4087820.0	hifiasm Hi-C (0.19.8-9)
HG03195_hap1_hprc_r2_v1.0.1	136	134	106	158	1	158	flank	flank	5.08	5	34	23	5	16	1	16	1	102	0	44301.5	3	58	1	9	HG03195	hap1	hifiasm	0.19.9	hic	hprc	4619837.0	hifiasm Hi-C (0.19.8-9)
HG03816_mat_hprc_r2_v1.0.1	100	94	67	117	1	117	flank	flank	4.982	5	29	24	1	12	1	5	1	71	0	44806.0	2	48	0	10	HG03816	mat	hifiasm	0.19.9	trio	hprc	3387217.0	hifiasm trio (0.19.9)
HG02809_pat_hprc_r2_v1.0.1	137	133	94	85	1	85	flank	flank	4.883	5	41	32	3	14	2	12	2	96	2	44391.5	5	72	0	10	HG02809	pat	hifiasm	0.19.9	trio	hprc	4273674.0	hifiasm trio (0.19.9)
NA18747_hap1_hprc_r2_v1.0.1	131	127	73	69	1	69	flank	flank	4.932	5	28	23	3	13	0	0	0	103	0	44843.0	14	43	2	11	NA18747	hap1	hifiasm	0.19.9	hic	hprc	4310553.0	hifiasm Hi-C (0.19.8-9)
HG03831_pat_hprc_r2_v1.0.1	82	76	48	105	1	105	flank	flank	5.116	5	30	21	0	9	0	0	0	52	0	44586.5	1	52	0	8	HG03831	pat	hifiasm	0.19.7	trio	hprc	2810959.0	hifiasm trio (0.19.7)
NA19159_hap1_hprc_r2_v1.0.1	160	151	111	75	1	75	flank	flank	5.913	6	33	29	2	13	3	15	3	127	0	44266.0	2	54	0	12	NA19159	hap1	hifiasm	0.19.9	hic	hprc	6011661.0	hifiasm Hi-C (0.19.8-9)
HG00673_pat_hprc_r2_v1.0.1	92	87	70	79	1	79	flank	flank	3.698	4	19	14	2	18	0	0	0	73	0	44930.0	2	29	0	9	HG00673	pat	hifiasm	0.19.9	trio	hprc	3083244.0	hifiasm trio (0.19.9)
HG03130_hap1_hprc_r2_v1.0.1	113	106	86	83	1	83	flank	flank	6.922	7	20	18	2	15	4	28	4	93	0	44284.0	1	27	0	13	HG03130	hap1	hifiasm	0.19.9	hic	hprc	4477575.0	hifiasm Hi-C (0.19.8-9)
NA20752_hap2_hprc_r2_v1.0.1	204	202	119	138	1	138	flank	flank	6.602	7	46	32	7	19	1	6	1	158	0	44884.0	26	77	3	12	NA20752	hap2	hifiasm	0.19.9	hic	hprc	7389069.0	hifiasm Hi-C (0.19.8-9)
HG01943_pat_hprc_r2_v1.0.1	92	85	37	89	1	89	flank	flank	3.36	2	30	25	0	9	1	4	1	62	0	44354.5	0	49	2	9	HG01943	pat	hifiasm	0.19.9	trio	hprc	3178594.0	hifiasm trio (0.19.9)
HG00408_pat_hprc_r2_v1.0.1	125	124	83	101	1	101	flank	flank	4.932	5	34	23	3	14	0	0	0	91	0	44762.0	0	54	4	10	HG00408	pat	hifiasm	0.19.7	trio	hprc	3571566.0	hifiasm trio (0.19.7)
NA20799_hap2_hprc_r2_v1.0.1	165	160	133	98	1	98	flank	flank	2.365	2	28	25	4	36	0	0	0	137	0	44943.0	2	48	1	7	NA20799	hap2	hifiasm	0.19.9	hic	hprc	6188163.0	hifiasm Hi-C (0.19.8-9)
HG02129_pat_hprc_r2_v1.0.1	102	97	77	97	1	97	flank	flank	4.979	5	26	23	2	13	0	0	0	76	0	44860.0	0	42	0	10	HG02129	pat	hifiasm	0.19.7	trio	hprc	3601219.0	hifiasm trio (0.19.7)
HG04199_mat_hprc_r2_v1.0.1	129	123	88	73	1	73	flank	flank	5.115	5	42	31	0	9	1	4	1	87	0	44910.0	3	72	2	10	HG04199	mat	hifiasm	0.19.7	trio	hprc	4116999.0	hifiasm trio (0.19.7)
HG00738_pat_hprc_r2_v1.0.1	84	79	50	69	1	69	flank	flank	5.871	6	32	19	0	8	1	8	1	52	0	44854.0	2	55	0	9	HG00738	pat	hifiasm	0.19.7	trio	hprc	2796326.0	hifiasm trio (0.19.7)
HG01074_pat_hprc_r2_v1.0.1	117	110	86	99	1	99	flank	flank	5.056	5	33	27	2	12	2	7	1	84	0	44872.5	0	54	0	12	HG01074	pat	hifiasm	0.19.9	trio	hprc	4100621.0	hifiasm trio (0.19.9)
HG01433_mat_hprc_r2_v1.0.1	121	115	81	105	1	105	flank	flank	4.113	4	33	28	1	16	0	0	0	88	0	45015.0	1	57	0	9	HG01433	mat	hifiasm	0.19.7	trio	hprc	4465265.0	hifiasm trio (0.19.7)
HG01940_mat_hprc_r2_v1.0.1	69	67	48	36	1	36	flank	flank	5.022	5	18	18	2	11	2	15	2	51	2	44779.0	1	26	0	10	HG01940	mat	hifiasm	0.19.9	trio	hprc	2618029.0	hifiasm trio (0.19.9)
NA21093_hap2_hprc_r2_v1.0.1	134	127	83	112	1	112	flank	flank	6.189	6	37	34	2	11	2	13	2	97	2	44689.0	3	60	2	12	NA21093	hap2	hifiasm	0.19.9	hic	hprc	4711465.0	hifiasm Hi-C (0.19.8-9)
HG01258_pat_hprc_r2_v1.0.1	81	77	53	75	1	75	flank	flank	5.376	5	19	17	2	14	3	19	3	62	0	44326.5	4	27	0	11	HG01258	pat	hifiasm	0.19.7	trio	hprc	2964411.0	hifiasm trio (0.19.7)
NA20129_pat_hprc_r2_v1.0.1	65	61	40	72	2	64	flank	gap	5.046	5	14	13	2	14	4	22	4	51	2	44184.0	3	18	0	10	NA20129	pat	hifiasm	0.19.9	trio	hprc	2504048.0	hifiasm trio (0.19.9)
NA19043_hap2_hprc_r2_v1.0.1	78	71	60	139	1	139	flank	flank	4.115	4	20	18	1	11	1	2	1	58	0	44923.0	1	32	0	8	NA19043	hap2	hifiasm	0.19.9	hic	hprc	2833004.0	hifiasm Hi-C (0.19.8-9)
HG00438_mat_hprc_r2_v1.0.1	115	111	65	73	1	73	flank	flank	5.196	5	30	25	2	18	1	18	1	85	0	44448.0	1	50	0	10	HG00438	mat	hifiasm	0.19.9	trio	hprc	4159593.0	hifiasm trio (0.19.9)
HG02273_hap2_hprc_r2_v1.0.1	155	152	117	139	1	139	flank	flank	5.147	4	37	29	4	20	1	10	1	118	0	44883.0	4	57	5	12	HG02273	hap2	hifiasm	0.19.9	hic	hprc	5891879.0	hifiasm Hi-C (0.19.8-9)
HG02818_mat_hprc_r2_v1.0.1	74	70	58	114	1	114	flank	flank	4.991	5	21	19	0	9	2	5	2	53	0	44501.0	2	32	0	10	HG02818	mat	hifiasm	0.19.9	trio	hprc	2527434.0	hifiasm trio (0.19.9)
HG04157_pat_hprc_r2_v1.0.1	80	72	50	53	1	53	flank	flank	5.171	5	30	21	1	11	2	7	2	50	0	44601.5	1	50	2	8	HG04157	pat	hifiasm	0.19.9	trio	hprc	2586045.0	hifiasm trio (0.19.9)
HG01530_hap1_hprc_r2_v1.0.1	132	132	88	126	1	126	flank	flank	4.304	4	24	24	6	12	0	0	0	108	2	44787.5	4	38	2	8	HG01530	hap1	hifiasm	0.19.9	hic	hprc	4531425.0	hifiasm Hi-C (0.19.8-9)
NA18943_hap2_hprc_r2_v1.0.1	93	88	73	81	1	81	flank	flank	4.263	4	13	13	4	22	2	31	2	80	2	44820.0	1	16	1	9	NA18943	hap2	hifiasm	0.19.8	hic	hpp	3700768.0	hifiasm Hi-C (0.19.8-9)
HG02027_pat_hprc_r2_v1.0.1	91	83	62	136	1	136	flank	flank	5.143	5	24	20	2	16	3	12	3	67	0	44837.0	0	38	0	10	HG02027	pat	hifiasm	0.19.7	trio	hprc	3177992.0	hifiasm trio (0.19.7)
NA18974_hap2_hprc_r2_v1.0.1	124	119	87	84	1	84	flank	flank	5.047	5	25	23	3	12	1	9	1	99	6	44947.0	0	42	0	8	NA18974	hap2	hifiasm	0.19.9	hic	hprc	4291486.0	hifiasm Hi-C (0.19.8-9)
HG02148_pat_hprc_r2_v1.0.1	150	144	106	75	1	75	flank	flank	5.625	6	39	27	3	16	0	0	0	111	0	44807.0	3	69	0	9	HG02148	pat	hifiasm	0.19.7	trio	hprc	5110611.0	hifiasm trio (0.19.7)
HG02723_mat_hprc_r2_v1.0.1	107	99	75	98	1	98	flank	flank	4.906	5	20	19	4	12	2	14	2	87	0	44246.0	1	29	2	9	HG02723	mat	hifiasm	0.19.9	trio	hprc	4044534.0	hifiasm trio (0.19.9)
NA19391_hap2_hprc_r2_v1.0.1	107	100	82	83	2	42	flank	flank	4.007	4	18	17	3	22	2	18	2	89	0	44539.0	4	23	4	9	NA19391	hap2	hifiasm	0.19.9	hic	hprc	4233290.0	hifiasm Hi-C (0.19.8-9)
HG01952_mat_hprc_r2_v1.0.1	109	102	72	36	1	36	flank	flank	4.938	5	30	22	3	11	0	0	0	79	0	44824.0	2	50	0	10	HG01952	mat	hifiasm	0.19.7	trio	hprc	3861247.0	hifiasm trio (0.19.7)
NA20346_hap1_hprc_r2_v1.0.1	187	179	140	79	1	79	flank	flank	5.915	6	41	36	5	17	0	0	0	146	0	44888.0	10	68	2	12	NA20346	hap1	hifiasm	0.19.9	hic	hprc	6767010.0	hifiasm Hi-C (0.19.8-9)
HG02300_pat_hprc_r2_v1.0.1	119	113	101	88	1	88	flank	flank	5.088	5	37	27	2	10	0	0	0	82	0	44810.0	1	65	0	9	HG02300	pat	hifiasm	0.19.7	trio	hprc	4255117.0	hifiasm trio (0.19.7)
NA18952_hap1_hprc_r2_v1.0.1	141	138	107	65	1	65	flank	flank	5.999	6	35	26	2	11	0	0	0	106	0	44818.0	5	60	0	10	NA18952	hap1	hifiasm	0.19.9	hic	hprc	5347773.0	hifiasm Hi-C (0.19.8-9)
HG03834_pat_hprc_r2_v1.0.1	103	98	69	45	1	45	flank	flank	5.166	5	18	16	3	15	3	30	3	85	2	44876.0	2	26	0	10	HG03834	pat	hifiasm	0.19.7	trio	hprc	4017789.0	hifiasm trio (0.19.7)
HG02391_hap1_hprc_r2_v1.0.1	246	241	208	58	1	58	flank	flank	5.055	5	48	40	6	22	1	8	1	198	2	44823.5	2	86	0	10	HG02391	hap1	hifiasm	0.19.9	hic	hprc	9198363.0	hifiasm Hi-C (0.19.8-9)
HG00320_hap2_hprc_r2_v1.0.1	144	137	95	66	1	66	flank	flank	4.401	4	25	25	4	19	1	13	1	119	0	44915.0	3	43	0	7	HG00320	hap2	hifiasm	0.19.9	hic	hprc	5380118.0	hifiasm Hi-C (0.19.8-9)
HG01891_mat_hprc_r2_v1.0.1	65	62	44	101	1	101	flank	flank	3.957	4	24	20	0	7	2	5	2	40	0	44244.0	0	36	2	10	HG01891	mat	hifiasm	0.19.7	trio	hprc	2010445.0	hifiasm trio (0.19.7)
HG01975_pat_hprc_r2_v1.0.1	84	79	55	71	1	71	flank	flank	5.024	5	29	18	0	9	1	9	1	55	0	44960.0	3	48	0	10	HG01975	pat	hifiasm	0.19.7	trio	hprc	2957851.0	hifiasm trio (0.19.7)
HG02280_mat_hprc_r2_v1.0.1	133	131	78	74	1	74	flank	flank	5.007	5	30	21	5	16	1	11	1	103	0	44179.0	9	50	0	10	HG02280	mat	hifiasm	0.19.7	trio	hprc	4979225.0	hifiasm trio (0.19.7)
HG01109_pat_hprc_r2_v1.0.1	96	94	70	78	1	78	flank	flank	5.192	5	32	22	1	11	0	0	0	64	0	44223.5	0	54	0	10	HG01109	pat	hifiasm	0.19.9	trio	hprc	2883274.0	hifiasm trio (0.19.9)
HG00621_pat_hprc_r2_v1.0.1	121	118	82	92	1	92	flank	flank	3.329	3	36	27	1	10	0	0	0	85	0	44811.0	4	59	3	10	HG00621	pat	hifiasm	0.19.7	trio	hprc	3826513.0	hifiasm trio (0.19.7)
NA20282_hap1_hprc_r2_v1.0.1	129	124	93	82	1	82	flank	flank	5.988	6	21	20	5	20	1	9	1	108	2	44833.0	8	32	0	10	NA20282	hap1	hifiasm	0.19.9	hic	hprc	4477931.0	hifiasm Hi-C (0.19.8-9)
NA18945_hap1_hprc_r2_v1.0.1	63	56	40	56	1	56	flank	flank	6.735	7	16	14	1	11	4	19	4	47	0	44881.0	3	17	3	12	NA18945	hap1	hifiasm	0.19.8	hic	hpp	2275404.0	hifiasm Hi-C (0.19.8-9)
NA20806_hap2_hprc_r2_v1.0.1	12	10	4	84	2	67	flank	gap	5.1	5	9	1	0	4	1	1	1	3	0	40482.0	0	6	2	10	NA20806	hap2	verkko	2.2.1	hic	hpp	455094.0	Verkko
HG00735_pat_hprc_r2_v1.0.1	67	63	48	63	1	63	flank	flank	4.825	5	22	16	1	10	3	14	3	45	0	44951.0	0	34	0	10	HG00735	pat	hifiasm	0.19.7	trio	hprc	2285929.0	hifiasm trio (0.19.7)
HG03453_pat_hprc_r2_v1.0.1	90	85	67	113	1	113	flank	flank	4.998	5	39	19	0	9	1	4	1	51	2	44348.0	0	67	1	10	HG03453	pat	hifiasm	0.19.7	trio	hprc	3037473.0	hifiasm trio (0.19.7)
HG02523_mat_hprc_r2_v1.0.1	108	100	69	76	1	76	flank	flank	4.044	4	29	21	3	13	2	13	2	79	4	44207.0	8	48	0	10	HG02523	mat	hifiasm	0.19.7	trio	hprc	3747941.0	hifiasm trio (0.19.7)
HG03704_mat_hprc_r2_v1.0.1	55	49	38	34	1	34	flank	flank	5.233	5	16	13	1	10	4	26	4	39	0	44906.0	1	22	0	10	HG03704	mat	hifiasm	0.19.7	trio	hprc	1807824.0	hifiasm trio (0.19.7)
HG02080_mat_hprc_r2_v1.0.1	152	149	121	91	1	91	flank	flank	4.401	4	44	30	2	16	0	0	0	108	0	44761.0	2	78	0	10	HG02080	mat	hifiasm	0.19.9	trio	hprc	5321344.0	hifiasm trio (0.19.9)
HG02922_hap2_hprc_r2_v1.0.1	141	138	92	67	1	67	flank	flank	2.125	2	32	25	5	19	0	0	0	109	0	44742.0	7	55	2	7	HG02922	hap2	hifiasm	0.19.9	hic	hprc	5394699.0	hifiasm Hi-C (0.19.8-9)
HG03225_hap1_hprc_r2_v1.0.1	164	157	130	118	1	118	flank	flank	5.917	6	41	33	3	17	0	0	0	123	0	44882.0	6	67	4	11	HG03225	hap1	hifiasm	0.19.9	hic	hprc	5999583.0	hifiasm Hi-C (0.19.8-9)
HG01255_pat_hprc_r2_v1.0.1	143	137	121	96	1	96	flank	flank	4.974	5	34	30	1	10	1	8	1	109	0	44823.0	2	57	1	10	HG01255	pat	hifiasm	0.19.7	trio	hprc	4814371.0	hifiasm trio (0.19.7)
HG03710_pat_hprc_r2_v1.0.1	150	145	114	106	1	106	flank	flank	5.135	5	45	36	2	12	2	3	1	105	0	44750.0	3	79	0	11	HG03710	pat	hifiasm	0.19.7	trio	hprc	4980607.0	hifiasm trio (0.19.7)
HG00706_pat_hprc_r2_v1.0.1	112	106	80	75	1	75	flank	flank	4.921	5	33	27	2	12	0	0	0	79	0	44861.0	0	54	2	10	HG00706	pat	hifiasm	0.19.9	trio	hprc	3307314.0	hifiasm trio (0.19.9)
HG02647_pat_hprc_r2_v1.0.1	85	81	61	104	1	104	flank	flank	5.051	5	34	22	0	9	0	0	0	51	0	44862.0	1	58	0	10	HG02647	pat	hifiasm	0.19.7	trio	hprc	2943659.0	hifiasm trio (0.19.7)
NA18522_hap2_hprc_r2_v1.0.1	96	93	65	99	1	99	flank	flank	4.26	4	25	19	3	15	2	15	2	71	0	44941.0	3	38	2	10	NA18522	hap2	hifiasm	0.19.9	hic	hprc	3447059.0	hifiasm Hi-C (0.19.8-9)
HG02155_hap2_hprc_r2_v1.0.1	140	139	100	75	1	75	flank	flank	3.956	4	28	23	4	19	2	24	2	112	0	44818.5	1	44	3	9	HG02155	hap2	hifiasm	0.19.9	hic	hprc	5280959.0	hifiasm Hi-C (0.19.8-9)
HG03579_pat_hprc_r2_v1.0.1	115	113	73	126	1	126	flank	flank	5.098	5	30	25	1	13	0	0	0	85	0	44438.0	1	50	0	10	HG03579	pat	hifiasm	0.19.9	trio	hprc	4010536.0	hifiasm trio (0.19.9)
HG02145_pat_hprc_r2_v1.0.1	120	119	79	70	1	70	flank	flank	4.687	5	49	37	1	11	0	0	0	71	0	44413.0	1	89	0	9	HG02145	pat	hifiasm	0.19.9	trio	hprc	3836664.0	hifiasm trio (0.19.9)
HG03942_mat_hprc_r2_v1.0.1	140	129	100	135	1	135	flank	flank	5.093	5	43	37	1	11	1	2	1	97	0	43522.0	5	74	2	10	HG03942	mat	hifiasm	0.19.9	trio	hprc	4897405.0	hifiasm trio (0.19.9)
HG00733_mat_hprc_r2_v1.0.1	205	197	140	122	1	122	flank	flank	4.991	5	52	43	3	17	0	0	0	153	0	44823.0	5	95	0	9	HG00733	mat	hifiasm	0.19.9	trio	hprc	6990553.0	hifiasm trio (0.19.9)
HG01123_mat_hprc_r2_v1.0.1	60	54	46	103	1	103	flank	flank	5.002	5	11	10	2	17	4	39	4	49	0	44398.0	1	12	0	10	HG01123	mat	hifiasm	0.19.9	trio	hprc	2379773.0	hifiasm trio (0.19.9)
HG02572_pat_hprc_r2_v1.0.1	85	83	60	118	1	118	flank	flank	4.069	4	25	20	0	9	1	9	0	60	0	44884.0	1	40	0	10	HG02572	pat	hifiasm	0.19.7	trio	hprc	3076885.0	hifiasm trio (0.19.7)
HG01358_mat_hprc_r2_v1.0.1	100	91	63	79	1	79	flank	flank	5.241	5	30	27	1	12	2	16	2	70	0	44878.0	3	50	0	10	HG01358	mat	hifiasm	0.19.9	trio	hprc	3248839.0	hifiasm trio (0.19.9)
NA21106_hap2_hprc_r2_v1.0.1	105	100	82	112	1	112	flank	flank	6.133	6	22	20	3	21	2	18	2	83	0	44732.0	4	32	0	12	NA21106	hap2	hifiasm	0.19.9	hic	hprc	4103249.0	hifiasm Hi-C (0.19.8-9)
HG02135_mat_hprc_r2_v1.0.1	118	107	75	82	1	82	flank	flank	4.913	5	37	31	2	12	0	0	0	81	0	44430.0	2	65	0	9	HG02135	mat	hifiasm	0.19.9	trio	hprc	4019198.0	hifiasm trio (0.19.9)
HG02602_pat_hprc_r2_v1.0.1	86	88	67	70	1	70	flank	flank	4.998	5	28	17	1	14	2	9	2	58	0	44865.5	2	46	0	10	HG02602	pat	hifiasm	0.19.9	trio	hprc	2295789.0	hifiasm trio (0.19.9)
HG02841_pat_hprc_r2_v1.0.1	93	87	58	62	1	62	flank	flank	5.008	5	29	23	0	9	0	0	0	64	0	44905.5	1	48	0	10	HG02841	pat	hifiasm	0.19.9	trio	hprc	3069695.0	hifiasm trio (0.19.9)
HG00597_mat_hprc_r2_v1.0.1	106	96	61	71	1	71	flank	flank	5.544	5	41	31	1	11	1	4	1	65	4	44803.0	2	70	2	10	HG00597	mat	hifiasm	0.19.7	trio	hprc	3466478.0	hifiasm trio (0.19.7)
NA18608_hap2_hprc_r2_v1.0.1	143	141	98	77	1	77	flank	flank	2.199	2	26	23	6	16	1	10	1	117	0	44840.0	5	44	1	7	NA18608	hap2	hifiasm	0.19.9	hic	hprc	5406751.0	hifiasm Hi-C (0.19.8-9)
NA19185_hap1_hprc_r2_v1.0.1	160	155	137	74	2	41	flank	flank	4.105	4	34	28	3	14	1	6	1	126	0	44293.0	1	57	2	9	NA19185	hap1	hifiasm	0.19.9	hic	hprc	6276967.0	hifiasm Hi-C (0.19.8-9)
NA21102_hap2_hprc_r2_v1.0.1	93	93	75	122	1	122	flank	flank	5.982	6	22	17	2	10	3	25	3	71	0	44827.0	2	35	0	9	NA21102	hap2	hifiasm	0.19.9	hic	hprc	3482255.0	hifiasm Hi-C (0.19.8-9)
HG02257_mat_hprc_r2_v1.1.0	84	85	55	122	1	122	flank	flank	5.027	5	18	14	2	15	1	4	1	66	0	44014.5	0	26	0	10	HG02257	mat	hifiasm	0.19.9	trio	hprc	2660106.0	hifiasm trio (0.19.9)
HG005_mat_hprc_r2_v1.0.1	141	137	95	64	1	64	flank	flank	4.927	5	47	37	2	18	0	0	0	94	0	44917.0	2	84	0	10	HG005	mat	hifiasm	0.19.9	trio	hprc	4609331.0	hifiasm trio (0.19.9)
NA21144_hap2_hprc_r2_v1.0.1	161	158	118	89	1	89	flank	flank	3.583	3	30	25	5	25	0	0	0	131	0	44802.0	10	49	2	9	NA21144	hap2	hifiasm	0.19.9	hic	hprc	6026243.0	hifiasm Hi-C (0.19.8-9)
HG03784_hap2_hprc_r2_v1.0.1	143	139	107	102	1	102	flank	flank	6.142	6	37	33	2	13	0	0	0	106	0	44791.0	2	63	0	11	HG03784	hap2	hifiasm	0.19.9	hic	hprc	5271026.0	hifiasm Hi-C (0.19.8-9)
NA19700_hap1_hprc_r2_v1.0.1	139	129	114	143	1	143	flank	flank	4.978	5	30	24	4	17	0	0	0	109	0	44898.0	6	47	2	11	NA19700	hap1	hifiasm	0.19.9	hic	hprc	4944329.0	hifiasm Hi-C (0.19.8-9)
HG02615_pat_hprc_r2_v1.0.1	80	75	50	87	1	87	flank	flank	4.861	5	32	22	0	9	1	1	1	48	0	44851.5	1	55	0	9	HG02615	pat	hifiasm	0.19.7	trio	hprc	2668379.0	hifiasm trio (0.19.7)
NA19682_hap1_hprc_r2_v1.0.1	164	158	138	49	1	49	flank	flank	4.04	4	30	24	7	15	1	9	1	134	2	44820.0	2	51	0	9	NA19682	hap1	hifiasm	0.19.9	hic	hprc	5583119.0	hifiasm Hi-C (0.19.8-9)
HG01150_mat_hprc_r2_v1.0.1	91	88	53	51	2	28	flank	gap	4.951	5	15	14	3	14	2	19	2	76	0	44888.0	7	20	0	10	HG01150	mat	hifiasm	0.19.9	trio	hprc	3153178.0	hifiasm trio (0.19.9)
NA18620_hap2_hprc_r2_v1.0.1	145	137	117	88	1	88	flank	flank	6.419	6	26	23	5	21	1	13	1	119	2	44917.0	0	38	2	12	NA18620	hap2	hifiasm	0.19.9	hic	hprc	5662741.0	hifiasm Hi-C (0.19.8-9)
NA18906_pat_hprc_r2_v1.0.1	147	142	111	96	1	96	flank	flank	5.097	5	42	32	2	16	2	8	2	105	0	44834.0	0	74	0	10	NA18906	pat	hifiasm	0.19.9	trio	hprc	5102423.0	hifiasm trio (0.19.9)
HG02984_mat_hprc_r2_v1.0.1	115	113	97	62	1	62	flank	flank	4.995	5	28	25	3	15	3	15	3	87	0	44326.0	1	46	0	10	HG02984	mat	hifiasm	0.19.9	trio	hprc	4333987.0	hifiasm trio (0.19.9)
NA18967_hap2_hprc_r2_v1.0.1	107	104	76	94	1	94	flank	flank	4.125	3	22	19	5	14	0	0	0	85	2	44931.0	0	36	2	6	NA18967	hap2	hifiasm	0.19.8	hic	hpp	3829007.0	hifiasm Hi-C (0.19.8-9)
HG03209_hap1_hprc_r2_v1.0.1	83	81	49	98	1	98	flank	flank	5.001	5	21	17	3	12	2	5	2	62	8	44848.0	4	32	0	10	HG03209	hap1	hifiasm	0.19.9	hic	hprc	2885199.0	hifiasm Hi-C (0.19.8-9)
HG01081_mat_hprc_r2_v1.0.1	163	160	111	79	1	79	flank	flank	4.984	5	31	27	4	23	0	0	0	132	0	44765.5	4	52	0	10	HG01081	mat	hifiasm	0.19.9	trio	hprc	6302311.0	hifiasm trio (0.19.9)
HG03470_hap1_hprc_r2_v1.0.1	265	261	236	80	1	80	flank	flank	4.045	4	37	36	9	34	1	6	1	228	2	44890.0	0	63	2	9	HG03470	hap1	hifiasm	0.19.9	hic	hprc	10368193.0	hifiasm Hi-C (0.19.8-9)
HG02083_pat_hprc_r2_v1.0.1	136	133	84	63	1	63	flank	flank	4.977	5	28	20	3	25	2	16	2	108	0	44931.0	1	45	1	10	HG02083	pat	hifiasm	0.19.7	trio	hprc	5302008.0	hifiasm trio (0.19.7)
HG03017_pat_hprc_r2_v1.0.1	174	166	136	77	1	77	flank	flank	5.01	5	26	23	6	25	0	0	0	148	0	44936.0	4	40	2	10	HG03017	pat	hifiasm	0.19.9	trio	hprc	6087084.0	hifiasm trio (0.19.9)
HG03583_hap1_hprc_r2_v1.0.1	125	123	99	88	1	88	flank	flank	7.137	7	29	23	5	16	2	12	2	96	0	44839.5	4	45	1	12	HG03583	hap1	hifiasm	0.19.9	hic	hprc	4150148.0	hifiasm Hi-C (0.19.8-9)
HG01969_mat_hprc_r2_v1.0.1	128	123	98	93	1	93	flank	flank	5.104	5	18	18	5	24	2	16	2	110	0	44810.0	0	24	2	10	HG01969	mat	hifiasm	0.19.9	trio	hprc	5142367.0	hifiasm trio (0.19.9)
NA18976_hap1_hprc_r2_v1.0.1	108	101	72	74	1	74	flank	flank	2.963	3	26	24	2	12	1	8	1	82	0	44853.0	0	44	0	8	NA18976	hap1	hifiasm	0.19.9	hic	hprc	3961439.0	hifiasm Hi-C (0.19.8-9)
HG00232_hap1_hprc_r2_v1.0.1	89	83	64	132	1	132	flank	flank	5.767	6	24	22	2	15	1	5	1	65	0	44856.0	2	36	0	12	HG00232	hap1	hifiasm	0.19.9	hic	hprc	3171120.0	hifiasm Hi-C (0.19.8-9)
NA19468_hap1_hprc_r2_v1.0.1	150	143	112	35	1	35	flank	flank	3.057	3	29	27	5	13	2	12	2	121	0	44857.0	2	50	0	8	NA19468	hap1	hifiasm	0.19.9	hic	hprc	5323322.0	hifiasm Hi-C (0.19.8-9)
HG01978_pat_hprc_r2_v1.1.0	149	146	66	81	1	81	flank	flank	5.237	5	34	26	4	19	0	0	0	115	0	44274.0	1	58	0	10	HG01978	pat	hifiasm	0.19.9	trio	hprc	5416516.0	hifiasm trio (0.19.9)
NA18879_hap1_hprc_r2_v1.0.1	159	154	126	99	1	99	flank	flank	4.973	5	26	23	8	15	2	23	2	133	3	44731.0	2	40	0	12	NA18879	hap1	hifiasm	0.19.9	hic	hprc	5611011.0	hifiasm Hi-C (0.19.8-9)
HG02698_pat_hprc_r2_v1.0.1	133	127	110	68	1	68	flank	flank	4.995	5	31	29	3	12	0	0	0	102	0	44790.5	0	52	0	10	HG02698	pat	hifiasm	0.19.7	trio	hprc	4835791.0	hifiasm trio (0.19.7)
NA19338_hap2_hprc_r2_v1.0.1	101	94	84	120	1	120	flank	flank	4.964	5	22	21	2	16	1	16	1	79	0	44847.0	1	34	0	10	NA19338	hap2	hifiasm	0.19.9	hic	hprc	3911934.0	hifiasm Hi-C (0.19.8-9)
NA21309_mat_hprc_r2_v1.0.1	99	98	76	98	1	98	flank	flank	5.232	5	30	22	1	13	0	0	0	69	0	44950.0	0	48	2	10	NA21309	mat	hifiasm	0.19.9	trio	hprc	3409822.0	hifiasm trio (0.19.9)
HG02056_mat_hprc_r2_v1.0.1	88	86	48	86	1	86	flank	flank	4.079	4	25	19	0	8	2	11	2	63	0	44830.0	9	41	0	9	HG02056	mat	hifiasm	0.19.7	trio	hprc	2877829.0	hifiasm trio (0.19.7)
HG02559_mat_hprc_r2_v1.0.1	99	94	61	89	1	89	flank	flank	5.171	5	34	23	1	12	1	12	1	65	2	44252.0	0	58	0	10	HG02559	mat	hifiasm	0.19.7	trio	hprc	3501669.0	hifiasm trio (0.19.7)
NA21102_hap1_hprc_r2_v1.0.1	129	125	97	110	1	110	flank	flank	4.205	4	31	26	3	16	0	0	0	98	0	44506.0	6	51	0	11	NA21102	hap1	hifiasm	0.19.9	hic	hprc	4685514.0	hifiasm Hi-C (0.19.8-9)
NA21144_hap1_hprc_r2_v1.0.1	174	165	120	98	1	98	flank	flank	6.753	7	34	30	4	19	1	12	1	140	0	44780.5	12	55	3	10	NA21144	hap1	hifiasm	0.19.9	hic	hprc	6526995.0	hifiasm Hi-C (0.19.8-9)
HG03784_hap1_hprc_r2_v1.0.1	151	148	107	95	1	95	flank	flank	4.004	4	38	31	4	14	1	11	1	113	3	44823.0	3	63	4	9	HG03784	hap1	hifiasm	0.19.9	hic	hprc	5140488.0	hifiasm Hi-C (0.19.8-9)
HG02015_pat_hprc_r2_v1.0.1	154	150	85	110	1	110	flank	flank	4.999	5	60	42	0	7	0	0	0	94	0	44817.5	3	110	0	10	HG02015	pat	hifiasm	0.19.7	trio	hprc	4804615.0	hifiasm trio (0.19.7)
HG02886_mat_hprc_r2_v1.0.1	144	136	106	95	2	88	flank	flank	4.946	5	53	30	2	16	0	0	0	91	0	44839.0	0	96	0	10	HG02886	mat	hifiasm	0.19.7	trio	hprc	4681205.0	hifiasm trio (0.19.7)
HG02071_pat_hprc_r2_v1.0.1	146	138	78	55	1	55	flank	flank	4.993	5	44	38	1	11	0	0	0	102	0	44836.0	2	76	0	12	HG02071	pat	hifiasm	0.19.9	trio	hprc	4694484.0	hifiasm trio (0.19.9)
NA19185_hap2_hprc_r2_v1.0.1	120	116	108	68	1	68	flank	flank	5.942	6	25	18	3	24	2	32	2	95	4	44243.0	0	37	2	11	NA19185	hap2	hifiasm	0.19.9	hic	hprc	4223044.0	hifiasm Hi-C (0.19.8-9)
NA18608_hap1_hprc_r2_v1.0.1	125	119	86	75	1	75	flank	flank	7.882	8	25	22	4	13	0	0	0	100	0	44814.5	8	35	2	13	NA18608	hap1	hifiasm	0.19.9	hic	hprc	4422351.0	hifiasm Hi-C (0.19.8-9)
NA19682_hap2_hprc_r2_v1.0.1	160	159	140	81	1	81	flank	flank	6.033	6	33	27	2	17	0	0	0	127	4	44856.0	3	51	5	10	NA19682	hap2	hifiasm	0.19.9	hic	hprc	5993982.0	hifiasm Hi-C (0.19.8-9)
HG01960_mat_hprc_r2_v1.0.1	133	125	86	58	1	58	flank	flank	4.996	5	40	30	2	15	0	0	0	93	0	44389.0	3	70	0	10	HG01960	mat	hifiasm	0.19.9	trio	hprc	4265190.0	hifiasm trio (0.19.9)
HG01884_pat_hprc_r2_v1.0.1	126	122	83	103	1	103	flank	flank	4.886	5	46	30	1	12	1	6	1	80	0	44906.0	2	82	0	10	HG01884	pat	hifiasm	0.19.7	trio	hprc	4186981.0	hifiasm trio (0.19.7)
HG04115_mat_hprc_r2_v1.0.1	126	118	87	65	1	65	flank	flank	5.047	5	37	29	1	15	1	5	1	89	0	44912.0	3	63	0	11	HG04115	mat	hifiasm	0.19.7	trio	hprc	4479889.0	hifiasm trio (0.19.7)
NA18620_hap1_hprc_r2_v1.0.1	174	169	137	91	1	91	flank	flank	3.954	4	32	29	7	26	0	0	0	142	2	44837.0	1	52	4	8	NA18620	hap1	hifiasm	0.19.9	hic	hprc	6324393.0	hifiasm Hi-C (0.19.8-9)
NA19700_hap2_hprc_r2_v1.0.1	130	122	102	88	1	88	flank	flank	4.073	4	24	22	2	20	0	0	0	106	0	44849.0	6	40	0	8	NA19700	hap2	hifiasm	0.19.9	hic	hprc	4725387.0	hifiasm Hi-C (0.19.8-9)
HG00544_mat_hprc_r2_v1.0.1	104	94	72	48	1	48	flank	flank	4.943	4	23	19	3	18	1	2	1	81	0	44888.0	5	36	0	10	HG00544	mat	hifiasm	0.19.9	trio	hprc	3892444.0	hifiasm trio (0.19.9)
HG03654_mat_hprc_r2_v1.0.1	111	101	78	78	1	78	flank	flank	5.059	5	36	31	0	8	1	4	1	75	0	45002.0	1	62	0	10	HG03654	mat	hifiasm	0.19.7	trio	hprc	3751429.0	hifiasm trio (0.19.7)
NA18967_hap1_hprc_r2_v1.0.1	81	74	58	67	1	67	flank	flank	7.129	8	15	11	3	17	4	28	4	66	2	44891.5	1	18	1	11	NA18967	hap1	hifiasm	0.19.8	hic	hpp	3175914.0	hifiasm Hi-C (0.19.8-9)
HG00642_mat_hprc_r2_v1.0.1	93	89	71	123	1	123	flank	flank	4.617	5	21	16	2	14	4	39	4	72	2	44828.5	2	32	0	10	HG00642	mat	hifiasm	0.19.7	trio	hprc	3538765.0	hifiasm trio (0.19.7)
HG03209_hap2_hprc_r2_v1.0.1	91	87	62	73	1	73	flank	flank	4.888	5	20	16	2	11	1	1	1	71	0	44894.0	10	30	0	10	HG03209	hap2	hifiasm	0.19.9	hic	hprc	2702360.0	hifiasm Hi-C (0.19.8-9)
HG03540_mat_hprc_r2_v1.0.1	147	145	112	143	1	143	flank	flank	5.062	5	47	35	0	8	1	8	1	100	0	44258.0	2	84	0	10	HG03540	mat	hifiasm	0.19.7	trio	hprc	4989729.0	hifiasm trio (0.19.7)
HG00232_hap2_hprc_r2_v1.0.1	76	69	62	100	1	100	flank	flank	4.945	5	21	17	0	9	3	18	3	55	2	44859.0	0	30	0	12	HG00232	hap2	hifiasm	0.19.9	hic	hprc	2764567.0	hifiasm Hi-C (0.19.8-9)
NA18976_hap2_hprc_r2_v1.0.1	100	91	72	71	1	71	flank	flank	6.868	7	21	20	2	12	2	16	2	79	0	44816.0	6	30	0	12	NA18976	hap2	hifiasm	0.19.9	hic	hprc	3471800.0	hifiasm Hi-C (0.19.8-9)
HG01361_pat_hprc_r2_v1.0.1	109	109	64	61	1	61	flank	flank	4.988	5	28	21	2	15	1	7	1	81	0	44822.0	11	45	1	10	HG01361	pat	hifiasm	0.19.9	trio	hprc	3739110.0	hifiasm trio (0.19.9)
NA19468_hap2_hprc_r2_v1.0.1	144	137	112	78	1	78	flank	flank	6.777	7	23	23	3	17	3	18	3	121	0	44861.0	1	32	2	12	NA19468	hap2	hifiasm	0.19.9	hic	hprc	5651805.0	hifiasm Hi-C (0.19.8-9)
NA19338_hap1_hprc_r2_v1.0.1	96	96	90	84	1	84	flank	flank	4.008	4	23	20	2	16	3	34	3	73	2	44914.0	0	33	4	9	NA19338	hap1	hifiasm	0.19.9	hic	hprc	3844228.0	hifiasm Hi-C (0.19.8-9)
NA18879_hap2_hprc_r2_v1.0.1	158	153	123	58	1	58	flank	flank	3.935	4	35	30	4	21	1	10	1	123	0	44866.0	3	60	1	9	NA18879	hap2	hifiasm	0.19.9	hic	hprc	5360926.0	hifiasm Hi-C (0.19.8-9)
HG03688_pat_hprc_r2_v1.0.1	53	47	31	118	1	118	flank	flank	4.951	5	19	16	0	6	2	6	2	34	0	44973.5	1	28	0	10	HG03688	pat	hifiasm	0.19.7	trio	hprc	1743505.0	hifiasm trio (0.19.7)
HG03470_hap2_hprc_r2_v1.0.1	194	192	170	155	1	155	flank	flank	5.95	6	32	30	5	29	1	5	1	162	2	44884.5	1	54	0	10	HG03470	hap2	hifiasm	0.19.9	hic	hprc	6076574.0	hifiasm Hi-C (0.19.8-9)
HG01346_mat_hprc_r2_v1.0.1	86	83	60	107	1	107	flank	flank	5.022	5	31	20	0	8	1	2	1	55	0	44890.0	1	52	0	10	HG01346	mat	hifiasm	0.19.7	trio	hprc	2797054.0	hifiasm trio (0.19.7)
HG02717_pat_hprc_r2_v1.0.1	114	107	69	57	1	57	flank	flank	5.046	5	42	29	0	8	0	0	0	72	0	44249.0	0	74	0	10	HG02717	pat	hifiasm	0.19.9	trio	hprc	3689255.0	hifiasm trio (0.19.9)
HG03583_hap2_hprc_r2_v1.0.1	102	96	80	83	1	83	flank	flank	3.003	3	19	14	4	13	1	9	1	83	0	44852.0	1	29	1	8	HG03583	hap2	hifiasm	0.19.9	hic	hprc	3986524.0	hifiasm Hi-C (0.19.8-9)
HG02293_mat_hprc_r2_v1.0.1	120	114	90	68	1	68	flank	flank	5.016	5	34	27	2	12	2	23	2	86	0	44870.0	2	59	0	9	HG02293	mat	hifiasm	0.19.7	trio	hprc	4383749.0	hifiasm trio (0.19.7)
HG02922_hap1_hprc_r2_v1.0.1	205	202	148	83	1	83	flank	flank	7.466	7	46	38	6	18	2	24	2	159	4	44326.0	1	78	1	13	HG02922	hap1	hifiasm	0.19.9	hic	hprc	7685958.0	hifiasm Hi-C (0.19.8-9)
HG01192_pat_hprc_r2_v1.0.1	106	102	80	87	1	87	flank	flank	5.047	5	35	26	1	12	1	7	1	71	0	44874.0	0	60	0	10	HG01192	pat	hifiasm	0.19.7	trio	hprc	3578339.0	hifiasm trio (0.19.7)
HG03225_hap2_hprc_r2_v1.0.1	189	185	152	71	1	71	flank	flank	3.981	4	51	44	2	11	0	0	0	138	0	44885.0	5	87	6	9	HG03225	hap2	hifiasm	0.19.9	hic	hprc	6891882.0	hifiasm Hi-C (0.19.8-9)
HG01099_pat_hprc_r2_v1.0.1	102	101	75	60	1	60	flank	flank	4.324	4	28	21	1	21	0	0	0	74	0	44309.0	3	44	2	10	HG01099	pat	hifiasm	0.19.7	trio	hprc	3513078.0	hifiasm trio (0.19.7)
NA20806_hap1_hprc_r2_v1.0.1	12	8	6	69	1	69	flank	flank	3.08	3	8	3	0	3	0	0	0	4	0	44513.0	0	2	6	8	NA20806	hap1	verkko	2.2.1	hic	hpp	481643.0	Verkko
NA18945_hap2_hprc_r2_v1.0.1	66	62	52	82	1	82	flank	flank	3.249	3	16	12	0	8	1	8	1	50	0	44959.5	1	22	2	8	NA18945	hap2	hifiasm	0.19.8	hic	hpp	2282531.0	hifiasm Hi-C (0.19.8-9)
HG02258_pat_hprc_r2_v1.0.1	95	92	77	100	1	100	flank	flank	4.904	5	17	14	4	19	1	16	1	78	0	44803.5	1	24	0	10	HG02258	pat	hifiasm	0.19.7	trio	hprc	3771273.0	hifiasm trio (0.19.7)
HG04204_mat_hprc_r2_v1.0.1	115	112	76	59	2	38	flank	contig_end	4.915	5	43	26	0	9	1	5	1	72	0	44888.0	0	77	0	9	HG04204	mat	hifiasm	0.19.9	trio	hprc	3880174.0	hifiasm trio (0.19.9)
HG02004_mat_hprc_r2_v1.0.1	87	78	60	138	1	138	flank	flank	4.679	4	28	18	0	9	1	2	1	59	0	44874.0	5	44	2	10	HG02004	mat	hifiasm	0.19.7	trio	hprc	3014585.0	hifiasm trio (0.19.7)
HG04160_pat_hprc_r2_v1.0.1	84	79	62	75	1	75	flank	flank	5.104	5	32	22	1	13	3	20	3	52	0	44848.5	0	54	0	10	HG04160	pat	hifiasm	0.19.9	trio	hprc	2288754.0	hifiasm trio (0.19.9)
NA18522_hap1_hprc_r2_v1.0.1	130	125	91	84	1	84	flank	flank	5.999	6	30	22	4	17	0	0	0	100	0	44811.0	0	49	0	11	NA18522	hap1	hifiasm	0.19.9	hic	hprc	4876582.0	hifiasm Hi-C (0.19.8-9)
HG02074_pat_hprc_r2_v1.0.1	158	155	88	97	1	97	flank	flank	5.159	5	60	41	1	10	0	0	0	98	0	44816.5	8	109	2	9	HG02074	pat	hifiasm	0.19.9	trio	hprc	4907908.0	hifiasm trio (0.19.9)
HG02735_mat_hprc_r2_v1.0.1	190	190	123	88	1	88	flank	flank	5.051	5	56	42	3	13	0	0	0	134	0	44138.5	3	102	0	10	HG02735	mat	hifiasm	0.19.9	trio	hprc	6284585.0	hifiasm trio (0.19.9)
HG02109_pat_hprc_r2_v1.0.1	111	110	67	137	1	137	flank	flank	3.997	4	42	29	0	7	1	7	1	69	0	44319.0	0	74	0	10	HG02109	pat	hifiasm	0.19.9	trio	hprc	3471737.0	hifiasm trio (0.19.9)
HG02155_hap1_hprc_r2_v1.0.1	162	157	116	102	1	102	flank	flank	5.827	6	33	30	5	14	2	6	2	129	0	44792.0	1	53	2	11	HG02155	hap1	hifiasm	0.19.9	hic	hprc	6073182.0	hifiasm Hi-C (0.19.8-9)
HG01934_pat_hprc_r2_v1.0.1	117	105	77	98	1	98	flank	flank	4.929	5	36	27	1	16	0	0	0	81	0	44841.0	0	62	0	10	HG01934	pat	hifiasm	0.19.9	trio	hprc	4085730.0	hifiasm trio (0.19.9)
HG03486_mat_hprc_r2_v1.0.1	97	90	60	50	1	50	flank	flank	5.104	5	34	23	0	9	1	7	1	63	0	44325.0	5	58	0	10	HG03486	mat	hifiasm	0.19.9	trio	hprc	3204118.0	hifiasm trio (0.19.9)
NA21106_hap1_hprc_r2_v1.0.1	127	125	108	128	1	128	flank	flank	3.704	4	22	18	4	20	1	1	1	105	0	44803.0	2	36	0	8	NA21106	hap1	hifiasm	0.19.9	hic	hprc	4655213.0	hifiasm Hi-C (0.19.8-9)
HG02451_pat_hprc_r2_v1.0.1	138	138	94	230	1	230	flank	flank	5.033	5	33	26	2	14	3	27	3	105	2	44265.0	1	56	0	10	HG02451	pat	hifiasm	0.19.7	trio	hprc	5252322.0	hifiasm trio (0.19.7)
HG02055_pat_hprc_r2_v1.0.1	140	138	105	71	1	71	flank	flank	5.021	5	42	32	0	9	0	0	0	98	0	44778.5	1	76	0	8	HG02055	pat	hifiasm	0.19.9	trio	hprc	4627395.0	hifiasm trio (0.19.9)
HG03669_pat_hprc_r2_v1.0.1	129	125	78	71	1	71	flank	flank	5.132	5	57	36	0	8	2	12	2	72	2	44769.5	0	104	0	10	HG03669	pat	hifiasm	0.19.7	trio	hprc	3431436.0	hifiasm trio (0.19.7)
NA21093_hap1_hprc_r2_v1.0.1	114	110	75	175	1	175	flank	flank	4.362	4	25	23	1	13	0	0	0	89	0	44684.0	7	42	2	6	NA21093	hap1	hifiasm	0.19.9	hic	hprc	4357566.0	hifiasm Hi-C (0.19.8-9)
HG01243_pat_hprc_r2_v1.0.1	145	140	118	163	1	163	flank	flank	4.966	5	37	27	3	14	0	0	0	108	0	44853.0	5	64	0	10	HG01243	pat	hifiasm	0.19.9	trio	hprc	5431849.0	hifiasm trio (0.19.9)
HG00658_mat_hprc_r2_v1.0.1	61	61	50	102	1	102	flank	flank	4.981	5	13	11	1	13	2	5	2	48	0	44828.5	1	16	0	10	HG00658	mat	hifiasm	0.19.9	trio	hprc	2176625.0	hifiasm trio (0.19.9)
HG02486_pat_hprc_r2_v1.0.1	79	73	52	91	1	91	flank	flank	5.129	5	23	18	1	12	1	6	1	56	0	44274.0	1	36	0	10	HG02486	pat	hifiasm	0.19.7	trio	hprc	2832555.0	hifiasm trio (0.19.7)
HG06807_pat_v1	27	26	16	101	1	101	flank	flank	4.971	5	6	5	1	13	2	19	2	21	0	44860.0	5	0	4	8	HG06807	pat	verkko	2	trio	extramural		reference
HG00423_mat_hprc_r2_v1.0.1	98	90	63	104	1	104	flank	flank	4.994	5	29	22	1	12	1	2	1	69	0	44951.0	2	46	2	10	HG00423	mat	hifiasm	0.19.9	trio	hprc	3225762.0	hifiasm trio (0.19.9)
HG03041_pat_hprc_r2_v1.0.1	113	110	90	115	1	115	flank	flank	3.99	4	27	24	3	13	0	0	0	86	2	44274.5	3	43	2	9	HG03041	pat	hifiasm	0.19.9	trio	hprc	4236821.0	hifiasm trio (0.19.9)
HG01993_mat_hprc_r2_v1.0.1	155	149	110	100	1	100	flank	flank	5.013	5	35	30	2	26	0	0	0	120	2	44788.0	3	57	3	10	HG01993	mat	hifiasm	0.19.7	trio	hprc	5666325.0	hifiasm trio (0.19.7)
NA19043_hap1_hprc_r2_v1.0.1	76	74	66	105	1	105	flank	flank	5.121	5	21	13	2	13	2	17	2	55	2	44910.0	2	30	0	12	NA19043	hap1	hifiasm	0.19.9	hic	hprc	2879533.0	hifiasm Hi-C (0.19.8-9)
HG00558_pat_hprc_r2_v1.0.1	105	99	73	77	1	77	flank	flank	4.913	5	25	20	2	22	2	27	2	80	0	44828.5	3	40	0	10	HG00558	pat	hifiasm	0.19.9	trio	hprc	3419050.0	hifiasm trio (0.19.9)
NA18974_hap1_hprc_r2_v1.0.1	153	142	97	89	1	89	flank	flank	4.941	5	44	31	3	11	1	9	1	109	0	44939.0	3	76	1	11	NA18974	hap1	hifiasm	0.19.9	hic	hprc	5315903.0	hifiasm Hi-C (0.19.8-9)
HG02738_mat_hprc_r2_v1.0.1	98	94	71	78	1	78	flank	flank	5.266	5	20	18	3	15	1	5	1	78	0	44886.0	1	30	0	10	HG02738	mat	hifiasm	0.19.7	trio	hprc	3628152.0	hifiasm trio (0.19.7)
HG02273_hap1_hprc_r2_v1.0.1	155	154	123	84	1	84	flank	flank	5.088	5	25	22	5	21	1	4	1	130	0	44889.5	2	40	2	8	HG02273	hap1	hifiasm	0.19.9	hic	hprc	6231810.0	hifiasm Hi-C (0.19.8-9)
HG01981_mat_hprc_r2_v1.0.1	125	121	84	78	1	78	flank	flank	4.095	4	40	32	1	15	2	21	1	85	0	44794.0	1	70	0	10	HG01981	mat	hifiasm	0.19.7	trio	hprc	4281473.0	hifiasm trio (0.19.7)
HG01496_mat_hprc_r2_v1.0.1	79	72	50	74	1	74	flank	flank	4.914	5	14	10	3	20	2	32	2	65	0	44895.0	1	18	0	10	HG01496	mat	hifiasm	0.19.7	trio	hprc	3087586.0	hifiasm trio (0.19.7)
NA18943_hap1_hprc_r2_v1.0.1	104	98	80	55	1	55	flank	flank	5.847	6	17	14	4	23	4	26	4	87	0	44826.0	0	22	1	11	NA18943	hap1	hifiasm	0.19.8	hic	hpp	3974466.0	hifiasm Hi-C (0.19.8-9)
HG01530_hap2_hprc_r2_v1.0.1	102	98	61	68	1	68	flank	flank	6.112	6	25	20	2	12	1	7	1	77	0	44413.0	2	39	0	11	HG01530	hap2	hifiasm	0.19.9	hic	hprc	3733592.0	hifiasm Hi-C (0.19.8-9)
HG04228_mat_hprc_r2_v1.0.1	49	48	24	159	1	159	flank	flank	5.054	5	16	10	1	13	2	6	2	33	0	45246.0	4	22	0	10	HG04228	mat	hifiasm	0.19.9	trio	hprc	1821161.0	hifiasm trio (0.19.9)
NA18952_hap2_hprc_r2_v1.0.1	101	96	80	79	1	79	flank	flank	4.259	4	24	20	2	14	0	0	0	77	0	44756.0	0	37	1	10	NA18952	hap2	hifiasm	0.19.9	hic	hprc	3204583.0	hifiasm Hi-C (0.19.8-9)
HG00320_hap1_hprc_r2_v1.0.1	156	147	104	59	1	59	flank	flank	6.525	7	31	30	2	15	2	17	2	125	0	44920.0	2	48	1	13	HG00320	hap1	hifiasm	0.19.9	hic	hprc	5954499.0	hifiasm Hi-C (0.19.8-9)
HG02391_hap2_hprc_r2_v1.0.1	210	206	175	91	1	91	flank	flank	4.969	5	28	24	7	50	0	0	0	182	0	44848.0	7	46	0	10	HG02391	hap2	hifiasm	0.19.9	hic	hprc	8413825.0	hifiasm Hi-C (0.19.8-9)
HG02514_mat_hprc_r2_v1.0.1	103	99	67	94	1	94	flank	flank	4.997	5	26	23	1	23	1	4	1	77	0	44335.0	9	42	0	10	HG02514	mat	hifiasm	0.19.9	trio	hprc	3841526.0	hifiasm trio (0.19.9)
HG00609_pat_hprc_r2_v1.0.1	103	100	56	60	1	60	flank	flank	5.031	5	38	23	2	12	0	0	0	65	0	44879.0	4	67	0	9	HG00609	pat	hifiasm	0.19.7	trio	hprc	3236333.0	hifiasm trio (0.19.7)
NA20282_hap2_hprc_r2_v1.0.1	104	102	78	110	1	110	flank	flank	4.045	4	20	18	2	18	2	8	2	84	2	44852.0	9	29	2	9	NA20282	hap2	hifiasm	0.19.9	hic	hprc	3570037.0	hifiasm Hi-C (0.19.8-9)
HG00741_mat_hprc_r2_v1.0.1	88	82	67	57	1	57	flank	flank	4.972	5	25	17	2	16	1	10	1	63	2	44865.0	2	40	0	10	HG00741	mat	hifiasm	0.19.7	trio	hprc	3059070.0	hifiasm trio (0.19.7)
NA19391_hap1_hprc_r2_v1.0.1	119	121	84	178	1	178	flank	flank	6.043	6	28	23	4	13	1	1	1	91	2	44453.0	3	45	0	11	NA19391	hap1	hifiasm	0.19.9	hic	hprc	3788162.0	hifiasm Hi-C (0.19.8-9)
HG01106_mat_hprc_r2_v1.0.1	84	82	51	113	1	113	flank	flank	5.219	5	33	23	0	7	0	0	0	51	0	44906.0	3	56	0	10	HG01106	mat	hifiasm	0.19.7	trio	hprc	2645276.0	hifiasm trio (0.19.7)
NA20346_hap2_hprc_r2_v1.0.1	209	198	147	38	1	38	flank	flank	4.022	4	51	45	4	16	2	18	2	158	2	44885.0	14	92	2	8	NA20346	hap2	hifiasm	0.19.9	hic	hprc	7023631.0	hifiasm Hi-C (0.19.8-9)
HG04184_pat_hprc_r2_v1.0.1	125	118	60	29	1	29	flank	flank	5.05	5	47	32	1	10	0	0	0	78	2	44899.0	2	84	0	10	HG04184	pat	hifiasm	0.19.7	trio	hprc	4121450.0	hifiasm trio (0.19.7)
HG04187_mat_hprc_r2_v1.0.1	149	144	105	105	1	105	flank	flank	4.978	5	55	42	2	10	0	0	0	94	0	44786.0	1	100	0	10	HG04187	mat	hifiasm	0.19.9	trio	hprc	4912027.0	hifiasm trio (0.19.9)
HG01252_mat_hprc_r2_v1.0.1	119	115	98	68	1	68	flank	flank	5.072	5	21	17	4	14	1	7	1	98	0	44900.0	1	31	1	10	HG01252	mat	hifiasm	0.19.9	trio	hprc	4777232.0	hifiasm trio (0.19.9)
HG03270_hap2_hprc_r2_v1.0.1	150	145	131	79	1	79	flank	flank	5.016	5	23	19	4	25	2	10	2	127	2	44903.0	1	35	0	11	HG03270	hap2	hifiasm	0.19.9	hic	hprc	6045689.0	hifiasm Hi-C (0.19.8-9)
HG00639_mat_hprc_r2_v1.0.1	125	120	92	126	1	126	flank	flank	4.887	5	31	25	4	13	0	0	0	94	0	44821.5	2	52	0	10	HG00639	mat	hifiasm	0.19.9	trio	hprc	4389744.0	hifiasm trio (0.19.9)
HG03927_mat_hprc_r2_v1.0.1	121	117	85	68	1	68	flank	flank	5.107	5	42	30	1	10	1	2	1	79	0	44899.0	1	74	0	10	HG03927	mat	hifiasm	0.19.7	trio	hprc	3981357.0	hifiasm trio (0.19.7)
HG00344_hap2_hprc_r2_v1.0.1	114	109	61	76	1	76	flank	flank	1.389	1	23	21	4	17	0	0	0	91	0	44872.0	4	40	0	6	HG00344	hap2	hifiasm	0.19.9	hic	hprc	4133011.0	hifiasm Hi-C (0.19.8-9)
HG03050_mat_hprc_r2_v1.0.1	63	59	53	138	1	138	flank	flank	5.277	5	17	13	2	13	2	17	2	46	0	44905.0	0	24	0	10	HG03050	mat	hifiasm	0.19.9	trio	hprc	2386647.0	hifiasm trio (0.19.9)
NA18970_hap1_hprc_r2_v1.0.1	94	91	82	72	1	72	flank	flank	3.165	3	12	11	5	19	3	26	3	82	0	44838.5	2	15	1	8	NA18970	hap1	hifiasm	0.19.8	hic	hpp	3498983.0	hifiasm Hi-C (0.19.8-9)
HG01175_mat_hprc_r2_v1.0.1	71	62	47	72	1	72	flank	flank	5.106	5	18	16	1	17	2	5	2	53	0	44394.0	0	26	0	10	HG01175	mat	hifiasm	0.19.7	trio	hprc	2601946.0	hifiasm trio (0.19.7)
NA20905_hap1_hprc_r2_v1.0.1	159	152	123	90	1	90	flank	flank	3.039	3	32	27	2	23	0	0	0	127	0	44799.0	7	54	2	8	NA20905	hap1	hifiasm	0.19.9	hic	hprc	6160165.0	hifiasm Hi-C (0.19.8-9)
HG00272_hap1_hprc_r2_v1.0.1	166	164	129	165	1	165	flank	flank	5.019	5	26	22	7	23	2	13	2	140	0	44754.0	3	39	2	11	HG00272	hap1	hifiasm	0.19.9	hic	hprc	5964273.0	hifiasm Hi-C (0.19.8-9)
HG02630_pat_hprc_r2_v1.0.1	128	122	92	59	1	59	flank	flank	4.986	5	45	33	1	11	0	0	0	83	0	44898.0	3	80	0	10	HG02630	pat	hifiasm	0.19.7	trio	hprc	3995067.0	hifiasm trio (0.19.7)
NA18982_hap2_hprc_r2_v1.0.1	175	166	126	60	1	60	flank	flank	3.256	3	32	28	4	17	2	28	2	143	2	44963.0	3	56	0	8	NA18982	hap2	hifiasm	0.19.8	hic	hpp	6641780.0	hifiasm Hi-C (0.19.8-9)
HG01261_mat_hprc_r2_v1.0.1	125	119	91	77	1	77	flank	flank	4.952	5	28	21	5	15	0	0	0	97	0	44260.0	1	46	0	10	HG01261	mat	hifiasm	0.19.7	trio	hprc	4651811.0	hifiasm trio (0.19.7)
NA18508_hap2_hprc_r2_v1.0.1	113	110	81	116	1	116	flank	flank	7.66	8	21	18	5	13	1	8	1	92	0	44318.0	4	28	0	14	NA18508	hap2	hifiasm	0.19.9	hic	hprc	3489607.0	hifiasm Hi-C (0.19.8-9)
HG03098_mat_hprc_r2_v1.0.1	80	78	60	96	1	96	flank	flank	5.079	5	28	21	0	7	1	7	1	52	0	44902.5	0	46	0	10	HG03098	mat	hifiasm	0.19.9	trio	hprc	2629958.0	hifiasm trio (0.19.9)
HG00280_hap2_hprc_r2_v1.0.1	113	110	93	63	1	63	flank	flank	2.768	3	23	21	3	18	1	7	1	90	0	44780.5	3	37	0	9	HG00280	hap2	hifiasm	0.19.9	hic	hprc	3433368.0	hifiasm Hi-C (0.19.8-9)
HG02622_pat_hprc_r2_v1.0.1	95	95	43	96	1	96	flank	flank	4.855	5	27	20	2	11	1	8	1	68	0	44491.0	14	44	0	10	HG02622	pat	hifiasm	0.19.7	trio	hprc	3171922.0	hifiasm trio (0.19.7)
HG03239_mat_hprc_r2_v1.0.1	111	102	79	134	1	134	flank	flank	5.058	5	25	21	4	15	1	4	1	86	0	44840.0	0	40	0	10	HG03239	mat	hifiasm	0.19.9	trio	hprc	4190266.0	hifiasm trio (0.19.9)
HG02132_pat_hprc_r2_v1.0.1	71	68	54	67	1	67	flank	flank	4.849	5	21	9	2	12	4	23	4	50	0	44849.0	1	30	2	10	HG02132	pat	hifiasm	0.19.7	trio	hprc	2104249.0	hifiasm trio (0.19.7)
NA19036_hap1_hprc_r2_v1.0.1	142	141	92	83	1	83	flank	flank	6.035	6	40	31	2	26	1	26	1	102	2	44270.0	3	68	2	10	NA19036	hap1	hifiasm	0.19.9	hic	hprc	5045496.0	hifiasm Hi-C (0.19.8-9)
NA18747_hap2_hprc_r2_v1.0.1	151	144	90	53	1	53	flank	flank	4.577	4	38	31	2	18	0	0	0	113	0	44847.0	11	63	4	9	NA18747	hap2	hifiasm	0.19.9	hic	hprc	5601049.0	hifiasm Hi-C (0.19.8-9)
HG03195_hap2_hprc_r2_v1.0.1	109	106	87	63	1	63	flank	flank	4.861	4	25	18	3	16	2	2	2	84	0	44252.0	1	40	0	10	HG03195	hap2	hifiasm	0.19.9	hic	hprc	4316635.0	hifiasm Hi-C (0.19.8-9)
NA20799_hap1_hprc_r2_v1.0.1	248	238	197	77	1	77	flank	flank	7.929	8	52	44	7	24	3	17	3	196	0	44938.0	4	87	4	13	NA20799	hap1	hifiasm	0.19.9	hic	hprc	9394947.0	hifiasm Hi-C (0.19.8-9)
NA19240_pat_hprc_r2_v1.0.1	130	128	98	150	1	150	flank	flank	4.986	5	28	21	4	21	0	0	0	102	0	44267.0	1	46	0	10	NA19240	pat	hifiasm	0.19.9	trio	hprc	4528821.0	hifiasm trio (0.19.9)
HG01928_mat_hprc_r2_v1.0.1	91	88	52	115	1	115	flank	flank	4.928	5	22	18	2	15	2	9	2	69	0	44849.0	2	34	0	10	HG01928	mat	hifiasm	0.19.9	trio	hprc	3399320.0	hifiasm trio (0.19.9)
NA19159_hap2_hprc_r2_v1.0.1	159	152	122	140	1	140	flank	flank	2.98	3	27	26	4	15	1	11	1	132	2	44272.5	0	42	4	8	NA19159	hap2	hifiasm	0.19.9	hic	hprc	6093903.0	hifiasm Hi-C (0.19.8-9)
HG03130_hap2_hprc_r2_v1.0.1	150	144	114	115	1	115	flank	flank	3.308	3	28	24	3	29	1	29	1	122	2	44260.0	3	47	1	8	HG03130	hap2	hifiasm	0.19.9	hic	hprc	5244191.0	hifiasm Hi-C (0.19.8-9)
NA20752_hap1_hprc_r2_v1.0.1	151	150	84	77	1	77	flank	flank	3.974	4	37	27	3	12	1	2	1	114	2	44902.5	26	66	0	8	NA20752	hap1	hifiasm	0.19.9	hic	hprc	5171828.0	hifiasm Hi-C (0.19.8-9)
HG02178_hap2_hprc_r2_v1.0.1	68	64	45	84	1	84	flank	flank	6.796	7	16	11	0	9	3	14	3	52	2	44064.5	6	17	2	13	HG02178	hap2	hifiasm	0.19.9	hic	hprc	2569955.0	hifiasm Hi-C (0.19.8-9)
HG01928_pat_hprc_r2_v1.0.1	109	102	74	100	1	100	flank	flank	4.947	5	27	24	2	11	0	0	0	82	0	44882.5	3	42	2	10	HG01928	pat	hifiasm	0.19.9	trio	hprc	3638189.0	hifiasm trio (0.19.9)
NA19240_mat_hprc_r2_v1.0.1	67	66	48	45	1	45	flank	flank	4.908	5	22	14	0	8	3	19	3	45	0	44378.0	0	34	0	10	NA19240	mat	hifiasm	0.19.9	trio	hprc	2284432.0	hifiasm trio (0.19.9)
HG02040_hap2_hprc_r2_v1.0.1	125	119	93	70	1	70	flank	flank	7.228	7	23	19	4	17	1	5	1	102	0	44883.0	1	31	2	13	HG02040	hap2	hifiasm	0.19.9	hic	hprc	4568605.0	hifiasm Hi-C (0.19.8-9)
NA20762_hap1_hprc_r2_v1.0.1	20	15	12	166	2	86	flank	gap	3.678	4	7	6	0	4	1	2	1	13	0	44814.0	0	3	3	8	NA20762	hap1	verkko	2.2.1	hic	hpp	737293.0	Verkko
HG03139_hap1_hprc_r2_v1.0.1	86	86	69	71	1	71	flank	contig_end	6.971	7	22	19	0	8	2	8	2	64	0	44272.0	4	30	3	11	HG03139	hap1	hifiasm	0.19.9	hic	hprc	3384025.0	hifiasm Hi-C (0.19.8-9)
HG02622_mat_hprc_r2_v1.0.1	147	141	107	84	1	84	flank	flank	4.988	5	45	35	2	13	0	0	0	102	0	44378.0	3	81	1	8	HG02622	mat	hifiasm	0.19.7	trio	hprc	5160706.0	hifiasm trio (0.19.7)
HG03239_pat_hprc_r2_v1.0.1	119	119	56	108	1	108	flank	flank	5.08	5	37	28	1	10	1	8	1	82	0	44689.5	12	64	0	10	HG03239	pat	hifiasm	0.19.9	trio	hprc	4017705.0	hifiasm trio (0.19.9)
HG02132_mat_hprc_r2_v1.0.1	114	109	66	105	1	105	flank	flank	5.068	5	33	27	3	14	3	23	3	81	0	44721.0	5	56	0	10	HG02132	mat	hifiasm	0.19.7	trio	hprc	4059151.0	hifiasm trio (0.19.7)
HG00639_pat_hprc_r2_v1.0.1	135	133	74	70	1	70	flank	flank	4.966	5	31	23	5	19	1	7	1	104	0	44376.5	13	52	0	10	HG00639	pat	hifiasm	0.19.9	trio	hprc	4930587.0	hifiasm trio (0.19.9)
HG03927_pat_hprc_r2_v1.0.1	81	77	48	69	1	69	flank	flank	4.934	5	27	17	1	10	1	2	1	54	2	44377.0	1	44	0	10	HG03927	pat	hifiasm	0.19.7	trio	hprc	2179619.0	hifiasm trio (0.19.7)
HG02392_hap2_hprc_r2_v1.0.1	156	146	99	100	1	100	flank	flank	4.339	4	36	32	3	16	2	8	2	120	2	44906.5	6	63	2	7	HG02392	hap2	hifiasm	0.19.9	hic	hprc	4946654.0	hifiasm Hi-C (0.19.8-9)
HG01175_pat_hprc_r2_v1.0.1	61	61	42	91	1	91	flank	flank	4.976	5	25	14	0	8	2	13	2	36	0	44954.0	5	40	0	10	HG01175	pat	hifiasm	0.19.7	trio	hprc	2105354.0	hifiasm trio (0.19.7)
HG00253_hap2_hprc_r2_v1.0.1	98	94	64	95	2	76	flank	flank	4.987	5	20	16	1	18	0	0	0	78	0	44402.5	5	30	0	10	HG00253	hap2	hifiasm	0.19.9	hic	hprc	3519716.0	hifiasm Hi-C (0.19.8-9)
HG00323_hap1_hprc_r2_v1.0.1	153	146	94	98	1	98	flank	flank	5.304	5	40	31	2	23	0	0	0	113	0	44862.0	13	69	1	10	HG00323	hap1	hifiasm	0.19.9	hic	hprc	5557141.0	hifiasm Hi-C (0.19.8-9)
HG03050_pat_hprc_r2_v1.0.1	115	108	78	47	1	47	flank	flank	4.397	4	43	31	1	11	0	0	0	72	0	44233.0	2	75	1	10	HG03050	pat	hifiasm	0.19.9	trio	hprc	3188919.0	hifiasm trio (0.19.9)
HG02630_mat_hprc_r2_v1.0.1	168	161	112	84	1	84	flank	flank	5.093	5	44	32	3	18	1	11	1	124	12	44330.0	2	78	0	10	HG02630	mat	hifiasm	0.19.7	trio	hprc	6085722.0	hifiasm trio (0.19.7)
HG01261_pat_hprc_r2_v1.0.1	111	103	71	67	1	67	flank	flank	4.62	5	26	20	2	19	2	13	2	85	0	44894.0	2	42	0	10	HG01261	pat	hifiasm	0.19.7	trio	hprc	4116026.0	hifiasm trio (0.19.7)
HG03098_pat_hprc_r2_v1.0.1	115	110	67	83	1	83	flank	flank	4.937	5	33	25	2	12	1	7	1	82	0	44265.0	1	56	0	10	HG03098	pat	hifiasm	0.19.9	trio	hprc	3986495.0	hifiasm trio (0.19.9)
HG04187_pat_hprc_r2_v1.0.1	165	161	85	107	1	107	flank	flank	5.031	5	56	42	2	14	0	0	0	109	0	44921.0	5	104	0	8	HG04187	pat	hifiasm	0.19.9	trio	hprc	5349374.0	hifiasm trio (0.19.9)
HG03369_hap1_hprc_r2_v1.0.1	210	208	173	93	1	93	flank	flank	4.007	4	34	28	7	18	0	0	0	176	0	44868.0	3	58	0	10	HG03369	hap1	hifiasm	0.19.9	hic	hprc	8207869.0	hifiasm Hi-C (0.19.8-9)
HG01252_pat_hprc_r2_v1.0.1	93	89	74	167	1	167	flank	flank	4.969	5	19	17	1	13	2	14	2	74	0	44976.5	1	28	0	10	HG01252	pat	hifiasm	0.19.9	trio	hprc	3706859.0	hifiasm trio (0.19.9)
NA18940_hap1_hprc_r2_v1.0.1	30	29	28	48	1	48	flank	flank	1.396	1	3	3	1	16	1	6	1	27	0	44887.0	0	2	0	4	NA18940	hap1	hifiasm	0.19.8	hic	hpp	1351552.0	hifiasm Hi-C (0.19.8-9)
HG06807_mat_v1	39	37	26	88	1	88	flank	flank	4.988	5	7	5	1	12	3	16	3	32	6	44244.5	2	0	4	10	HG06807	mat	verkko	2	trio	extramural		reference
NA18570_hap1_hprc_r2_v1.0.1	110	105	90	103	1	103	flank	flank	5.859	6	27	25	0	8	3	7	2	83	0	44941.0	2	39	2	13	NA18570	hap1	hifiasm	0.19.9	hic	hprc	3955155.0	hifiasm Hi-C (0.19.8-9)
HG03471_hap1_hprc_r2_v1.0.1	152	150	86	136	1	136	flank	flank	5.114	5	34	29	3	16	1	16	1	118	0	44972.5	10	53	6	9	HG03471	hap1	hifiasm	0.19.9	hic	hprc	5745219.0	hifiasm Hi-C (0.19.8-9)
NA18505_hap1_hprc_r2_v1.0.1	126	122	99	104	2	82	flank	contig_end	3.127	3	29	25	2	18	1	5	1	97	0	44799.0	3	47	2	9	NA18505	hap1	hifiasm	0.19.9	hic	hprc	4669764.0	hifiasm Hi-C (0.19.8-9)
NA20809_hap1_hprc_r2_v1.0.1	124	119	90	71	1	71	flank	flank	6.457	7	35	29	3	13	2	17	2	89	2	44831.0	3	57	0	13	NA20809	hap1	hifiasm	0.19.9	hic	hprc	4255298.0	hifiasm Hi-C (0.19.8-9)
HG02514_pat_hprc_r2_v1.0.1	94	92	59	93	1	93	flank	flank	5.254	5	21	14	3	15	1	15	1	73	0	44850.0	0	32	0	10	HG02514	pat	hifiasm	0.19.9	trio	hprc	3573629.0	hifiasm trio (0.19.9)
HG02965_hap2_hprc_r2_v1.0.1	133	130	80	75	1	75	flank	flank	7.767	8	29	24	3	13	3	18	3	104	0	44292.5	22	45	0	13	HG02965	hap2	hifiasm	0.19.9	hic	hprc	5080807.0	hifiasm Hi-C (0.19.8-9)
HG00609_mat_hprc_r2_v1.0.1	96	89	68	75	1	75	flank	flank	4.971	5	36	25	0	9	0	0	0	60	0	44914.0	0	63	0	9	HG00609	mat	hifiasm	0.19.7	trio	hprc	2994363.0	hifiasm trio (0.19.7)
HG01106_pat_hprc_r2_v1.0.1	92	85	59	128	1	128	flank	flank	4.968	5	33	24	0	7	2	8	2	59	0	44895.0	2	56	0	10	HG01106	pat	hifiasm	0.19.7	trio	hprc	3013518.0	hifiasm trio (0.19.7)
HG00741_pat_hprc_r2_v1.0.1	121	117	96	187	1	187	flank	flank	5.039	5	32	23	2	14	0	0	0	89	0	44851.0	2	54	0	10	HG00741	pat	hifiasm	0.19.7	trio	hprc	4317443.0	hifiasm trio (0.19.7)
HG04184_mat_hprc_r2_v1.0.1	139	131	86	66	1	66	flank	flank	4.945	5	49	38	0	6	0	0	0	90	0	44914.0	3	88	0	10	HG04184	mat	hifiasm	0.19.7	trio	hprc	4194902.0	hifiasm trio (0.19.7)
NA18944_hap1_hprc_r2_v1.0.1	129	126	92	83	1	83	flank	flank	6.813	7	20	20	3	25	4	42	4	109	2	44840.0	13	27	1	12	NA18944	hap1	hifiasm	0.19.8	hic	hpp	4356313.0	hifiasm Hi-C (0.19.8-9)
HG02738_pat_hprc_r2_v1.0.1	137	130	106	64	1	64	flank	flank	5.191	5	40	30	2	11	1	11	1	97	0	44844.0	5	70	0	10	HG02738	pat	hifiasm	0.19.7	trio	hprc	4441118.0	hifiasm trio (0.19.7)
NA18565_hap2_hprc_r2_v1.0.1	77	72	62	36	1	36	flank	flank	5.95	6	20	16	1	15	0	0	0	57	0	44820.0	1	31	0	9	NA18565	hap2	hifiasm	0.19.9	hic	hprc	2901830.0	hifiasm Hi-C (0.19.8-9)
NA20850_hap1_hprc_r2_v1.0.1	92	87	64	179	1	179	flank	flank	6.814	7	22	16	4	13	1	10	1	70	4	44788.0	6	34	0	10	NA20850	hap1	hifiasm	0.19.9	hic	hprc	3163553.0	hifiasm Hi-C (0.19.8-9)
HG00329_hap2_hprc_r2_v1.0.1	97	89	66	60	1	60	flank	flank	5.971	6	20	17	2	13	3	15	3	77	0	44427.0	1	29	0	11	HG00329	hap2	hifiasm	0.19.9	hic	hprc	3874288.0	hifiasm Hi-C (0.19.8-9)
HG01981_pat_hprc_r2_v1.0.1	120	118	94	105	1	105	flank	flank	5.025	5	35	26	1	17	0	0	0	85	0	44788.0	2	62	0	8	HG01981	pat	hifiasm	0.19.7	trio	hprc	4371246.0	hifiasm trio (0.19.7)
HG04228_pat_hprc_r2_v1.0.1	103	97	79	47	1	47	flank	flank	5.087	5	29	23	1	11	2	11	2	74	0	44830.0	0	48	0	10	HG04228	pat	hifiasm	0.19.9	trio	hprc	3523071.0	hifiasm trio (0.19.9)
HG01496_pat_hprc_r2_v1.0.1	134	131	95	56	1	56	flank	flank	4.839	5	33	27	3	15	1	7	1	101	0	44872.0	0	56	0	10	HG01496	pat	hifiasm	0.19.7	trio	hprc	4589200.0	hifiasm trio (0.19.7)
HG03041_mat_hprc_r2_v1.0.1	106	104	68	89	1	89	flank	flank	5.025	5	20	16	4	18	1	6	1	86	0	44234.0	0	30	0	10	HG03041	mat	hifiasm	0.19.9	trio	hprc	3946033.0	hifiasm trio (0.19.9)
HG01993_pat_hprc_r2_v1.0.1	125	120	88	85	1	85	flank	flank	5.799	2	29	23	2	15	1	15	1	96	0	44888.0	10	45	4	9	HG01993	pat	hifiasm	0.19.7	trio	hprc	4534819.0	hifiasm trio (0.19.7)
GCA_000001405.15_GRCh38_no_alt_analysis_set	8	5	5	17	1	17	gap	flank	5.604	1	4	4	0	2	0	0	0	4	0	44210.5	0	2	3	3	GRCh38	ref				extramural		reference
HG00558_mat_hprc_r2_v1.0.1	62	60	46	103	1	103	flank	flank	5.001	5	13	10	1	13	3	21	3	49	0	44919.0	1	16	0	10	HG00558	mat	hifiasm	0.19.9	trio	hprc	1991217.0	hifiasm trio (0.19.9)
HG03669_mat_hprc_r2_v1.0.1	68	64	42	91	1	91	flank	flank	4.96	5	31	18	0	5	0	0	0	37	0	44982.0	0	51	2	9	HG03669	mat	hifiasm	0.19.7	trio	hprc	2048420.0	hifiasm trio (0.19.7)
HG01243_mat_hprc_r2_v1.0.1	66	65	51	156	1	156	flank	flank	4.977	5	22	17	0	8	1	7	1	44	2	44322.0	0	34	0	10	HG01243	mat	hifiasm	0.19.9	trio	hprc	1952439.0	hifiasm trio (0.19.9)
HG00658_pat_hprc_r2_v1.0.1	106	102	61	57	1	57	flank	flank	4.229	4	36	29	0	7	0	0	0	70	0	44337.5	0	63	2	7	HG00658	pat	hifiasm	0.19.9	trio	hprc	3808421.0	hifiasm trio (0.19.9)
HG02486_mat_hprc_r2_v1.0.1	87	82	50	73	1	73	flank	flank	5.01	5	23	19	2	13	0	0	0	64	0	44454.0	1	36	0	10	HG02486	mat	hifiasm	0.19.7	trio	hprc	3127331.0	hifiasm trio (0.19.7)
HG00140_hap1_hprc_r2_v1.0.1	171	166	133	118	1	118	flank	flank	4.269	4	31	29	4	24	1	3	1	140	0	44922.0	1	53	0	9	HG00140	hap1	hifiasm	0.19.9	hic	hprc	6446504.0	hifiasm Hi-C (0.19.8-9)
HG01784_hap2_hprc_r2_v1.0.1	110	107	85	72	1	72	flank	flank	5.006	5	19	15	5	19	1	9	1	91	0	44806.0	1	26	2	10	HG01784	hap2	hifiasm	0.19.9	hic	hprc	3847669.0	hifiasm Hi-C (0.19.8-9)
HG00423_pat_hprc_r2_v1.0.1	62	57	47	157	1	157	flank	flank	4.974	5	15	11	1	10	3	9	3	47	2	44789.0	3	20	0	10	HG00423	pat	hifiasm	0.19.9	trio	hprc	2263529.0	hifiasm trio (0.19.9)
HG03486_pat_hprc_r2_v1.0.1	129	124	100	148	1	148	flank	flank	5.098	5	34	32	2	12	0	0	0	95	2	44844.0	0	58	0	10	HG03486	pat	hifiasm	0.19.9	trio	hprc	4868205.0	hifiasm trio (0.19.9)
HG01934_mat_hprc_r2_v1.0.1	114	110	62	80	1	80	flank	flank	4.965	5	40	32	0	9	0	0	0	74	0	44833.0	0	68	2	10	HG01934	mat	hifiasm	0.19.9	trio	hprc	3554388.0	hifiasm trio (0.19.9)
HG02165_hap1_hprc_r2_v1.0.1	139	129	102	75	1	75	flank	flank	3.967	4	31	27	4	14	2	15	2	108	2	44854.0	2	52	1	9	HG02165	hap1	hifiasm	0.19.9	hic	hprc	4821042.0	hifiasm Hi-C (0.19.8-9)
HG00128_hap2_hprc_r2_v1.0.1	104	105	71	127	1	127	flank	flank	3.1	3	24	20	3	18	0	0	0	80	0	44842.5	6	40	1	7	HG00128	hap2	hifiasm	0.19.9	hic	hprc	4024993.0	hifiasm Hi-C (0.19.8-9)
HG02451_mat_hprc_r2_v1.0.1	76	74	54	191	1	191	flank	flank	5.099	5	21	19	0	9	2	9	2	55	3	44279.0	0	32	0	10	HG02451	mat	hifiasm	0.19.7	trio	hprc	2314396.0	hifiasm trio (0.19.7)
HG02055_mat_hprc_r2_v1.0.1	63	62	51	105	1	105	flank	flank	5.113	5	19	14	1	11	3	9	3	44	0	44838.0	0	28	0	10	HG02055	mat	hifiasm	0.19.9	trio	hprc	2348841.0	hifiasm trio (0.19.9)
HG00126_hap1_hprc_r2_v1.0.1	172	169	126	78	1	78	flank	flank	7.088	7	35	28	5	22	1	6	1	137	2	44823.0	4	56	2	12	HG00126	hap1	hifiasm	0.19.9	hic	hprc	5672249.0	hifiasm Hi-C (0.19.8-9)
NA21110_hap2_hprc_r2_v1.0.1	118	114	89	59	1	59	flank	flank	6.274	6	25	21	2	19	1	2	0	93	0	44817.0	1	38	0	12	NA21110	hap2	hifiasm	0.19.9	hic	hprc	4529324.0	hifiasm Hi-C (0.19.8-9)
HG02735_pat_hprc_r2_v1.0.1	150	153	98	125	1	125	flank	flank	4.176	4	50	35	2	13	0	0	0	100	0	44881.0	2	90	0	10	HG02735	pat	hifiasm	0.19.9	trio	hprc	3581957.0	hifiasm trio (0.19.9)
HG03742_hap2_hprc_r2_v1.0.1	129	130	89	113	1	113	flank	flank	6.843	7	27	22	4	17	2	12	2	102	0	44915.0	10	41	0	13	HG03742	hap2	hifiasm	0.19.9	hic	hprc	4802647.0	hifiasm Hi-C (0.19.8-9)
HG02109_mat_hprc_r2_v1.0.1	117	113	90	99	1	99	flank	flank	4.89	5	32	27	0	9	1	9	1	84	2	44775.5	1	54	0	10	HG02109	mat	hifiasm	0.19.9	trio	hprc	4160421.0	hifiasm trio (0.19.9)
NA19087_hap1_hprc_r2_v1.0.1	242	237	182	49	1	49	flank	flank	3.966	4	37	32	9	22	0	0	0	205	0	44902.0	3	63	2	9	NA19087	hap1	hifiasm	0.19.9	hic	hprc	9140212.0	hifiasm Hi-C (0.19.8-9)
HG01167_hap2_hprc_r2_v1.0.1	105	98	83	94	1	94	flank	flank	2.039	2	15	11	5	19	1	19	1	90	2	44882.5	3	22	1	7	HG01167	hap2	hifiasm	0.19.9	hic	hprc	3682785.0	hifiasm Hi-C (0.19.8-9)
HG00146_hap2_hprc_r2_v1.0.1	135	131	107	69	1	69	flank	flank	8.598	9	27	25	5	15	4	12	4	108	0	44819.5	2	40	0	14	HG00146	hap2	hifiasm	0.19.9	hic	hprc	4718801.0	hifiasm Hi-C (0.19.8-9)
HG03874_hap2_hprc_r2_v1.0.1	115	108	82	107	1	107	flank	flank	4.929	5	20	17	4	13	2	23	2	95	0	44875.0	4	27	2	11	HG03874	hap2	hifiasm	0.19.9	hic	hprc	3917602.0	hifiasm Hi-C (0.19.8-9)
HG04160_mat_hprc_r2_v1.0.1	61	57	36	103	1	103	flank	flank	4.9	5	22	16	0	7	2	13	2	39	0	44800.0	1	34	0	10	HG04160	mat	hifiasm	0.19.9	trio	hprc	1869480.0	hifiasm trio (0.19.9)
NA20870_hap1_hprc_r2_v1.0.1	110	107	70	97	1	97	flank	flank	4.904	5	28	20	1	13	1	4	1	82	2	44864.5	10	45	1	10	NA20870	hap1	hifiasm	0.19.9	hic	hprc	3826296.0	hifiasm Hi-C (0.19.8-9)
HG02074_mat_hprc_r2_v1.0.1	77	71	31	57	1	57	flank	flank	5.099	3	18	16	1	13	3	17	3	58	0	44536.0	9	26	0	10	HG02074	mat	hifiasm	0.19.9	trio	hprc	2633092.0	hifiasm trio (0.19.9)
HG01192_mat_hprc_r2_v1.0.1	80	77	53	79	1	79	flank	flank	4.926	5	23	20	2	10	2	5	2	57	0	44844.0	5	34	0	12	HG01192	mat	hifiasm	0.19.7	trio	hprc	2854151.0	hifiasm trio (0.19.7)
HG00321_hap2_hprc_r2_v1.0.1	110	104	90	164	1	164	flank	flank	4.256	4	19	15	4	21	1	10	1	91	0	44849.0	4	25	4	9	HG00321	hap2	hifiasm	0.19.9	hic	hprc	4354329.0	hifiasm Hi-C (0.19.8-9)
HG01099_mat_hprc_r2_v1.0.1	72	69	41	107	1	107	flank	flank	4.941	5	28	16	1	12	1	7	1	44	0	44870.5	1	46	0	10	HG01099	mat	hifiasm	0.19.7	trio	hprc	2110968.0	hifiasm trio (0.19.7)
HG02258_mat_hprc_r2_v1.0.1	89	84	65	105	1	105	flank	flank	5.022	5	25	20	0	9	2	11	2	64	0	44654.0	2	38	2	10	HG02258	mat	hifiasm	0.19.7	trio	hprc	2854557.0	hifiasm trio (0.19.7)
NA19443_hap2_hprc_r2_v1.0.1	136	136	120	54	1	54	flank	flank	4.015	4	21	20	5	22	3	46	3	115	0	44401.0	1	34	0	8	NA19443	hap2	hifiasm	0.19.9	hic	hprc	4719925.0	hifiasm Hi-C (0.19.8-9)
NA19835_hap2_hprc_r2_v1.0.1	158	153	134	87	1	87	flank	flank	6.203	6	33	24	4	17	1	17	1	125	6	44371.0	1	53	2	11	NA19835	hap2	hifiasm	0.19.9	hic	hprc	5984367.0	hifiasm Hi-C (0.19.8-9)
NA20827_hap2_hprc_r2_v1.0.1	20	13	8	127	2	120	gap	flank	3.611	3	9	5	0	5	2	7	2	9	0	44645.0	1	0	9	9	NA20827	hap2	verkko	2.2.1	hic	hpp	878400.0	Verkko
HG00350_hap2_hprc_r2_v1.0.1	128	124	80	141	1	141	flank	flank	6.342	6	31	21	4	21	1	1	1	97	2	44646.0	2	50	0	12	HG00350	hap2	hifiasm	0.19.9	hic	hprc	4676329.0	hifiasm Hi-C (0.19.8-9)
HG04204_pat_hprc_r2_v1.0.1	123	118	77	112	2	72	contig_end	flank	5.101	5	30	23	2	22	0	0	0	93	0	44619.0	5	50	0	10	HG04204	pat	hifiasm	0.19.9	trio	hprc	4444552.0	hifiasm trio (0.19.9)
HG02004_pat_hprc_r2_v1.0.1	96	89	66	98	1	98	flank	flank	5.454	5	32	25	1	17	0	0	0	64	0	44850.0	1	56	0	8	HG02004	pat	hifiasm	0.19.7	trio	hprc	3172442.0	hifiasm trio (0.19.7)
HG01361_mat_hprc_r2_v1.0.1	123	119	78	87	1	87	flank	flank	5.367	5	31	25	2	13	1	8	1	92	0	45031.0	8	52	0	10	HG01361	mat	hifiasm	0.19.9	trio	hprc	4360491.0	hifiasm trio (0.19.9)
NA19909_hap2_hprc_r2_v1.0.1	129	127	107	169	1	169	flank	flank	6.001	6	28	24	4	15	2	17	2	101	2	44398.0	1	47	0	9	NA19909	hap2	hifiasm	0.19.9	hic	hprc	5014024.0	hifiasm Hi-C (0.19.8-9)
HG00290_hap2_hprc_r2_v1.0.1	159	156	104	90	1	90	flank	flank	4.232	4	28	23	6	19	1	2	1	131	2	44308.0	5	44	2	10	HG00290	hap2	hifiasm	0.19.9	hic	hprc	5963054.0	hifiasm Hi-C (0.19.8-9)
HG03688_mat_hprc_r2_v1.0.1	140	132	97	98	1	98	flank	flank	4.885	5	49	30	2	15	0	0	0	91	0	44775.0	4	88	0	10	HG03688	mat	hifiasm	0.19.7	trio	hprc	4415096.0	hifiasm trio (0.19.7)
NA18959_hap2_hprc_r2_v1.0.1	143	139	106	73	1	73	flank	flank	6.951	7	30	27	5	18	4	18	4	113	0	44917.0	3	40	5	15	NA18959	hap2	hifiasm	0.19.8	hic	hpp	5557897.0	hifiasm Hi-C (0.19.8-9)
HG01346_pat_hprc_r2_v1.0.1	115	108	74	39	1	39	flank	flank	4.966	5	33	26	1	15	1	4	1	82	0	44826.0	5	56	0	10	HG01346	pat	hifiasm	0.19.7	trio	hprc	4170173.0	hifiasm trio (0.19.7)
HG02976_hap2_hprc_r2_v1.0.1	167	166	129	142	1	142	flank	flank	5.899	6	35	31	4	22	0	0	0	132	0	44270.0	2	59	0	11	HG02976	hap2	hifiasm	0.19.9	hic	hprc	5478307.0	hifiasm Hi-C (0.19.8-9)
HG03521_hap2_hprc_r2_v1.0.1	173	168	125	153	1	153	flank	flank	6.379	6	31	24	6	15	1	15	1	142	0	44219.5	1	49	1	12	HG03521	hap2	hifiasm	0.19.9	hic	hprc	5999336.0	hifiasm Hi-C (0.19.8-9)
HG02583_hap1_hprc_r2_v1.0.1	151	145	135	99	1	99	flank	flank	4.882	5	23	22	6	24	2	27	2	128	0	44946.5	1	37	0	9	HG02583	hap1	hifiasm	0.19.9	hic	hprc	5324549.0	hifiasm Hi-C (0.19.8-9)
HG02717_mat_hprc_r2_v1.0.1	125	121	87	57	1	57	flank	flank	3.936	4	41	29	1	10	0	0	0	84	0	44907.5	1	73	0	9	HG02717	mat	hifiasm	0.19.9	trio	hprc	4228253.0	hifiasm trio (0.19.9)
NA18960_hap1_hprc_r2_v1.0.1	133	126	109	50	1	50	flank	flank	6.711	7	24	20	2	21	4	21	4	109	0	44822.0	6	30	4	14	NA18960	hap1	hifiasm	0.19.8	hic	hpp	5015450.0	hifiasm Hi-C (0.19.8-9)
HG02293_pat_hprc_r2_v1.0.1	106	104	84	157	2	94	flank	flank	4.406	4	41	24	1	17	1	3	1	65	0	44773.0	0	72	0	10	HG02293	pat	hifiasm	0.19.7	trio	hprc	3379128.0	hifiasm trio (0.19.7)
NA18971_hap2_hprc_r2_v1.0.1	137	132	112	61	1	61	flank	flank	3.283	3	24	21	3	17	0	0	0	113	4	44861.0	4	38	5	5	NA18971	hap2	hifiasm	0.19.9	hic	hprc	4528677.0	hifiasm Hi-C (0.19.8-9)
HG00235_hap2_hprc_r2_v1.0.1	101	95	77	73	1	73	flank	flank	5.963	6	20	16	3	13	2	7	2	81	0	44885.0	4	27	2	11	HG00235	hap2	hifiasm	0.19.9	hic	hprc	3987560.0	hifiasm Hi-C (0.19.8-9)
NA18948_hap1_hprc_r2_v1.0.1	113	110	85	74	1	74	flank	flank	3.152	3	17	14	4	22	2	16	2	96	0	44780.5	1	24	2	8	NA18948	hap1	hifiasm	0.19.8	hic	hpp	4628070.0	hifiasm Hi-C (0.19.8-9)
HG03654_pat_hprc_r2_v1.0.1	60	57	34	84	1	84	flank	flank	5.042	5	22	14	0	9	1	3	1	38	0	44810.0	1	34	0	10	HG03654	pat	hifiasm	0.19.7	trio	hprc	1991008.0	hifiasm trio (0.19.7)
NA18983_hap1_hprc_r2_v1.0.1	200	192	133	70	1	70	flank	flank	3.733	3	47	41	4	15	0	0	0	153	2	44833.0	7	81	3	10	NA18983	hap1	hifiasm	0.19.9	hic	hprc	7426692.0	hifiasm Hi-C (0.19.8-9)
HG00642_pat_hprc_r2_v1.0.1	63	59	42	48	1	48	flank	flank	4.914	4	27	18	0	6	2	11	2	36	0	44866.5	1	43	1	10	HG00642	pat	hifiasm	0.19.7	trio	hprc	1725663.0	hifiasm trio (0.19.7)
NA20503_hap2_hprc_r2_v1.0.1	22	18	2	59	2	31	gap	flank	3.192	3	13	6	0	4	0	0	0	9	0	50105.0	7	14	5	7	NA20503	hap2	verkko	2.2.1	hic	hpp	734100.0	Verkko
NA20805_hap1_hprc_r2_v1.0.1	104	97	77	76	1	76	flank	flank	4.894	5	27	22	2	11	1	4	1	77	0	44779.0	8	45	0	9	NA20805	hap1	hifiasm	0.19.9	hic	hprc	3976048.0	hifiasm Hi-C (0.19.8-9)
HG03540_pat_hprc_r2_v1.0.1	156	151	120	73	1	73	flank	flank	5.119	5	57	43	0	7	1	5	1	99	0	44303.0	0	103	1	10	HG03540	pat	hifiasm	0.19.7	trio	hprc	5073671.0	hifiasm trio (0.19.7)
HG01884_mat_hprc_r2_v1.0.1	113	103	73	95	1	95	flank	flank	5.182	5	39	33	0	8	1	2	1	74	0	44845.0	2	68	0	10	HG01884	mat	hifiasm	0.19.7	trio	hprc	3750342.0	hifiasm trio (0.19.7)
HG01960_pat_hprc_r2_v1.0.1	73	71	56	84	1	84	flank	flank	4.986	5	16	16	1	13	1	2	1	57	0	44180.0	2	23	0	9	HG01960	pat	hifiasm	0.19.9	trio	hprc	2597431.0	hifiasm trio (0.19.9)
HG04115_pat_hprc_r2_v1.0.1	100	97	65	130	1	130	flank	flank	4.99	5	27	21	2	11	0	0	0	73	0	44941.0	6	42	2	10	HG04115	pat	hifiasm	0.19.7	trio	hprc	3491225.0	hifiasm trio (0.19.7)
HG00133_hap2_hprc_r2_v1.0.1	91	84	62	154	1	154	flank	flank	5.102	5	18	16	1	14	1	4	1	73	0	44856.0	1	26	0	10	HG00133	hap2	hifiasm	0.19.9	hic	hprc	3542383.0	hifiasm Hi-C (0.19.8-9)
HG00544_pat_hprc_r2_v1.0.1	80	69	55	60	1	60	flank	flank	4.942	5	22	17	1	10	2	5	2	58	0	44943.5	1	34	0	10	HG00544	pat	hifiasm	0.19.9	trio	hprc	2790263.0	hifiasm trio (0.19.9)
HG01786_hap1_hprc_r2_v1.0.1	173	168	127	97	1	97	flank	flank	4.081	4	39	32	3	17	0	0	0	134	0	44593.5	1	66	3	9	HG01786	hap1	hifiasm	0.19.9	hic	hprc	5960600.0	hifiasm Hi-C (0.19.8-9)
HG02056_pat_hprc_r2_v1.0.1	118	114	81	70	1	70	flank	flank	4.91	5	35	27	2	11	1	6	1	83	0	44798.0	3	60	0	10	HG02056	pat	hifiasm	0.19.7	trio	hprc	4107268.0	hifiasm trio (0.19.7)
NA21309_pat_hprc_r2_v1.0.1	82	78	57	80	1	80	flank	flank	4.936	5	24	16	0	8	2	8	2	58	0	44944.0	1	38	0	10	NA21309	pat	hifiasm	0.19.9	trio	hprc	2927500.0	hifiasm trio (0.19.9)
HG02559_pat_hprc_r2_v1.0.1	87	83	65	81	1	81	flank	flank	5.027	5	26	22	1	14	2	17	2	61	0	44290.0	3	42	0	10	HG02559	pat	hifiasm	0.19.7	trio	hprc	3080340.0	hifiasm trio (0.19.7)
HG00099_hap2_hprc_r2_v1.0.1	213	201	149	99	1	99	flank	flank	7.572	8	46	35	10	13	2	19	2	167	0	44900.0	16	76	2	14	HG00099	hap2	hifiasm	0.19.9	hic	hprc	7871848.0	hifiasm Hi-C (0.19.8-9)
NA19776_hap2_hprc_r2_v1.0.1	151	145	93	66	1	66	flank	flank	4.032	4	28	24	6	15	1	15	1	123	0	44935.0	15	46	0	10	NA19776	hap2	hifiasm	0.19.9	hic	hprc	6005965.0	hifiasm Hi-C (0.19.8-9)
HG02015_mat_hprc_r2_v1.0.1	81	74	59	80	1	80	flank	flank	5.004	5	30	22	0	7	2	13	2	51	0	44867.0	0	50	0	10	HG02015	mat	hifiasm	0.19.7	trio	hprc	2611545.0	hifiasm trio (0.19.7)
HG02886_pat_hprc_r2_v1.0.1	143	139	108	86	1	86	flank	flank	3.947	4	38	30	2	19	1	12	0	105	2	44367.0	2	67	0	9	HG02886	pat	hifiasm	0.19.7	trio	hprc	5185050.0	hifiasm trio (0.19.7)
HG00097_hap1_hprc_r2_v1.0.1	172	167	117	86	1	86	flank	flank	4.909	5	41	35	5	12	2	13	2	130	2	44357.0	8	70	2	10	HG00097	hap1	hifiasm	0.19.9	hic	hprc	6065258.0	hifiasm Hi-C (0.19.8-9)
HG02071_mat_hprc_r2_v1.0.1	97	96	55	80	1	80	flank	flank	5.106	4	35	26	1	10	0	0	0	62	0	44833.5	6	60	0	10	HG02071	mat	hifiasm	0.19.9	trio	hprc	3237918.0	hifiasm trio (0.19.9)
