sample	class	step
HG00138	carrier	-1.020
HG00331	carrier	1.210
HG00383	carrier	0.880
HG00384	carrier	0.930
HG00524	carrier	-0.780
HG00531	carrier	-1.160
HG00543	carrier	-1.040
HG00554	carrier	-0.950
HG00619	carrier	-1.070
HG00621	carrier	-0.960
HG00651	carrier	-1.980
HG00652	carrier	-2.020
HG00656	carrier	-1.080
HG00658	carrier	-1.030
HG00740	carrier	-1.110
HG01047	carrier	-1.120
HG01083	carrier	-0.880
HG01085	carrier	-1.060
HG01088	carrier	1.240
HG01089	carrier	1.070
HG01107	carrier	0.830
HG01113	carrier	1.010
HG01136	carrier	0.830
HG01171	carrier	1.000
HG01172	carrier	1.120
HG01173	carrier	-1.090
HG01204	carrier	-2.040
HG01206	carrier	-2.030
HG01248	carrier	0.750
HG01271	carrier	0.730
HG01305	carrier	1.160
HG01405	carrier	0.840
HG01437	carrier	-0.960
HG01440	carrier	-1.250
HG01517	carrier	0.720
HG01523	carrier	0.840
HG01625	carrier	0.780
HG01671	carrier	0.720
HG01684	carrier	0.760
HG01765	carrier	0.800
HG01771	carrier	1.100
HG01786	carrier	0.850
HG01790	carrier	1.010
HG01844	carrier	-1.140
HG01883	carrier	-1.040
HG01889	carrier	-1.110
HG01891	carrier	-1.100
HG01917	carrier	0.900
HG01920	carrier	1.170
HG01938	carrier	-1.040
HG01942	carrier	1.150
HG01943	carrier	1.180
HG01959	carrier	0.720
HG01983	carrier	-0.850
HG01984	carrier	-0.900
HG01986	carrier	0.910
HG02051	carrier	0.780
HG02052	carrier	0.780
HG02073	carrier	-1.020
HG02164	carrier	1.090
HG02187	carrier	-0.890
HG02215	carrier	0.750
HG02253	carrier	-0.850
HG02256	carrier	-1.200
HG02278	carrier	1.900
HG02279	carrier	1.980
HG02408	carrier	-1.060
HG02465	carrier	-0.940
HG02485	carrier	-1.060
HG02508	carrier	-1.000
HG02511	carrier	0.710
HG02610	carrier	-0.870
HG02623	carrier	-1.130
HG02625	carrier	-0.800
HG02649	carrier	-0.850
HG02650	carrier	-1.070
HG02660	carrier	-0.930
HG02688	carrier	-1.840
HG02689	carrier	-1.000
HG02696	carrier	-1.020
HG02733	carrier	-1.050
HG02756	carrier	-0.960
HG02759	carrier	-1.130
HG02772	carrier	-0.990
HG02773	carrier	-0.970
HG02818	carrier	-0.730
HG02869	carrier	-0.920
HG02895	carrier	-1.070
HG02941	carrier	-1.000
HG02944	carrier	0.780
HG02971	carrier	0.830
HG02972	carrier	0.720
HG03022	carrier	-1.080
HG03082	carrier	-1.070
HG03091	carrier	-0.850
HG03157	carrier	-0.910
HG03224	carrier	-1.020
HG03296	carrier	0.880
HG03391	carrier	-0.920
HG03432	carrier	-1.200
HG03439	carrier	1.170
HG03499	carrier	-0.920
HG03521	carrier	-0.830
HG03522	carrier	-0.940
HG03557	carrier	-0.730
HG03593	carrier	2.790
HG03611	carrier	-0.790
HG03644	carrier	-1.070
HG03682	carrier	1.110
HG03685	carrier	-1.110
HG03699	carrier	-0.920
HG03701	carrier	-0.980
HG03717	carrier	-0.900
HG03733	carrier	0.810
HG03736	carrier	-0.950
HG03854	carrier	-0.980
HG03862	carrier	-0.970
HG03899	carrier	0.790
HG03925	carrier	1.020
HG03941	carrier	0.850
HG03942	carrier	0.870
HG03945	carrier	-0.910
HG04014	carrier	-1.210
HG04042	carrier	0.960
HG04060	carrier	-0.880
HG04070	carrier	1.180
HG04093	carrier	-0.920
HG04150	carrier	0.990
HG04151	carrier	1.080
HG04202	carrier	-0.840
NA06997	carrier	-0.810
NA07045	carrier	-0.950
NA10836	carrier	0.800
NA10859	carrier	0.780
NA11881	carrier	1.220
NA11930	carrier	-0.960
NA12058	carrier	0.740
NA12274	carrier	0.930
NA12287	carrier	1.040
NA12399	carrier	1.790
NA12801	carrier	-1.820
NA12812	carrier	-1.040
NA12813	carrier	-0.830
NA18497	carrier	0.710
NA18501	carrier	-0.850
NA18532	carrier	-0.970
NA18546	carrier	-0.960
NA18635	carrier	-0.960
NA18745	carrier	0.870
NA18868	carrier	-1.970
NA18878	carrier	-0.800
NA18951	carrier	0.990
NA19004	carrier	0.860
NA19078	carrier	-0.970
NA19150	carrier	0.780
NA19346	carrier	-1.030
NA19355	carrier	-0.900
NA19378	carrier	-0.940
NA19390	carrier	-1.200
NA19467	carrier	-0.910
NA19660	carrier	3.930
NA19661	carrier	0.840
NA19662	carrier	4.050
NA19728	carrier	-0.960
NA19730	carrier	-0.850
NA19761	carrier	-0.910
NA19763	carrier	-0.840
NA19770	carrier	1.110
NA19785	carrier	-0.720
NA19787	carrier	-0.920
NA19789	carrier	-0.860
NA19917	carrier	-1.100
NA19918	carrier	-1.170
NA19982	carrier	-1.130
NA20274	carrier	-0.870
NA20289	carrier	-0.960
NA20359	carrier	0.930
NA20518	carrier	-1.090
NA20582	carrier	-0.760
NA20754	carrier	0.830
NA20757	carrier	1.830
NA20770	carrier	-0.900
NA20778	carrier	1.110
NA20786	carrier	0.800
NA20819	carrier	-0.900
NA20826	carrier	0.790
NA20864	carrier	-0.860
NA20891	carrier	-1.080
NA20899	carrier	-1.060
NA20900	carrier	-1.180
NA20911	carrier	-1.030
NA21112	carrier	-1.040
NA21113	carrier	-0.930
HG00116	between	-0.320
HG00127	between	0.480
HG00129	between	-0.390
HG00131	between	0.480
HG00142	between	0.640
HG00146	between	0.520
HG00171	between	0.400
HG00187	between	-0.330
HG00232	between	0.610
HG00234	between	-0.330
HG00236	between	-0.430
HG00237	between	-0.380
HG00240	between	0.570
HG00255	between	0.310
HG00284	between	0.640
HG00306	between	-0.350
HG00320	between	0.610
HG00342	between	-0.400
HG00343	between	-0.350
HG00346	between	-0.410
HG00360	between	-0.340
HG00367	between	-0.350
HG00368	between	-0.530
HG00410	between	-0.320
HG00418	between	0.450
HG00427	between	-0.310
HG00437	between	-0.340
HG00442	between	-0.340
HG00447	between	0.350
HG00448	between	-0.480
HG00453	between	-0.480
HG00472	between	-0.340
HG00629	between	-0.320
HG00635	between	-0.380
HG00637	between	0.660
HG00671	between	-0.340
HG00673	between	-0.670
HG00683	between	-0.420
HG00684	between	-0.450
HG00690	between	-0.320
HG00735	between	-0.330
HG01048	between	0.560
HG01052	between	0.530
HG01054	between	-0.600
HG01056	between	-0.630
HG01060	between	0.460
HG01064	between	0.440
HG01100	between	0.320
HG01110	between	-0.330
HG01111	between	0.620
HG01126	between	0.520
HG01197	between	0.470
HG01205	between	0.550
HG01241	between	-0.370
HG01254	between	-0.360
HG01259	between	0.640
HG01269	between	-0.350
HG01273	between	0.390
HG01280	between	-0.370
HG01323	between	0.310
HG01350	between	0.320
HG01359	between	0.370
HG01366	between	0.330
HG01367	between	-0.350
HG01395	between	0.520
HG01413	between	0.570
HG01414	between	0.490
HG01444	between	0.700
HG01456	between	0.330
HG01461	between	0.530
HG01463	between	0.570
HG01486	between	0.630
HG01488	between	-0.370
HG01495	between	1.390
HG01498	between	-0.320
HG01499	between	0.420
HG01501	between	0.500
HG01512	between	-0.610
HG01514	between	-0.470
HG01521	between	0.660
HG01522	between	0.600
HG01532	between	0.380
HG01537	between	0.370
HG01577	between	-0.450
HG01604	between	0.480
HG01607	between	1.430
HG01609	between	0.530
HG01610	between	0.540
HG01611	between	0.350
HG01672	between	0.490
HG01679	between	-0.340
HG01680	between	0.420
HG01695	between	0.550
HG01696	between	0.570
HG01700	between	-0.540
HG01702	between	0.350
HG01746	between	-0.370
HG01761	between	0.600
HG01770	between	0.550
HG01772	between	1.560
HG01773	between	0.450
HG01796	between	-0.390
HG01802	between	-0.380
HG01806	between	-0.530
HG01815	between	-0.470
HG01850	between	0.460
HG01852	between	-0.550
HG01873	between	0.310
HG01890	between	-0.380
HG01892	between	0.340
HG01893	between	-0.320
HG01926	between	-0.380
HG01961	between	1.310
HG01967	between	0.700
HG01974	between	-0.370
HG01977	between	0.310
HG01981	between	-0.490
HG01997	between	-0.420
HG02023	between	-0.310
HG02030	between	-0.470
HG02031	between	-0.430
HG02040	between	-0.520
HG02047	between	-0.310
HG02055	between	0.320
HG02058	between	-0.420
HG02060	between	-0.310
HG02064	between	-0.340
HG02075	between	-0.350
HG02086	between	0.440
HG02087	between	-0.370
HG02091	between	0.330
HG02120	between	0.440
HG02147	between	0.420
HG02150	between	0.610
HG02219	between	0.650
HG02236	between	0.320
HG02237	between	0.650
HG02252	between	-0.640
HG02258	between	-0.350
HG02280	between	-0.400
HG02283	between	-0.380
HG02315	between	-0.480
HG02317	between	-0.310
HG02330	between	-0.420
HG02334	between	-1.310
HG02345	between	-0.670
HG02353	between	-0.360
HG02382	between	-0.320
HG02383	between	-0.570
HG02396	between	0.520
HG02420	between	-0.400
HG02425	between	-0.350
HG02449	between	-0.310
HG02495	between	-0.370
HG02523	between	-0.340
HG02595	between	0.380
HG02634	between	-0.320
HG02702	between	-0.340
HG02757	between	-0.340
HG02808	between	0.440
HG02816	between	-0.650
HG02924	between	-0.380
HG02947	between	0.440
HG03060	between	0.650
HG03072	between	-0.320
HG03098	between	0.360
HG03129	between	-0.340
HG03132	between	-0.700
HG03134	between	-0.570
HG03191	between	0.430
HG03294	between	0.530
HG03452	between	0.360
HG03487	between	-0.330
HG03598	between	0.600
HG03653	between	0.570
HG03654	between	0.530
HG03713	between	-0.590
HG03721	between	0.330
HG03731	between	1.570
HG03738	between	-0.350
HG03744	between	0.670
HG03795	between	-0.490
HG03846	between	-0.470
HG03851	between	0.590
HG03856	between	0.670
HG03857	between	0.640
HG03914	between	-0.510
HG03916	between	0.660
HG03917	between	0.660
HG03929	between	0.310
HG03943	between	0.570
HG03947	between	0.480
HG03960	between	0.510
HG03977	between	0.470
HG03989	between	0.620
HG04036	between	0.610
HG04127	between	0.660
HG04229	between	0.670
NA06985	between	0.320
NA07051	between	0.400
NA10840	between	0.330
NA10843	between	0.380
NA10864	between	0.420
NA11839	between	0.430
NA11891	between	-1.330
NA11892	between	0.360
NA12248	between	0.600
NA12283	between	0.340
NA12344	between	-0.320
NA12400	between	0.340
NA12546	between	0.540
NA12717	between	-0.490
NA12776	between	0.380
NA12777	between	0.460
NA12864	between	0.310
NA18519	between	-0.490
NA18859	between	-0.380
NA18870	between	-0.310
NA18908	between	0.330
NA18954	between	1.520
NA18984	between	-0.340
NA18985	between	0.350
NA19041	between	-0.380
NA19054	between	0.410
NA19080	between	1.400
NA19350	between	-0.330
NA19473	between	0.580
NA19625	between	-0.360
NA19675	between	0.380
NA19685	between	0.610
NA19732	between	0.540
NA19735	between	0.410
NA19750	between	0.690
NA19751	between	0.660
NA19908	between	0.390
NA19924	between	0.380
NA20320	between	-0.320
NA20504	between	0.630
NA20514	between	0.640
NA20517	between	-0.610
NA20539	between	-0.350
NA20589	between	0.570
NA20752	between	0.690
NA20753	between	0.550
NA20758	between	0.430
NA20783	between	-0.320
NA20805	between	0.590
NA20808	between	-0.310
NA20813	between	0.680
NA20821	between	0.630
NA20832	between	0.310
NA20846	between	0.380
NA20867	between	2.490
NA20872	between	-0.310
NA20874	between	0.310
NA20882	between	-0.610
NA20903	between	0.420
HG02433	zero	-0.090
NA19463	zero	0.080
NA19056	zero	0.090
HG01516	zero	0.090
HG03636	zero	-0.040
NA19717	zero	0.030
NA12740	zero	-0.010
NA20318	zero	-0.050
NA19334	zero	0.030
HG00638	zero	0.230
NA19724	zero	0.130
HG00179	zero	0.030
NA12329	zero	0.260
HG02628	zero	-0.260
NA19089	zero	0.140
HG02392	zero	-0.050
HG02017	zero	-0.010
NA12342	zero	0.270
NA19024	zero	0.060
NA19084	zero	0.090
NA12763	zero	-0.070
HG03807	zero	0.010
NA20588	zero	-0.150
HG01699	zero	-0.050
HG02374	zero	-0.030
NA20530	zero	0.060
HG01706	zero	0.060
NA18930	zero	0.220
HG03774	zero	0.160
HG00190	zero	0.280
NA21143	zero	0.110
HG00628	zero	-0.030
HG01795	zero	0.020
NA19454	zero	-0.090
HG00444	zero	-0.180
HG02983	zero	-0.130
HG00336	zero	-0.030
HG02692	zero	0.140
NA12489	zero	0.120
NA19650	zero	0.010
HG03760	zero	0.200
HG04062	zero	0.140
HG03798	zero	0.150
NA19310	zero	-0.070
HG04217	zero	0.150
HG01551	zero	0.280
HG03604	zero	0.000
HG01169	zero	0.000
HG00366	zero	-0.070
HG01572	zero	-0.220
NA18553	zero	0.130
HG02233	zero	-0.170
HG02614	zero	-0.100
HG04161	zero	0.180
NA20339	zero	0.090
HG04001	zero	-0.260
NA18626	zero	0.030
HG03750	zero	0.160
NA19238	zero	0.060
HG03455	zero	-0.030
NA18986	zero	-0.010
NA19394	zero	0.120
HG03886	zero	0.000
NA19385	zero	0.020
HG02379	zero	0.200
HG03297	zero	-0.160
HG00324	zero	0.120
HG02784	zero	-0.040
NA19725	zero	0.110
NA21142	zero	0.080
HG01817	zero	0.060
HG03193	zero	-0.030
NA19028	zero	0.050
NA19221	zero	0.100
NA19204	zero	0.070
HG01255	zero	-0.200
NA20881	zero	-0.020
HG02155	zero	-0.040
NA20520	zero	0.000
NA19236	zero	-0.130
HG02680	zero	0.050
HG02813	zero	0.160
HG01468	zero	0.050
HG00625	zero	-0.030
NA12878	zero	-0.050
NA20587	zero	0.000
NA18485	zero	0.120
HG01097	zero	-0.200
HG03370	zero	-0.290
HG00642	zero	-0.110
HG03905	zero	-0.140
HG01701	zero	0.190
HG00260	zero	0.040
HG02890	zero	0.150
HG04063	zero	0.000
HG03940	zero	-0.060
HG01393	zero	-0.230
HG00452	zero	0.120
NA19722	zero	0.050
NA19786	zero	0.040
HG00459	zero	-0.140
HG03694	zero	-0.050
NA19403	zero	0.060
HG03239	zero	-0.060
HG02780	zero	-0.160
NA18619	zero	-0.010
HG02402	zero	0.260
HG00369	zero	-0.090
HG03057	zero	-0.060
HG00132	zero	-0.150
HG00743	zero	-0.110
HG01302	zero	0.060
NA19680	zero	0.220
NA18992	zero	0.170
HG00337	zero	0.030
HG02069	zero	-0.010
HG03887	zero	-0.050
HG02881	zero	-0.160
NA19760	zero	0.060
HG02655	zero	0.070
HG01776	zero	0.060
HG00438	zero	-0.200
HG03309	zero	0.030
HG03088	zero	0.170
HG03559	zero	0.050
HG01597	zero	-0.070
HG03690	zero	-0.070
NA11918	zero	-0.240
NA18909	zero	-0.010
HG03752	zero	-0.040
NA20787	zero	-0.130
NA19653	zero	0.190
NA19132	zero	-0.270
HG01247	zero	-0.250
NA19921	zero	-0.160
NA18625	zero	0.070
HG02704	zero	0.090
HG04133	zero	0.100
NA20528	zero	-0.110
HG02429	zero	0.130
HG04174	zero	0.180
HG02615	zero	0.050
NA18913	zero	-0.140
HG03016	zero	-0.130
NA19077	zero	0.150
HG03306	zero	0.000
HG00159	zero	0.030
NA19327	zero	-0.300
HG03099	zero	0.130
HG03689	zero	0.150
