sample	group	haplotypes	assembly_total	assembly_core	assembly_mean	reads_cn	reads_step	reads_core	reads_mean	diff_core	diff_mean	block_concordance	n_copies	n_partial	n_truncated	n_distal_start	resolved	phasing_split	unit_vs_blocks	flagged_chromosomes	partial_extents	truncated_extents	rhie	copies	bulk	bulk_equal	partial	variants	scale_f	tilt	scale_uncertain	call_gap	status	off	off_z	fractional	call_concordance	call_sub_blocks	call_equal	assembly_partial_found	assembly_partial_off_kb
HG00097	ten	hap1=5 + hap2=5	10	10.0	9.9	9.99	-0.01	9.9525	9.8653	-0.0475	-0.0347	1.0	10	0	0	2	True	0						10	10	True	none	-1:0-22kb;-1:196-216kb	1.0	0.01	False	NA	settled	-0.01	-0.09	none	0.9487	78	74		NA
HG00146	partial copy	hap1=2 + hap2=8	10	11.0	10.8	10.46	0.46	10.6628	10.5044	-0.3372	-0.2956	0.8	12	1	1	0	False	6	hap2: 8 over the unit, 9 over most core blocks		hap2 3-316 kb	hap1 66-117 kb (0.05 Mb contig)		10	11	True	+1:0-316kb	+1:0-197kb;-1:197-216kb;+1:216-316kb	0.985	0.0	False	NA	settled	-0.18	-1.34	none	0.7949	78	62	1 of 1	0
HG00232	partial copy	hap1=5 + hap2=5	10	11.0	10.675	10.59	0.59	10.7318	10.619	-0.2682	-0.056	0.95	11	1	0	2	True	0	hap1: 5 over the unit, 6 over most core blocks		hap1 3-316 kb			10	11	True	+1:23-316kb	-1:11-16kb;+1:23-196kb;+1:216-316kb	0.995	-0.03	False	NA	settled	-0.04	-0.33	none	0.8974	78	70	1 of 1	0
HG00320	partial copy	hap1=6 + hap2=4	10	11.0	10.625	10.66	0.66	11.0164	10.5037	0.0164	-0.1213	0.85	12	1	1	1	False	2	hap1: 6 over the unit, 7 over most core blocks		hap1 187-400 kb	hap2 368-400 kb (0.18 Mb contig)	partially assembled among rDNA; the partial DJ holds one arm of the palindrome, flank intact to the rDNA	10	11	True	+1:185-400kb	+1:185-400kb	0.995	0.04	False	NA	settled	-0.02	-0.15	none	0.8846	78	69	1 of 1	2
HG00438	ten	mat=5 + pat=5	10	10.0	9.95	9.78	-0.22	9.8021	9.7418	-0.1979	-0.2082	0.95	10	0	0	0	True	0						10	10	True	none	-2:0-14kb	0.98	-0.01	False	NA	settled	-0.2	-1.5	none	0.9359	78	73		NA
HG00621	carrier	mat=5 + pat=4	9	9.0	8.85	8.93	-1.07	8.9169	8.893	-0.0831	0.043	1.0	9	0	0	0	True	1					DJ lost entirely (paternal), with the HSat3 distal to it and the start of the rDNA array	9	9	True	none	-1:246-300kb	1.005	0.03	False	NA	settled	0.05	0.45	none	0.9615	78	75		NA
HG00642	ten	mat=5 + pat=5	10	10.0	9.8	9.88	-0.12	9.8818	9.8722	-0.1182	0.0722	0.6	12	2	3	1	False	0			mat 22-155 kb; pat 3-134 kb	mat 122-400 kb (0.29 Mb contig); pat 113-400 kb (0.40 Mb contig); pat 111-400 kb (0.32 Mb contig)		10	10	True	none	-1:0-20kb	0.995	-0.03	False	NA	settled	-0.04	-0.28	none	0.6154	78	48	0 of 2	NA
HG00658	carrier	mat=5 + pat=4	9	9.0	9.225	8.95	-1.05	8.9935	8.9151	-0.0065	-0.3099	0.8	11	0	3	0	False	1				pat 317-400 kb (0.17 Mb contig); pat 3-343 kb (3.65 Mb contig); pat 319-400 kb (0.23 Mb contig)		9	9	True	none	-1:0-16kb	0.995	0.0	False	NA	settled	-0.06	-0.45	none	0.7051	78	55		NA
HG00673	fractional	mat=5 + pat=4	9	9.0	8.6	9.34	-0.66	9.4857	9.2471	0.4857	0.6471	0.15	9	1	0	0	True	1			pat 122-400 kb			10	10	False	-1:0-121kb	-1:0-121kb;-1:191-216kb	0.955	-0.02	False	10.3	fractional	-0.4	-3.04	none	0.0128	78	1	1 of 1	1
HG00735	ten	mat=5 + pat=5	10	10.0	9.85	9.68	-0.32	9.7064	9.6354	-0.2936	-0.2146	0.95	10	0	0	0	True	0						10	10	True	none	-2:0-14kb;-1:194-217kb	0.975	-0.04	False	23.6	settled	-0.27	-2.01	none	0.8974	78	70		NA
HG01255	ten	mat=5 + pat=5	10	10.0	9.875	9.86	-0.14	9.9883	9.7325	-0.0117	-0.1425	0.9	10	0	0	1	True	0						10	10	True	none	-1:0-22kb;-1:196-217kb	0.985	0.03	False	NA	settled	-0.17	-1.25	none	0.9231	78	72		NA
HG01786	partial copy	hap1=4 + hap2=6	10	11.0	10.625	10.79	0.79	11.0651	10.8598	0.0651	0.2348	0.85	11	1	0	2	True	2	hap2: 6 over the unit, 7 over most core blocks		hap2 3-316 kb			10	11	True	+1:23-315kb	+1:23-195kb;+1:215-315kb	1.015	-0.03	False	7.0	settled	0.13	0.97	none	0.8846	78	69	1 of 1	1
HG01891	carrier	mat=4 + pat=5	9	9.0	8.925	8.86	-1.14	8.8391	8.8039	-0.1609	-0.1211	1.0	9	0	0	2	True	1					DJ lost entirely (maternal), with part of the HSat3; a rare rDNA inversion at the start of the array	9	9	True	none	-1:0-14kb;-1:204-216kb	0.99	0.01	False	NA	settled	-0.14	-1.14	none	0.9359	78	73		NA
HG01943	partial copy	mat=5 + pat=4	9	10.0	9.95	11.09	1.09	10.6412	11.1787	0.6412	1.2287	0.2	16	0	10	0	False	1				mat 3-244 kb (0.43 Mb contig); mat 3-214 kb (2.88 Mb contig); mat 327-400 kb (0.10 Mb contig); pat 247-400 kb (0.25 Mb contig); pat 135-238 kb (0.08 Mb contig); pat 318-400 kb (0.11 Mb contig); pat 3-85 kb (0.09 Mb contig); pat 3-264 kb (1.06 Mb contig); pat 247-400 kb (0.23 Mb contig); pat 133-235 kb (0.08 Mb contig)		10	12	False	+2:0-261kb	+2:0-198kb;-1:198-216kb;+2:216-261kb	1.005	0.12	False	NA	settled	0.08	0.59	none	0.2692	78	21		NA
HG01981	ten	mat=5 + pat=5	10	9.5	9.625	9.35	-0.65	9.5278	9.5077	0.0278	-0.1173	0.85	10	1	1	0	False	0			mat 3-277 kb	pat 3-328 kb (3.22 Mb contig)	9.1-9.4 copies; a partial loss of the DJ flank	10	10	True	none	+1:0-17kb;-1:282-376kb	0.97	-0.02	False	21.4	settled	-0.32	-2.43	none	0.7564	78	59	0 of 1	NA
HG02040	uncertain	hap1=3 + hap2=7	10	10.0	10.325	9.41	-0.59	9.4289	9.4381	-0.5711	-0.8869	0.3	14	0	7	0	False	4	hap2: 7 over the unit, 8 over most core blocks			hap1 3-300 kb (2.48 Mb contig); hap1 3-150 kb (4.51 Mb contig); hap1 100-146 kb (0.05 Mb contig); hap2 129-399 kb (0.51 Mb contig); hap2 3-150 kb (0.42 Mb contig); hap2 248-400 kb (0.42 Mb contig); hap2 127-400 kb (0.59 Mb contig)		9	9	False	none	none	1.05	-0.02	True	1.2	uncertain	0.46	3.67	none	0.0513	78	4		NA
HG02155	ten	hap1=6 + hap2=4	10	10.0	9.9	10.0	0.0	9.9576	9.941	-0.0424	0.041	1.0	10	0	0	1	True	2						10	10	True	none	-2:0-15kb;-1:15-22kb	1.005	-0.02	False	NA	settled	0.03	0.23	none	0.9103	78	71		NA
HG02258	fractional	mat=5 + pat=5	10	10.0	9.75	9.69	-0.31	9.681	9.4864	-0.319	-0.2636	0.8	10	0	0	3	True	0						10	10	True	none	-2:0-29kb;-1:208-216kb	0.97	-0.02	False	7.3	fractional	-0.2	-1.52	-0.44:328-400kb	0.859	78	67		NA
HG02280	ten	mat=5 + pat=5	10	10.0	9.85	9.58	-0.42	9.583	9.5407	-0.417	-0.3093	0.6	10	0	0	0	True	0						10	10	True	none	none	0.955	0.01	False	3.6	settled	-0.39	-2.91	none	0.8333	78	65		NA
HG02392	ten	hap1=6 + hap2=4	10	10.0	10.175	9.94	-0.06	9.9039	9.8072	-0.0961	-0.3678	0.8	11	0	1	1	False	2				hap2 3-103 kb (4.61 Mb contig)		10	10	True	none	-2:12-26kb	0.995	-0.01	False	NA	settled	-0.04	-0.3	none	0.7179	78	56		NA
HG02523	partial copy	mat=5 + pat=5	10	10.0	9.1	9.68	-0.32	9.7885	9.547	-0.2115	0.447	0.7	10	1	2	0	False	0			mat 122-400 kb	pat 86-400 kb (0.36 Mb contig); pat 109-400 kb (0.37 Mb contig)		10	10	True	-1:0-123kb	-1:0-123kb;-1:196-216kb	0.99	0.0	False	NA	settled	-0.08	-0.57	none	0.7179	78	56	1 of 1	1
HG02615	ten	mat=5 + pat=5	10	10.0	9.875	10.01	0.01	10.0224	9.9723	0.0224	0.0973	0.95	10	0	0	0	True	0						10	10	True	none	-3:0-14kb	1.005	0.0	False	NA	settled	0.02	0.12	none	0.8974	78	70		NA
HG03239	ten	mat=5 + pat=5	10	10.0	10.025	9.87	-0.13	9.8947	9.9013	-0.1053	-0.1237	0.95	10	0	0	0	True	0						10	10	True	none	+1:0-19kb	0.985	0.02	False	NA	settled	-0.11	-0.82	none	0.9359	78	73		NA
HG03521	carrier	hap1=2 + hap2=7	9	9.0	8.975	9.11	-0.89	9.12	9.1104	0.12	0.1354	0.9	9	0	0	0	True	5						9	9	True	none	+1:0-16kb;-1:194-217kb	1.015	-0.01	False	NA	settled	0.1	0.78	none	0.9231	78	72		NA
HG03654	partial copy	mat=5 + pat=5	10	10.75	10.6	10.45	0.45	10.661	10.5996	-0.089	-0.0004	0.8	11	1	0	2	True	0	mat: 5 over the unit, 6 over most core blocks		mat 3-287 kb		a duplicated block starting with a smaller portion of the DJ flank, down to the ACRO repeat	10	11	True	+1:22-291kb	-1:0-15kb;+1:22-291kb	0.995	0.01	False	NA	settled	-0.06	-0.48	none	0.8718	78	68	1 of 1	4
HG03942	partial copy	mat=5 + pat=5	10	11.0	10.725	10.8	0.8	10.9837	10.869	-0.0163	0.144	0.9	11	1	0	0	True	0	pat: 5 over the unit, 6 over most core blocks		pat 3-316 kb			10	11	True	+1:0-316kb	+1:0-197kb;+1:216-316kb	1.015	0.0	False	10.1	settled	0.15	1.12	none	0.8974	78	70	1 of 1	0
NA20752	partial copy	hap1=4 + hap2=6	10	11.0	10.6	10.62	0.62	10.7829	10.6215	-0.2171	0.0215	0.9	11	1	0	0	True	2	hap2: 6 over the unit, 7 over most core blocks		hap2 3-316 kb		a duplicated DJ (with NA20805), the second copy partial, breakpoint inside the flank	10	11	True	+1:0-313kb	+1:0-197kb;-2:197-216kb;+1:216-313kb	1.0	0.02	False	NA	settled	-0.05	-0.39	none	0.9103	78	71	1 of 1	3
NA20805	partial copy	hap1=5 + hap2=5	10	11.0	10.65	10.58	0.58	10.7783	10.5864	-0.2217	-0.0636	0.95	11	1	0	1	True	0	hap2: 5 over the unit, 6 over most core blocks		hap2 3-316 kb		a duplicated DJ (with NA20752), the second copy partial, breakpoint inside the flank	10	11	True	+1:16-316kb	+2:0-16kb;+1:16-197kb;-2:197-216kb;+1:216-316kb	0.99	0.01	False	NA	settled	-0.06	-0.46	none	0.8846	78	69	1 of 1	0
