sample	haplotype	contig	contig_len	q_start	q_end	dj_start	dj_end	covered_core_bp	to_contig_start	to_contig_end	strands	blocks	class
HG00097	hap1	HG00097#1#CM094072.1	42900804	2358920	2736399	3272	400000	289869	2358920	40164405	+	0.84,0.41,0.39,0.70,0.57,0.97,0.88,0.78,0.30,0.53,0.00,0.75,0.85,0.68,1.00,0.99,0.99,1.00,0.87,1.00	complete
HG00097	hap1	HG00097#1#CM094073.1	49121287	2958606	3357030	3272	400000	305179	2958606	45764257	+	0.84,0.41,0.39,0.70,0.56,0.97,0.88,0.78,0.30,0.76,0.59,0.83,0.80,0.67,0.92,0.99,0.99,1.00,0.87,1.00	complete
HG00097	hap1	HG00097#1#JBIRDD010000025.1	509056	24828	401601	3272	400000	307159	24828	107455	+	0.84,0.41,0.39,0.70,0.57,0.99,0.88,0.78,0.30,0.77,0.59,0.83,0.80,0.67,1.00,0.99,0.99,1.00,0.86,1.00	complete
HG00097	hap1	HG00097#1#JBIRDD010000051.1	3041228	2628670	3005350	3272	400000	307032	2628670	35878	+	0.84,0.41,0.39,0.70,0.56,0.97,0.88,0.78,0.30,0.77,0.59,0.83,0.80,0.67,1.00,0.99,0.99,1.00,0.87,1.00	complete
HG00097	hap1	HG00097#1#JBIRDD010000054.1	2985394	2056542	2672532	3272	400000	308185	2056542	312862	+-	0.84,0.41,0.39,0.70,0.57,0.99,0.88,0.78,0.30,0.76,0.59,0.96,0.80,0.67,0.92,0.99,0.99,1.00,0.87,1.00	complete
HG00097	hap2	HG00097#2#CM094087.1	44519255	2663559	3302151	3272	400000	305844	2663559	41217104	+-	0.84,0.41,0.39,0.70,0.57,0.97,0.88,0.80,0.30,0.77,0.59,0.83,0.80,0.67,0.92,0.99,0.99,1.00,0.87,1.00	complete
HG00097	hap2	HG00097#2#CM094088.1	49215166	3301379	3699241	3272	400000	302544	3301379	45515925	+	0.84,0.41,0.39,0.70,0.57,0.97,0.88,0.78,0.28,0.77,0.59,0.83,0.80,0.47,1.00,0.99,0.99,1.00,0.87,1.00	complete
HG00097	hap2	HG00097#2#JBIRDE010000048.1	4059613	3440641	3818863	22093	400000	288127	3440641	240750	+	0.00,0.44,0.39,0.70,0.57,0.86,0.88,0.78,0.30,0.77,0.59,0.83,0.85,0.68,0.92,0.99,0.99,1.00,0.87,1.00	distal-start
HG00097	hap2	HG00097#2#JBIRDE010000051.1	3790520	3392286	3765909	23479	400000	291835	3392286	24611	+	0.00,0.37,0.39,0.70,0.56,0.97,0.88,0.78,0.30,0.76,0.59,0.96,0.80,0.67,1.00,0.99,0.99,1.00,0.87,1.00	distal-start
HG00097	hap2	HG00097#2#JBIRDE010000052.1	2725730	2121680	2499397	3272	400000	307012	2121680	226333	+	0.84,0.41,0.39,0.70,0.56,0.98,0.88,0.78,0.30,0.77,0.59,0.83,0.80,0.67,1.00,0.99,0.99,1.00,0.87,1.00	complete
HG00146	hap1	HG00146#1#JBHIKO010000058.1	2472204	1970132	2369177	3272	400000	304668	1970132	103027	+	0.84,0.36,0.39,0.70,0.57,0.98,0.88,0.78,0.30,0.77,0.59,0.83,0.80,0.67,0.92,0.99,0.99,1.00,0.87,1.00	complete
HG00146	hap1	HG00146#1#JBHIKO010000063.1	2620390	2010352	2604446	3272	400000	307145	2010352	15944	+-	0.84,0.41,0.39,0.70,0.57,0.99,0.88,0.78,0.30,0.76,0.59,0.83,0.80,0.67,1.00,0.99,0.99,1.00,0.87,1.00	complete
HG00146	hap1	HG00146#1#JBHIKO010000097.1	54913	1865	52663	66048	117337	42567	1865	2250	+	0.00,0.00,0.00,0.70,0.57,0.87,0.00,0.00,0.00,0.00,0.00,0.00,0.00,0.00,0.00,0.00,0.00,0.00,0.00,0.00	truncated at contig end
HG00146	hap2	HG00146#2#JBHIKP010000014.1	11490810	3024288	3399213	3272	400000	309443	3024288	8091597	+	0.84,0.41,0.39,0.70,0.57,0.97,0.88,0.78,0.30,0.76,0.59,0.96,0.80,0.67,1.00,0.99,0.99,1.00,0.87,1.00	complete
HG00146	hap2	HG00146#2#JBHIKP010000017.1	6493238	427603	821316	3272	400000	302252	427603	5671922	+	0.84,0.41,0.39,0.70,0.57,0.97,0.88,0.78,0.30,0.76,0.59,0.68,0.80,0.67,0.92,0.99,0.99,1.00,0.87,1.00	complete
HG00146	hap2	HG00146#2#JBHIKP010000055.1	13973784	3006233	3402905	3272	400000	302659	3006233	10570879	+	0.84,0.41,0.39,0.70,0.56,0.97,0.88,0.78,0.30,0.76,0.59,0.83,0.80,0.47,1.00,0.99,0.99,1.00,0.87,1.00	complete
HG00146	hap2	HG00146#2#JBHIKP010000057.1	4254707	954131	1240741	3272	316456	205759	954131	3013966	+	0.84,0.41,0.39,0.70,0.57,0.86,0.88,0.78,0.30,0.52,0.00,0.75,0.80,0.67,1.00,0.81,0.00,0.00,0.00,0.00	partial
HG00146	hap2	HG00146#2#JBHIKP010000057.1	4254707	3823545	4211847	6389	400000	296692	3823545	42860	+	0.68,0.41,0.39,0.70,0.56,0.97,0.88,0.78,0.30,0.77,0.59,0.68,0.80,0.47,1.00,0.99,0.99,1.00,0.87,1.00	complete
HG00146	hap2	HG00146#2#JBHIKP010000059.1	12685089	3181414	3775382	3272	400000	307973	3181414	8909707	+-	0.84,0.41,0.39,0.70,0.56,0.98,0.88,0.78,0.30,0.77,0.59,0.83,0.85,0.68,1.00,0.99,0.99,1.00,0.87,1.00	complete
HG00146	hap2	HG00146#2#JBHIKP010000062.1	3491858	2712629	3109886	3272	400000	306201	2712629	381972	+	0.84,0.36,0.39,0.70,0.57,0.98,0.88,0.78,0.30,0.77,0.59,0.83,0.80,0.67,1.00,0.99,0.99,1.00,0.87,1.00	complete
HG00146	hap2	HG00146#2#JBHIKP010000063.1	3244486	2442850	2799103	3272	400000	290297	2442850	445383	+	0.84,0.48,0.39,0.70,0.56,0.97,0.88,0.78,0.30,0.53,0.00,0.75,0.80,0.67,1.00,0.99,0.99,1.00,0.87,1.00	complete
HG00146	hap2	HG00146#2#JBHIKP010000067.1	1000273	387952	957485	3272	400000	302630	387952	42788	+-	0.84,0.41,0.39,0.70,0.57,0.99,0.88,0.78,0.30,0.77,0.59,0.68,0.80,0.67,0.92,0.99,0.99,1.00,0.87,1.00	complete
HG00232	hap1	HG00232#1#JBHIKM010000017.1	41362241	3394923	3792652	3272	400000	306512	3394923	37569589	+	0.84,0.41,0.39,0.70,0.57,0.97,0.88,0.78,0.28,0.77,0.59,0.83,0.80,0.67,1.00,0.99,0.99,1.00,0.87,1.00	complete
HG00232	hap1	HG00232#1#JBHIKM010000050.1	4093391	3624821	4003640	3272	400000	305165	3624821	89751	+	0.84,0.41,0.39,0.70,0.56,0.97,0.88,0.78,0.30,0.76,0.59,0.83,0.80,0.67,0.92,0.99,0.99,1.00,0.87,1.00	complete
HG00232	hap1	HG00232#1#JBHIKM010000051.1	7752736	4012119	4305041	3272	316456	200744	4012119	3447695	+	0.47,0.41,0.39,0.70,0.56,0.98,0.88,0.78,0.30,0.53,0.00,0.75,0.80,0.67,1.00,0.81,0.00,0.00,0.00,0.00	partial
HG00232	hap1	HG00232#1#JBHIKM010000051.1	7752736	7314625	7706866	3272	400000	301589	7314625	45870	+	0.84,0.41,0.39,0.70,0.57,0.86,0.88,0.78,0.30,0.77,0.59,0.68,0.80,0.67,1.00,0.99,0.99,1.00,0.87,1.00	complete
HG00232	hap1	HG00232#1#JBHIKM010000053.1	2591941	1777874	2412036	3272	400000	309513	1777874	179905	+-	0.84,0.41,0.39,0.70,0.57,0.97,0.88,0.78,0.30,0.76,0.59,0.96,0.80,0.67,1.00,0.99,0.99,1.00,0.87,1.00	complete
HG00232	hap1	HG00232#1#JBHIKM010000055.1	3621500	3016009	3392792	23479	400000	289575	3016009	228708	+	0.00,0.36,0.39,0.70,0.57,0.97,0.88,0.80,0.30,0.76,0.59,0.83,0.80,0.67,1.00,0.99,0.99,1.00,0.87,1.00	distal-start
HG00232	hap2	HG00232#2#CM090030.1	98308585	2240324	2613328	22046	400000	286184	2240324	95695257	+	0.00,0.43,0.39,0.70,0.56,0.99,0.88,0.78,0.30,0.77,0.59,0.67,0.80,0.67,0.92,0.99,0.99,1.00,0.87,1.00	distal-start
HG00232	hap2	HG00232#2#JBHIKN010000016.1	46022573	74774	670078	3272	400000	306891	74774	45352495	+-	0.84,0.41,0.39,0.70,0.56,0.98,0.88,0.78,0.30,0.77,0.59,0.83,0.80,0.67,1.00,0.99,0.99,1.00,0.87,1.00	complete
HG00232	hap2	HG00232#2#JBHIKN010000023.1	4655586	4037612	4434017	3272	400000	307231	4037612	221569	+	0.84,0.36,0.39,0.70,0.57,0.98,0.88,0.78,0.30,0.77,0.59,0.96,0.80,0.67,0.92,0.99,0.99,1.00,0.87,1.00	complete
HG00232	hap2	HG00232#2#JBHIKN010000048.1	4408765	3697553	4258573	3272	400000	302630	3697553	150192	+-	0.84,0.41,0.39,0.70,0.57,0.99,0.88,0.78,0.30,0.77,0.59,0.68,0.80,0.67,0.92,0.99,0.99,1.00,0.87,1.00	complete
HG00232	hap2	HG00232#2#JBHIKN010000049.1	2520821	1888922	2456026	3272	400000	305247	1888922	64795	+-	0.84,0.41,0.39,0.70,0.57,0.97,0.88,0.78,0.30,0.77,0.59,0.83,0.80,0.67,0.92,0.99,0.99,1.00,0.86,1.00	complete
HG00320	hap1	HG00320#1#JBHIKI010000014.1	15919201	2592319	2969135	3272	400000	307032	2592319	12950066	+	0.84,0.41,0.39,0.70,0.56,0.97,0.88,0.78,0.30,0.77,0.59,0.83,0.80,0.67,1.00,0.99,0.99,1.00,0.87,1.00	complete
HG00320	hap1	HG00320#1#JBHIKI010000018.1	2974420	2347852	2974420	3272	390014	297194	2347852	0	+-	0.84,0.41,0.39,0.70,0.57,0.97,0.88,0.78,0.30,0.77,0.59,0.83,0.80,0.67,1.00,0.99,0.99,1.00,0.87,0.50	complete
HG00320	hap1	HG00320#1#JBHIKI010000023.1	684735	323129	535947	187035	400000	179289	323129	148788	+	0.00,0.00,0.00,0.00,0.00,0.00,0.00,0.00,0.00,0.50,0.59,0.83,0.80,0.47,0.92,0.99,0.99,1.00,0.87,1.00	partial
HG00320	hap1	HG00320#1#JBHIKI010000056.1	102033127	2711545	3085155	23479	400000	291835	2711545	98947972	+	0.00,0.37,0.39,0.70,0.56,0.97,0.88,0.78,0.30,0.76,0.59,0.96,0.80,0.67,1.00,0.99,0.99,1.00,0.87,1.00	distal-start
HG00320	hap1	HG00320#1#JBHIKI010000059.1	3090068	2448805	2845766	3272	400000	306324	2448805	244302	+	0.84,0.36,0.39,0.70,0.57,0.97,0.88,0.80,0.30,0.76,0.59,0.83,0.80,0.67,1.00,0.99,0.99,1.00,0.87,1.00	complete
HG00320	hap1	HG00320#1#JBHIKI010000061.1	2683940	2143459	2541378	3272	400000	306470	2143459	142562	+	0.84,0.41,0.39,0.70,0.56,0.97,0.88,0.78,0.30,0.77,0.59,0.83,0.85,0.68,0.92,0.99,0.99,1.00,0.87,1.00	complete
HG00320	hap1	HG00320#1#JBHIKI010000066.1	2790611	1990995	2587055	3272	400000	301644	1990995	203556	+-	0.84,0.41,0.39,0.70,0.57,0.99,0.88,0.78,0.30,0.76,0.59,0.83,0.80,0.47,0.92,0.99,0.99,1.00,0.87,1.00	complete
HG00320	hap2	HG00320#2#CM089972.1	98577650	3154879	3728762	3272	400000	306874	3154879	94848888	+-	0.84,0.41,0.39,0.70,0.57,0.97,0.88,0.78,0.30,0.76,0.59,0.83,0.80,0.67,1.00,0.99,0.99,1.00,0.87,1.00	complete
HG00320	hap2	HG00320#2#JBHIKJ010000032.1	178040	0	31756	368192	400000	31556	0	146284	+	0.00,0.00,0.00,0.00,0.00,0.00,0.00,0.00,0.00,0.00,0.00,0.00,0.00,0.00,0.00,0.00,0.00,0.00,0.58,1.00	truncated at contig end
HG00320	hap2	HG00320#2#JBHIKJ010000058.1	4097522	3061798	3438230	3272	400000	306796	3061798	659292	+	0.84,0.41,0.39,0.70,0.56,0.97,0.88,0.78,0.30,0.76,0.59,0.83,0.80,0.67,1.00,0.99,0.99,1.00,0.87,1.00	complete
HG00320	hap2	HG00320#2#JBHIKJ010000059.1	2812042	1933606	2499550	3272	400000	305848	1933606	312492	+-	0.84,0.41,0.39,0.70,0.57,0.99,0.88,0.78,0.30,0.77,0.59,0.83,0.80,0.67,0.92,0.99,0.99,1.00,0.87,1.00	complete
HG00320	hap2	HG00320#2#JBHIKJ010000061.1	3079185	2398880	3012568	3272	399998	306773	2398880	66617	+-	0.84,0.41,0.39,0.70,0.57,0.97,0.88,0.78,0.30,0.77,0.59,0.83,0.80,0.67,1.00,0.99,0.99,1.00,0.86,1.00	complete
HG00438	mat	HG00438#2#CM089202.1	43337056	1999581	2376104	3272	399998	304550	1999581	40960952	+	0.84,0.41,0.39,0.70,0.57,0.86,0.88,0.78,0.30,0.76,0.59,0.83,0.80,0.67,1.00,0.99,0.99,1.00,0.87,1.00	complete
HG00438	mat	HG00438#2#JAHBCA020000018.1	4308169	3286395	3881680	3272	400000	307110	3286395	426489	+-	0.84,0.41,0.39,0.70,0.57,0.97,0.88,0.78,0.30,0.77,0.59,0.83,0.80,0.67,1.00,0.99,0.99,1.00,0.87,1.00	complete
HG00438	mat	HG00438#2#JAHBCA020000053.1	4716812	4272504	4669171	3272	400000	302945	4272504	47641	+	0.84,0.41,0.39,0.70,0.56,0.98,0.88,0.78,0.30,0.77,0.59,0.83,0.80,0.47,1.00,0.99,0.99,1.00,0.87,1.00	complete
HG00438	mat	HG00438#2#JAHBCA020000054.1	2986724	2400163	2771643	3272	400000	299841	2400163	215081	+	0.84,0.41,0.39,0.70,0.56,0.97,0.88,0.78,0.30,0.77,0.59,0.68,0.80,0.47,1.00,0.99,0.99,1.00,0.87,1.00	complete
HG00438	mat	HG00438#2#JAHBCA020000055.1	4065458	3462344	3838737	3272	399998	306789	3462344	226721	+	0.84,0.41,0.39,0.70,0.56,0.97,0.88,0.78,0.30,0.76,0.59,0.83,0.80,0.67,1.00,0.99,0.99,1.00,0.87,1.00	complete
HG00438	pat	HG00438#1#CM089184.1	49765337	4105588	4679638	3272	400000	307110	4105588	45085699	+-	0.84,0.41,0.39,0.70,0.57,0.97,0.88,0.78,0.30,0.77,0.59,0.83,0.80,0.67,1.00,0.99,0.99,1.00,0.87,1.00	complete
HG00438	pat	HG00438#1#JAHBCB020000046.1	4353465	3847586	4240885	3272	400000	301571	3847586	112580	+	0.84,0.36,0.39,0.70,0.57,0.98,0.88,0.78,0.30,0.77,0.59,0.68,0.80,0.67,0.92,0.99,0.99,1.00,0.87,1.00	complete
HG00438	pat	HG00438#1#JAHBCB020000048.1	2967483	2551133	2918439	3272	400000	289268	2551133	49044	+	0.41,0.37,0.39,0.70,0.57,0.97,0.88,0.78,0.30,0.77,0.59,0.68,0.80,0.47,0.92,0.99,0.99,1.00,0.87,1.00	complete
HG00438	pat	HG00438#1#JAHBCB020000049.1	4684850	3868728	4507856	3272	400000	297082	3868728	176994	+-	0.41,0.46,0.39,0.70,0.57,0.86,0.88,0.78,0.30,0.77,0.59,0.83,0.80,0.67,1.00,0.99,0.99,1.00,0.87,1.00	complete
HG00438	pat	HG00438#1#JAHBCB020000050.1	3212686	2357845	2734192	3272	400000	306466	2357845	478494	+	0.84,0.41,0.39,0.70,0.56,0.97,0.88,0.78,0.30,0.76,0.59,0.83,0.80,0.67,1.00,0.99,0.99,1.00,0.86,1.00	complete
HG00621	mat	HG00621#2#CM087875.1	47868764	2408231	2783502	3272	400000	307460	2408231	45085262	+	0.84,0.41,0.39,0.70,0.56,0.97,0.88,0.78,0.28,0.77,0.59,0.96,0.80,0.67,0.92,0.99,0.99,1.00,0.87,1.00	complete
HG00621	mat	HG00621#2#JAHBCC020000015.1	96491286	1981241	2359327	3272	399998	303323	1981241	94131959	+	0.84,0.41,0.39,0.70,0.57,0.86,0.88,0.78,0.30,0.77,0.59,0.83,0.80,0.67,0.92,0.99,0.99,1.00,0.87,1.00	complete
HG00621	mat	HG00621#2#JAHBCC020000042.1	2713205	2106966	2681879	3272	400000	284420	2106966	31326	+-	0.84,0.41,0.39,0.70,0.57,0.97,0.88,0.78,0.30,0.77,0.59,0.96,0.80,0.67,0.39,0.33,0.99,1.00,0.87,1.00	complete
HG00621	mat	HG00621#2#JAHBCC020000043.1	4404265	3562164	4200556	3272	400000	305514	3562164	203709	+-	0.84,0.41,0.39,0.70,0.57,0.97,0.88,0.80,0.30,0.77,0.59,0.83,0.80,0.67,0.92,0.99,0.99,1.00,0.86,1.00	complete
HG00621	mat	HG00621#2#JAHBCC020000044.1	3065119	2226031	2602170	3272	400000	302727	2226031	462949	+	0.84,0.41,0.39,0.70,0.56,0.97,0.88,0.78,0.30,0.77,0.59,0.83,0.80,0.47,1.00,0.99,0.99,1.00,0.86,1.00	complete
HG00621	pat	HG00621#1#JAHBCD020000012.1	2326462	1920893	2297931	3272	399998	306886	1920893	28531	+	0.84,0.41,0.39,0.70,0.56,0.98,0.88,0.78,0.30,0.77,0.59,0.83,0.80,0.67,1.00,0.99,0.99,1.00,0.87,1.00	complete
HG00621	pat	HG00621#1#JAHBCD020000043.1	4239102	3329420	3924838	3272	400000	301609	3329420	314264	+-	0.84,0.41,0.39,0.70,0.57,0.97,0.88,0.78,0.30,0.77,0.59,0.83,0.80,0.47,0.92,0.99,0.99,1.00,0.87,1.00	complete
HG00621	pat	HG00621#1#JAHBCD020000044.1	2734944	2230270	2576481	3272	400000	261718	2230270	158463	+	0.84,0.41,0.39,0.70,0.57,0.97,0.88,0.78,0.30,0.77,0.59,0.83,0.23,0.00,0.00,0.96,0.99,1.00,0.87,1.00	complete, internal gaps
HG00621	pat	HG00621#1#JAHBCD020000045.1	2713207	2116522	2492542	3272	400000	307611	2116522	220665	+	0.84,0.41,0.39,0.70,0.56,0.97,0.88,0.78,0.30,0.77,0.59,0.96,0.80,0.67,0.92,0.99,0.99,1.00,0.86,1.00	complete
HG00642	mat	HG00642#2#CM086627.1	107858940	3151386	3527411	3272	400000	306768	3151386	104331529	+	0.84,0.41,0.39,0.70,0.56,0.97,0.88,0.78,0.30,0.76,0.59,0.83,0.80,0.67,1.00,0.99,0.99,1.00,0.87,1.00	complete
HG00642	mat	HG00642#2#CM086628.1	100007777	3085664	3462039	3272	400000	308150	3085664	96545738	+	0.84,0.41,0.39,0.70,0.57,0.97,0.88,0.78,0.30,0.77,0.59,0.96,0.80,0.67,0.92,0.99,0.99,1.00,0.87,1.00	complete
HG00642	mat	HG00642#2#CM086629.1	98750083	2062969	2459356	3272	400000	308003	2062969	96290727	+	0.84,0.41,0.39,0.70,0.56,0.97,0.88,0.78,0.30,0.77,0.59,0.83,0.85,0.68,1.00,0.99,0.99,1.00,0.87,1.00	complete
HG00642	mat	HG00642#2#JBHDSU010000017.1	4112554	3969331	4104309	22046	155586	94432	3969331	8245	+	0.00,0.43,0.39,0.70,0.56,0.97,0.88,0.78,0.00,0.00,0.00,0.00,0.00,0.00,0.00,0.00,0.00,0.00,0.00,0.00	partial
HG00642	mat	HG00642#2#JBHDSU010000018.1	47513312	279962	656887	3272	400000	306893	279962	46856425	+	0.84,0.41,0.39,0.70,0.56,0.98,0.88,0.78,0.30,0.77,0.59,0.83,0.80,0.67,1.00,0.99,0.99,1.00,0.87,1.00	complete
HG00642	mat	HG00642#2#JBHDSU010000060.1	293360	367	272585	122325	400000	224309	367	20775	+	0.00,0.00,0.00,0.00,0.00,0.00,0.88,0.78,0.30,0.77,0.59,0.68,0.80,0.67,0.92,0.99,0.99,1.00,0.84,1.00	truncated at contig end
HG00642	pat	HG00642#1#JBHDST010000003.1	97087789	2141751	2706365	3272	400000	307381	2141751	94381424	+-	0.84,0.41,0.39,0.70,0.57,0.99,0.88,0.78,0.30,0.77,0.59,0.83,0.80,0.67,1.00,0.99,0.99,1.00,0.87,1.00	complete
HG00642	pat	HG00642#1#JBHDST010000011.1	49533278	1835566	1948915	3272	134595	89657	1835566	47584363	+	0.84,0.41,0.39,0.70,0.56,0.98,0.61,0.00,0.00,0.00,0.00,0.00,0.00,0.00,0.00,0.00,0.00,0.00,0.00,0.00	partial
HG00642	pat	HG00642#1#JBHDST010000022.1	401512	0	285719	113635	400000	234025	0	115793	+	0.00,0.00,0.00,0.00,0.00,0.31,0.88,0.78,0.30,0.76,0.59,0.83,0.80,0.67,0.92,0.99,0.99,1.00,0.87,1.00	truncated at contig end
HG00642	pat	HG00642#1#JBHDST010000040.1	13768860	3293674	3670668	23479	400000	287055	3293674	10098192	+	0.00,0.36,0.39,0.70,0.57,0.86,0.88,0.78,0.30,0.77,0.59,0.83,0.80,0.67,1.00,0.99,0.99,1.00,0.87,1.00	distal-start
HG00642	pat	HG00642#1#JBHDST010000048.1	4150988	3689783	4087697	3272	400000	302544	3689783	63291	+	0.84,0.41,0.39,0.70,0.57,0.97,0.88,0.78,0.28,0.77,0.59,0.83,0.80,0.47,1.00,0.99,0.99,1.00,0.87,1.00	complete
HG00642	pat	HG00642#1#JBHDST010000053.1	317763	0	290101	111464	400000	212671	0	27662	+	0.00,0.00,0.00,0.00,0.00,0.42,0.88,0.78,0.30,0.77,0.59,0.83,0.80,0.67,0.39,0.33,0.99,1.00,0.87,1.00	truncated at contig end
HG00658	mat	HG00658#2#CM088805.1	96527897	2279213	2655451	3272	400000	306917	2279213	93872446	+	0.84,0.41,0.39,0.70,0.56,0.97,0.88,0.78,0.30,0.77,0.59,0.83,0.80,0.67,1.00,0.99,0.99,1.00,0.87,1.00	complete
HG00658	mat	HG00658#2#JBHIHV010000019.1	7766311	2984059	3380302	3272	400000	306901	2984059	4386009	+	0.84,0.36,0.39,0.70,0.57,0.98,0.88,0.78,0.30,0.77,0.59,0.96,0.80,0.67,0.92,0.99,0.99,1.00,0.86,1.00	complete
HG00658	mat	HG00658#2#JBHIHV010000041.1	3912874	3239075	3875678	3272	400000	307047	3239075	37196	+-	0.84,0.41,0.39,0.70,0.57,0.97,0.88,0.80,0.30,0.77,0.59,0.83,0.80,0.67,1.00,0.99,0.99,1.00,0.86,1.00	complete
HG00658	mat	HG00658#2#JBHIHV010000043.1	4923823	4098486	4672491	3272	400000	303021	4098486	251332	+-	0.84,0.41,0.39,0.70,0.57,0.97,0.88,0.78,0.30,0.77,0.59,0.83,0.80,0.47,1.00,0.99,0.99,1.00,0.87,1.00	complete
HG00658	mat	HG00658#2#JBHIHV010000044.1	4182712	3493020	4066515	3272	400000	303027	3493020	116197	+-	0.84,0.41,0.39,0.70,0.57,0.97,0.88,0.78,0.30,0.77,0.59,0.83,0.80,0.47,1.00,0.99,0.99,1.00,0.87,1.00	complete
HG00658	pat	HG00658#1#JBHIHU010000037.1	165377	0	82463	317382	400000	79491	0	82914	+	0.00,0.00,0.00,0.00,0.00,0.00,0.00,0.00,0.00,0.00,0.00,0.00,0.00,0.00,0.00,0.13,0.99,1.00,0.86,1.00	truncated at contig end
HG00658	pat	HG00658#1#JBHIHU010000073.1	4370223	3848833	4219443	3272	400000	293699	3848833	150780	+	0.41,0.37,0.39,0.70,0.56,0.97,0.88,0.78,0.30,0.77,0.59,0.83,0.80,0.47,1.00,0.99,0.99,1.00,0.87,1.00	complete
HG00658	pat	HG00658#1#JBHIHU010000079.1	3387409	2727505	3118087	6389	400000	302093	2727505	269322	+	0.68,0.41,0.39,0.70,0.57,0.97,0.88,0.78,0.30,0.76,0.59,0.96,0.80,0.47,1.00,0.99,0.99,1.00,0.86,1.00	complete
HG00658	pat	HG00658#1#JBHIHU010000080.1	3651008	3113100	3650993	3272	343374	253953	3113100	15	+-	0.84,0.41,0.39,0.70,0.57,0.97,0.88,0.78,0.30,0.77,0.59,0.96,0.80,0.67,0.92,0.99,0.99,0.17,0.00,0.00	truncated at contig end
HG00658	pat	HG00658#1#JBHIHU010000081.1	3358629	2740087	3125012	3272	400000	256735	2740087	233617	+	0.47,0.41,0.39,0.70,0.57,0.86,0.00,0.00,0.30,0.77,0.59,0.68,0.80,0.47,1.00,0.99,0.99,1.00,0.86,1.00	complete, internal gaps
HG00658	pat	HG00658#1#JBHIHU010000112.1	229197	67	80194	319738	400000	77135	67	149003	+	0.00,0.00,0.00,0.00,0.00,0.00,0.00,0.00,0.00,0.00,0.00,0.00,0.00,0.00,0.00,0.01,0.99,1.00,0.86,1.00	truncated at contig end
HG00673	mat	HG00673#2#JAHBBY020000012.1	95957022	432321	812535	3272	400000	281779	432321	95144487	+	0.84,0.41,0.39,0.70,0.56,0.97,0.88,0.78,0.30,0.77,0.59,0.83,0.80,0.67,0.39,0.33,0.99,1.00,0.87,1.00	complete
HG00673	mat	HG00673#2#JAHBBY020000013.1	34422844	1814283	2408759	3272	400000	307145	1814283	32014085	+-	0.84,0.41,0.39,0.70,0.57,0.99,0.88,0.78,0.30,0.76,0.59,0.83,0.80,0.67,1.00,0.99,0.99,1.00,0.87,1.00	complete
HG00673	mat	HG00673#2#JAHBBY020000017.1	7439403	2161193	2554336	6389	399998	303507	2161193	4885067	+	0.68,0.41,0.39,0.70,0.57,0.97,0.88,0.78,0.30,0.76,0.59,0.82,0.80,0.67,1.00,0.99,0.99,1.00,0.87,1.00	complete
HG00673	mat	HG00673#2#JAHBBY020000021.1	732440	334702	710663	6389	400000	284279	334702	21777	+	0.68,0.41,0.39,0.70,0.57,0.97,0.88,0.78,0.30,0.53,0.00,0.75,0.80,0.67,0.92,0.99,0.99,1.00,0.87,1.00	complete
HG00673	mat	HG00673#2#JAHBBY020000048.1	852308	399226	775365	3272	400000	307923	399226	76943	+	0.84,0.41,0.39,0.70,0.56,0.98,0.88,0.78,0.30,0.77,0.59,0.96,0.80,0.67,0.92,0.99,0.99,1.00,0.87,1.00	complete
HG00673	pat	HG00673#1#JAHBBZ020000059.1	2949765	2506322	2781808	122325	400000	229386	2506322	167957	+	0.00,0.00,0.00,0.00,0.00,0.00,0.88,0.78,0.30,0.76,0.59,0.83,0.80,0.67,1.00,0.99,0.99,1.00,0.87,1.00	partial
HG00673	pat	HG00673#1#JAHBBZ020000064.1	3507978	2545024	2938505	6389	400000	303923	2545024	569473	+	0.68,0.41,0.39,0.70,0.57,0.97,0.88,0.78,0.30,0.77,0.59,0.83,0.80,0.67,1.00,0.99,0.99,1.00,0.87,1.00	complete
HG00673	pat	HG00673#1#JAHBBZ020000065.1	3035648	2570539	2936691	3272	400000	293308	2570539	98957	+	0.41,0.37,0.39,0.70,0.56,0.99,0.88,0.78,0.30,0.77,0.59,0.68,0.80,0.67,0.92,0.99,0.99,1.00,0.87,1.00	complete
HG00673	pat	HG00673#1#JAHBBZ020000068.1	2823369	2257346	2634938	3272	400000	301416	2257346	188431	+	0.84,0.41,0.39,0.70,0.56,0.97,0.88,0.78,0.30,0.77,0.59,0.83,0.80,0.47,0.92,0.99,0.99,1.00,0.87,1.00	complete
HG00735	mat	HG00735#2#JAHBCG030000005.1	92981458	1058693	1654520	3272	400000	305612	1058693	91326938	+-	0.84,0.41,0.39,0.70,0.57,0.99,0.88,0.78,0.30,0.76,0.59,0.83,0.80,0.67,0.92,0.99,0.99,1.00,0.87,1.00	complete
HG00735	mat	HG00735#2#JAHBCG030000015.1	46654743	837924	1214275	3272	400000	306796	837924	45440468	+	0.84,0.41,0.39,0.70,0.56,0.97,0.88,0.78,0.30,0.76,0.59,0.83,0.80,0.67,1.00,0.99,0.99,1.00,0.87,1.00	complete
HG00735	mat	HG00735#2#JAHBCG030000021.1	1131234	487494	883735	3272	400000	305639	487494	247499	+	0.75,0.41,0.39,0.70,0.57,0.97,0.88,0.80,0.30,0.77,0.59,0.83,0.80,0.67,1.00,0.99,0.99,1.00,0.87,1.00	complete
HG00735	mat	HG00735#2#JAHBCG030000064.1	1729551	1238861	1633317	6389	400000	302308	1238861	96234	+	0.68,0.41,0.39,0.70,0.57,0.97,0.88,0.78,0.30,0.77,0.59,0.83,0.80,0.67,0.92,0.99,0.99,1.00,0.87,1.00	complete
HG00735	mat	HG00735#2#JAHBCG030000067.1	1425103	982872	1378189	3272	400000	300026	982872	46914	+	0.47,0.41,0.39,0.70,0.57,0.97,0.88,0.80,0.30,0.77,0.59,0.83,0.80,0.67,1.00,0.99,0.99,1.00,0.87,1.00	complete
HG00735	pat	HG00735#1#JAHBCH020000013.1	100905204	264619	882194	3272	400000	282795	264619	100023010	+-	0.41,0.56,0.39,0.70,0.57,0.99,0.88,0.78,0.30,0.53,0.00,0.75,0.85,0.68,0.92,0.99,0.99,1.00,0.86,1.00	complete
HG00735	pat	HG00735#1#JAHBCH020000014.1	46097133	268548	838023	3272	400000	302300	268548	45259110	+-	0.84,0.41,0.39,0.70,0.57,0.99,0.88,0.78,0.30,0.77,0.59,0.68,0.80,0.67,0.92,0.99,0.99,1.00,0.86,1.00	complete
HG00735	pat	HG00735#1#JAHBCH020000050.1	42136718	1420683	1816874	3272	400000	305639	1420683	40319844	+	0.75,0.41,0.39,0.70,0.57,0.97,0.88,0.80,0.30,0.77,0.59,0.83,0.80,0.67,1.00,0.99,0.99,1.00,0.87,1.00	complete
HG00735	pat	HG00735#1#JAHBCH020000054.1	4988308	4169572	4812628	3272	400000	305516	4169572	175680	+-	0.84,0.41,0.39,0.70,0.57,0.97,0.88,0.78,0.30,0.77,0.59,0.83,0.80,0.67,0.92,0.99,0.99,1.00,0.87,1.00	complete
HG00735	pat	HG00735#1#JAHBCH020000057.1	1356390	622877	1263810	3272	400000	297866	622877	92580	+-	0.41,0.46,0.39,0.70,0.57,0.97,0.88,0.78,0.30,0.77,0.59,0.83,0.80,0.67,0.92,0.99,0.99,1.00,0.87,1.00	complete
HG01255	mat	HG01255#2#JBHDTC010000047.1	4458929	3809262	4206338	3272	400000	302945	3809262	252591	+	0.84,0.41,0.39,0.70,0.56,0.98,0.88,0.78,0.30,0.77,0.59,0.83,0.80,0.47,1.00,0.99,0.99,1.00,0.87,1.00	complete
HG01255	mat	HG01255#2#JBHDTC010000048.1	4180372	3752018	4142164	3272	400000	292631	3752018	38208	+	0.47,0.41,0.39,0.70,0.57,0.97,0.88,0.80,0.30,0.77,0.59,0.68,0.80,0.47,1.00,0.99,0.99,1.00,0.86,1.00	complete
HG01255	mat	HG01255#2#JBHDTC010000049.1	3583133	3151157	3548021	3272	400000	303448	3151157	35112	+	0.74,0.33,0.39,0.70,0.57,0.97,0.88,0.78,0.30,0.76,0.59,0.83,0.80,0.67,1.00,0.99,0.99,1.00,0.87,1.00	complete
HG01255	mat	HG01255#2#JBHDTC010000051.1	4999321	4319363	4694454	22046	400000	291054	4319363	304867	+	0.00,0.43,0.39,0.70,0.56,0.86,0.88,0.78,0.30,0.77,0.59,0.96,0.80,0.67,1.00,0.99,0.99,1.00,0.87,1.00	distal-start
HG01255	mat	HG01255#2#JBHDTC010000052.1	2556472	2126082	2524012	3272	400000	306878	2126082	32460	+	0.84,0.41,0.39,0.70,0.57,0.97,0.88,0.78,0.30,0.76,0.59,0.83,0.80,0.67,1.00,0.99,0.99,1.00,0.87,1.00	complete
HG01255	pat	HG01255#1#JBHDTB010000014.1	46381131	2222269	2617844	6389	400000	301981	2222269	43763287	+	0.68,0.41,0.39,0.70,0.57,0.97,0.88,0.78,0.30,0.76,0.59,0.82,0.80,0.67,0.92,0.99,0.99,1.00,0.87,1.00	complete
HG01255	pat	HG01255#1#JBHDTB010000060.1	3615980	2808040	3403242	3272	400000	307110	2808040	212738	+-	0.84,0.41,0.39,0.70,0.57,0.97,0.88,0.78,0.30,0.77,0.59,0.83,0.80,0.67,1.00,0.99,0.99,1.00,0.87,1.00	complete
HG01255	pat	HG01255#1#JBHDTB010000061.1	2491209	1865951	2225308	3272	400000	287257	1865951	265901	+	0.84,0.41,0.39,0.70,0.56,0.97,0.88,0.78,0.30,0.53,0.00,0.75,0.80,0.67,0.92,0.99,0.99,1.00,0.87,1.00	complete
HG01255	pat	HG01255#1#JBHDTB010000062.1	3844027	3093650	3490776	3272	400000	302945	3093650	353251	+	0.84,0.41,0.39,0.70,0.56,0.98,0.88,0.78,0.30,0.77,0.59,0.83,0.80,0.47,1.00,0.99,0.99,1.00,0.87,1.00	complete
HG01255	pat	HG01255#1#JBHDTB010000064.1	2527121	2121705	2495935	3272	400000	309683	2121705	31186	+	0.84,0.41,0.39,0.70,0.57,0.97,0.88,0.78,0.30,0.77,0.59,0.96,0.80,0.67,1.00,0.99,0.99,1.00,0.87,1.00	complete
HG01786	hap1	HG01786#1#JBHIIW010000055.1	5912432	5253156	5891748	3272	400000	305844	5253156	20684	+-	0.84,0.41,0.39,0.70,0.57,0.97,0.88,0.80,0.30,0.77,0.59,0.83,0.80,0.67,0.92,0.99,0.99,1.00,0.87,1.00	complete
HG01786	hap1	HG01786#1#JBHIIW010000056.1	4070483	3610162	4005527	3272	400000	300026	3610162	64956	+	0.47,0.41,0.39,0.70,0.57,0.97,0.88,0.80,0.30,0.77,0.59,0.83,0.80,0.67,1.00,0.99,0.99,1.00,0.87,1.00	complete
HG01786	hap1	HG01786#1#JBHIIW010000058.1	1533700	477305	854935	3272	400000	306698	477305	678765	+	0.84,0.41,0.39,0.70,0.56,0.97,0.88,0.78,0.30,0.76,0.59,0.83,0.80,0.67,1.00,0.99,0.99,1.00,0.87,1.00	complete
HG01786	hap1	HG01786#1#JBHIIW010000067.1	725911	217681	614162	3272	400000	305235	217681	111749	+	0.84,0.41,0.39,0.70,0.56,0.97,0.88,0.78,0.30,0.76,0.59,0.83,0.80,0.67,0.92,0.99,0.99,1.00,0.87,1.00	complete
HG01786	hap2	HG01786#2#JBHIIX010000028.1	2844213	2265291	2641857	23479	400000	289820	2265291	202356	+	0.00,0.37,0.39,0.70,0.56,0.97,0.88,0.80,0.30,0.77,0.59,0.83,0.80,0.67,1.00,0.99,0.99,1.00,0.87,1.00	distal-start
HG01786	hap2	HG01786#2#JBHIIX010000059.1	2722936	1927099	2302677	3272	400000	307990	1927099	420259	+	0.84,0.41,0.39,0.70,0.57,0.98,0.88,0.78,0.30,0.76,0.59,0.96,0.80,0.67,0.92,0.99,0.99,1.00,0.87,1.00	complete
HG01786	hap2	HG01786#2#JBHIIX010000060.1	5285434	2072462	2359102	3272	316456	205759	2072462	2926332	+	0.84,0.41,0.39,0.70,0.57,0.86,0.88,0.78,0.30,0.52,0.00,0.75,0.80,0.67,1.00,0.81,0.00,0.00,0.00,0.00	partial
HG01786	hap2	HG01786#2#JBHIIX010000060.1	5285434	4622295	5260442	3272	400000	305411	4622295	24992	+-	0.84,0.41,0.39,0.70,0.57,0.97,0.88,0.78,0.30,0.76,0.59,0.83,0.80,0.67,0.92,0.99,0.99,1.00,0.87,1.00	complete
HG01786	hap2	HG01786#2#JBHIIX010000061.1	3132823	2420331	2799521	22046	400000	284609	2420331	333302	+	0.00,0.43,0.39,0.70,0.56,0.97,0.88,0.78,0.30,0.77,0.59,0.83,0.80,0.47,0.92,0.99,0.99,1.00,0.84,1.00	distal-start
HG01786	hap2	HG01786#2#JBHIIX010000064.1	4524690	3654543	4052423	3272	400000	302544	3654543	472267	+	0.84,0.41,0.39,0.70,0.57,0.97,0.88,0.78,0.28,0.77,0.59,0.83,0.80,0.47,1.00,0.99,0.99,1.00,0.87,1.00	complete
HG01786	hap2	HG01786#2#JBHIIX010000066.1	1021271	422336	998051	3272	400000	305371	422336	23220	+-	0.84,0.41,0.39,0.70,0.57,0.97,0.88,0.78,0.30,0.77,0.59,0.83,0.80,0.67,0.92,0.99,0.99,1.00,0.87,1.00	complete
HG01891	mat	HG01891#2#JAGYVN020000002.1	48922353	3706511	4101095	3272	400000	307248	3706511	44821258	+	0.84,0.41,0.39,0.70,0.57,0.97,0.88,0.80,0.30,0.77,0.59,0.83,0.80,0.67,1.00,0.99,0.99,1.00,0.87,1.00	complete
HG01891	mat	HG01891#2#JAGYVN020000059.1	5741425	5271031	5648980	3272	400000	305351	5271031	92445	+	0.84,0.41,0.39,0.70,0.57,0.97,0.88,0.78,0.30,0.76,0.59,0.83,0.80,0.67,0.92,0.99,0.99,1.00,0.87,1.00	complete
HG01891	mat	HG01891#2#JAGYVN020000062.1	2906560	2487985	2841824	23479	400000	288058	2487985	64736	+	0.00,0.37,0.39,0.70,0.57,0.97,0.88,0.80,0.30,0.77,0.59,0.96,0.80,0.47,1.00,0.99,0.99,1.00,0.86,1.00	distal-start
HG01891	mat	HG01891#2#JAGYVN020000063.1	8480849	2953653	3349997	3272	400000	306299	2953653	5130852	+	0.84,0.41,0.39,0.70,0.57,0.98,0.88,0.78,0.30,0.77,0.59,0.83,0.85,0.68,0.92,0.99,0.99,1.00,0.86,1.00	complete
HG01891	pat	HG01891#1#JAGYVO020000058.1	3235967	2656026	3021652	23479	400000	285480	2656026	214315	+	0.00,0.37,0.39,0.70,0.57,0.97,0.88,0.78,0.30,0.76,0.59,0.83,0.80,0.47,1.00,0.99,0.99,1.00,0.87,1.00	distal-start
HG01891	pat	HG01891#1#JAGYVO020000068.1	4171803	3530878	4103914	3272	400000	307836	3530878	67889	+-	0.84,0.41,0.39,0.70,0.56,0.97,0.88,0.78,0.30,0.76,0.59,0.96,0.80,0.67,0.92,0.99,0.99,1.00,0.87,1.00	complete
HG01891	pat	HG01891#1#JAGYVO020000070.1	3453370	2831043	3427954	3272	400000	304959	2831043	25416	+-	0.84,0.41,0.39,0.70,0.56,0.97,0.88,0.78,0.30,0.76,0.59,0.82,0.80,0.67,0.92,0.99,0.99,1.00,0.87,1.00	complete
HG01891	pat	HG01891#1#JAGYVO020000075.1	3269839	2756179	3146653	6389	400000	306512	2756179	123186	+	0.68,0.41,0.39,0.70,0.57,0.97,0.88,0.78,0.30,0.77,0.59,0.96,0.80,0.67,1.00,0.99,0.99,1.00,0.87,1.00	complete
HG01891	pat	HG01891#1#JAGYVO020000078.1	5539651	4103698	4722868	3272	400000	286287	4103698	816783	+-	0.84,0.41,0.39,0.70,0.56,0.97,0.88,0.78,0.28,0.52,0.00,0.75,0.80,0.67,0.92,0.99,0.99,1.00,0.86,1.00	complete
HG01943	mat	HG01943#2#JBHIIL010000007.1	104662360	192339	567236	3272	400000	309683	192339	104095124	+	0.84,0.41,0.39,0.70,0.57,0.97,0.88,0.78,0.30,0.77,0.59,0.96,0.80,0.67,1.00,0.99,0.99,1.00,0.87,1.00	complete
HG01943	mat	HG01943#2#JBHIIL010000022.1	100640758	232598	764080	3272	400000	258581	232598	99876678	+	0.55,0.37,0.39,0.70,0.56,0.98,0.00,0.00,0.30,0.76,0.59,0.82,0.48,0.67,0.92,0.99,0.99,1.00,0.87,1.00	complete, internal gaps
HG01943	mat	HG01943#2#JBHIIL010000037.1	428932	8902	428801	3272	244297	164673	8902	131	+-	0.84,0.41,0.39,0.70,0.57,0.97,0.88,0.78,0.30,0.77,0.59,0.82,0.21,0.00,0.00,0.00,0.00,0.00,0.00,0.00	truncated at contig end
HG01943	mat	HG01943#2#JBHIIL010000078.1	5353179	4686240	5282999	3272	400000	305165	4686240	70180	+-	0.84,0.41,0.39,0.70,0.56,0.97,0.88,0.78,0.30,0.76,0.59,0.83,0.80,0.67,0.92,0.99,0.99,1.00,0.87,1.00	complete
HG01943	mat	HG01943#2#JBHIIL010000083.1	2809721	2397935	2775584	3272	400000	305499	2397935	34137	+	0.84,0.41,0.39,0.70,0.56,0.97,0.88,0.78,0.30,0.77,0.59,0.83,0.80,0.67,0.92,0.99,0.99,1.00,0.87,1.00	complete
HG01943	mat	HG01943#2#JBHIIL010000088.1	2882267	2427934	2880393	3272	214833	139205	2427934	1874	+-	0.84,0.41,0.39,0.70,0.57,0.99,0.88,0.78,0.30,0.76,0.34,0.00,0.00,0.00,0.00,0.00,0.00,0.00,0.00,0.00	truncated at contig end
HG01943	mat	HG01943#2#JBHIIL010000117.1	99341	0	72879	327026	400000	70177	0	26462	+	0.00,0.00,0.00,0.00,0.00,0.00,0.00,0.00,0.00,0.00,0.00,0.00,0.00,0.00,0.00,0.00,0.64,1.00,0.87,1.00	truncated at contig end
HG01943	pat	HG01943#1#CM089361.1	48398769	2605342	2998219	6389	400000	300086	2605342	45400550	+	0.68,0.41,0.39,0.70,0.57,0.97,0.88,0.78,0.30,0.77,0.59,0.83,0.80,0.47,1.00,0.99,0.99,1.00,0.87,1.00	complete
HG01943	pat	HG01943#1#JBHIIK010000001.1	101789993	232624	631443	3272	400000	304955	232624	101158550	+	0.84,0.41,0.39,0.70,0.56,0.98,0.88,0.78,0.30,0.76,0.59,0.82,0.80,0.67,0.92,0.99,0.99,1.00,0.87,1.00	complete
HG01943	pat	HG01943#1#JBHIIK010000020.1	247263	2090	156152	247534	400000	112557	2090	91111	+	0.00,0.00,0.00,0.00,0.00,0.00,0.00,0.00,0.00,0.00,0.00,0.00,0.57,0.47,0.39,0.33,0.99,1.00,0.87,1.00	truncated at contig end
HG01943	pat	HG01943#1#JBHIIK010000044.1	84374	44	83906	135336	238276	51009	44	468	+	0.00,0.00,0.00,0.00,0.00,0.00,0.23,0.78,0.30,0.53,0.00,0.71,0.00,0.00,0.00,0.00,0.00,0.00,0.00,0.00	truncated at contig end
HG01943	pat	HG01943#1#JBHIIK010000050.1	106725	31	81661	318341	400000	78862	31	25064	+	0.00,0.00,0.00,0.00,0.00,0.00,0.00,0.00,0.00,0.00,0.00,0.00,0.00,0.00,0.00,0.08,0.99,1.00,0.87,1.00	truncated at contig end
HG01943	pat	HG01943#1#JBHIIK010000062.1	86305	19816	84591	3272	85315	51989	19816	1714	+	0.84,0.41,0.39,0.70,0.27,0.00,0.00,0.00,0.00,0.00,0.00,0.00,0.00,0.00,0.00,0.00,0.00,0.00,0.00,0.00	truncated at contig end
HG01943	pat	HG01943#1#JBHIIK010000085.1	1060527	623829	1060527	3272	264482	163027	623829	0	+-	0.84,0.41,0.39,0.70,0.57,0.99,0.88,0.78,0.30,0.53,0.00,0.75,0.80,0.21,0.00,0.00,0.00,0.00,0.00,0.00	truncated at contig end
HG01943	pat	HG01943#1#JBHIIK010000093.1	229043	1964	154381	247534	400000	140245	1964	74662	+	0.00,0.00,0.00,0.00,0.00,0.00,0.00,0.00,0.00,0.00,0.00,0.00,0.57,0.67,0.92,0.99,0.99,1.00,0.87,1.00	truncated at contig end
HG01943	pat	HG01943#1#JBHIIK010000108.1	82756	61	82756	133873	235634	49830	61	0	+	0.00,0.00,0.00,0.00,0.00,0.00,0.31,0.78,0.30,0.53,0.00,0.57,0.00,0.00,0.00,0.00,0.00,0.00,0.00,0.00	truncated at contig end
HG01981	mat	HG01981#2#CM086344.1	43431212	2283911	2570246	3272	277519	189063	2283911	40860966	+	0.84,0.41,0.39,0.70,0.56,0.97,0.88,0.78,0.30,0.77,0.59,0.83,0.80,0.62,0.00,0.00,0.00,0.00,0.00,0.00	partial
HG01981	mat	HG01981#2#JBHDRW010000012.1	106900044	3038454	3673044	3272	400000	310024	3038454	103227000	+-	0.84,0.41,0.39,0.70,0.57,0.99,0.88,0.78,0.30,0.77,0.59,0.96,0.80,0.67,1.00,0.99,0.99,1.00,0.87,1.00	complete
HG01981	mat	HG01981#2#JBHDRW010000037.1	5009021	4340014	4914141	3272	400000	307017	4340014	94880	+-	0.84,0.41,0.39,0.70,0.57,0.97,0.88,0.78,0.30,0.77,0.59,0.83,0.80,0.67,1.00,0.99,0.99,1.00,0.87,1.00	complete
HG01981	mat	HG01981#2#JBHDRW010000046.1	4198962	3563846	4137677	3272	400000	306995	3563846	61285	+-	0.84,0.41,0.39,0.70,0.57,0.97,0.88,0.78,0.30,0.77,0.59,0.83,0.80,0.67,1.00,0.99,0.99,1.00,0.87,1.00	complete
HG01981	mat	HG01981#2#JBHDRW010000048.1	3431135	2757076	3391264	3272	400000	303347	2757076	39871	+-	0.84,0.41,0.39,0.70,0.57,0.86,0.88,0.78,0.30,0.77,0.59,0.96,0.80,0.47,1.00,0.99,0.99,1.00,0.87,1.00	complete
HG01981	pat	HG01981#1#JBHDRV010000045.1	2547355	1897202	2493157	3272	400000	301724	1897202	54198	+-	0.84,0.41,0.39,0.70,0.57,0.99,0.88,0.78,0.30,0.76,0.59,0.83,0.80,0.47,0.92,0.99,0.99,1.00,0.87,1.00	complete
HG01981	pat	HG01981#1#JBHDRV010000046.1	3877918	3430669	3829028	3272	400000	305698	3430669	48890	+	0.84,0.41,0.39,0.70,0.56,0.98,0.88,0.80,0.30,0.77,0.59,0.83,0.80,0.67,0.92,0.99,0.99,1.00,0.87,1.00	complete
HG01981	pat	HG01981#1#JBHDRV010000049.1	3223382	2896837	3223382	3272	328478	238153	2896837	0	+	0.84,0.41,0.39,0.70,0.57,0.97,0.88,0.78,0.30,0.76,0.59,0.83,0.80,0.67,1.00,0.99,0.42,0.00,0.00,0.00	truncated at contig end
HG01981	pat	HG01981#1#JBHDRV010000050.1	3217404	2471001	3062375	3272	400000	302359	2471001	155029	+-	0.84,0.41,0.39,0.70,0.57,0.97,0.88,0.78,0.30,0.77,0.59,0.68,0.80,0.67,0.92,0.99,0.99,1.00,0.87,1.00	complete
HG01981	pat	HG01981#1#JBHDRV010000062.1	964891	318780	892819	3272	399998	307103	318780	72072	+-	0.84,0.41,0.39,0.70,0.57,0.97,0.88,0.78,0.30,0.77,0.59,0.83,0.80,0.67,1.00,0.99,0.99,1.00,0.87,1.00	complete
HG02040	hap1	HG02040#1#CM087384.1	48879606	2547632	2940549	3272	400000	301873	2547632	45939057	+	0.47,0.41,0.39,0.70,0.56,0.97,0.88,0.78,0.30,0.77,0.59,0.96,0.80,0.67,1.00,0.99,0.99,1.00,0.86,1.00	complete
HG02040	hap1	HG02040#1#JBHDWS010000052.1	2482566	2192480	2482566	3272	300141	201685	2192480	0	+	0.41,0.36,0.39,0.70,0.57,0.97,0.88,0.78,0.30,0.76,0.59,0.96,0.80,0.67,0.92,0.01,0.00,0.00,0.00,0.00	truncated at contig end
HG02040	hap1	HG02040#1#JBHDWS010000053.1	3749933	2283599	2656277	3272	399998	302280	2283599	1093656	+	0.84,0.41,0.39,0.70,0.56,0.97,0.88,0.78,0.30,0.77,0.59,0.68,0.80,0.67,0.92,0.99,0.99,1.00,0.87,1.00	complete
HG02040	hap1	HG02040#1#JBHDWS010000054.1	4513516	4363516	4513516	3272	150428	105600	4363516	0	+	0.84,0.41,0.39,0.70,0.57,0.97,0.88,0.52,0.00,0.00,0.00,0.00,0.00,0.00,0.00,0.00,0.00,0.00,0.00,0.00	truncated at contig end
HG02040	hap1	HG02040#1#JBHDWS010000075.1	52271	6165	52221	100035	146047	43218	6165	50	+	0.00,0.00,0.00,0.00,0.00,0.97,0.88,0.30,0.00,0.00,0.00,0.00,0.00,0.00,0.00,0.00,0.00,0.00,0.00,0.00	truncated at contig end
HG02040	hap2	HG02040#2#CM087411.1	100190429	4197677	4793897	3272	400000	305612	4197677	95396532	+-	0.84,0.41,0.39,0.70,0.57,0.99,0.88,0.78,0.30,0.76,0.59,0.83,0.80,0.67,0.92,0.99,0.99,1.00,0.87,1.00	complete
HG02040	hap2	HG02040#2#JBHDWT010000021.1	511371	0	266506	129264	399998	224632	0	244865	+	0.00,0.00,0.00,0.00,0.00,0.00,0.54,0.78,0.28,0.77,0.59,0.96,0.80,0.67,1.00,0.99,0.99,1.00,0.87,1.00	truncated at contig end
HG02040	hap2	HG02040#2#JBHDWT010000048.1	3643743	2432671	2804173	3272	400000	299841	2432671	839570	+	0.84,0.41,0.39,0.70,0.56,0.97,0.88,0.78,0.30,0.77,0.59,0.68,0.80,0.47,1.00,0.99,0.99,1.00,0.87,1.00	complete
HG02040	hap2	HG02040#2#JBHDWT010000050.1	3526580	2770594	3148084	3272	400000	300649	2770594	378496	+	0.84,0.41,0.39,0.70,0.56,0.86,0.88,0.78,0.30,0.77,0.59,0.83,0.80,0.47,1.00,0.99,0.99,1.00,0.87,1.00	complete
HG02040	hap2	HG02040#2#JBHDWT010000052.1	3675271	3107629	3499866	6389	400000	304848	3107629	175405	+	0.68,0.41,0.39,0.70,0.57,0.97,0.88,0.78,0.30,0.76,0.59,0.96,0.80,0.67,0.92,0.99,0.99,1.00,0.87,1.00	complete
HG02040	hap2	HG02040#2#JBHDWT010000055.1	419821	269833	419821	3272	150428	105600	269833	0	+	0.84,0.41,0.39,0.70,0.57,0.97,0.88,0.52,0.00,0.00,0.00,0.00,0.00,0.00,0.00,0.00,0.00,0.00,0.00,0.00	truncated at contig end
HG02040	hap2	HG02040#2#JBHDWT010000056.1	3429377	2950662	3349285	3272	400000	284198	2950662	80092	+	0.84,0.41,0.39,0.70,0.57,0.97,0.88,0.78,0.30,0.76,0.59,0.96,0.80,0.67,0.39,0.33,0.99,1.00,0.87,1.00	complete
HG02040	hap2	HG02040#2#JBHDWT010000057.1	418460	0	151525	248449	400000	138990	0	266935	+	0.00,0.00,0.00,0.00,0.00,0.00,0.00,0.00,0.00,0.00,0.00,0.00,0.53,0.67,0.92,0.99,0.99,1.00,0.86,1.00	truncated at contig end
HG02040	hap2	HG02040#2#JBHDWT010000061.1	585686	58	267801	127692	400000	226712	58	317885	+	0.00,0.00,0.00,0.00,0.00,0.00,0.62,0.78,0.30,0.77,0.59,0.96,0.80,0.67,1.00,0.99,0.99,1.00,0.87,1.00	truncated at contig end
HG02155	hap1	HG02155#1#CM091918.1	96728340	2541080	2920460	22046	400000	289255	2541080	93807880	+	0.00,0.43,0.39,0.70,0.56,0.97,0.88,0.78,0.30,0.77,0.59,0.83,0.80,0.67,0.92,0.99,0.99,1.00,0.87,1.00	distal-start
HG02155	hap1	HG02155#1#JBIECB010000012.1	48669859	712159	1306403	3272	400000	306578	712159	47363456	+-	0.84,0.41,0.39,0.70,0.57,0.99,0.88,0.78,0.30,0.76,0.59,0.83,0.80,0.67,1.00,0.99,0.99,1.00,0.84,1.00	complete
HG02155	hap1	HG02155#1#JBIECB010000051.1	2972640	2567521	2944068	3272	400000	306702	2567521	28572	+	0.84,0.41,0.39,0.70,0.56,0.97,0.88,0.78,0.30,0.77,0.59,0.83,0.80,0.67,1.00,0.99,0.99,1.00,0.86,1.00	complete
HG02155	hap1	HG02155#1#JBIECB010000062.1	3697223	2788378	3177704	3272	400000	265160	2788378	519519	+	0.47,0.41,0.39,0.70,0.57,0.86,0.00,0.00,0.30,0.77,0.59,0.96,0.80,0.67,0.92,0.99,0.99,1.00,0.87,1.00	complete, internal gaps
HG02155	hap1	HG02155#1#JBIECB010000063.1	3895925	3130536	3721901	3272	400000	302359	3130536	174024	+-	0.84,0.41,0.39,0.70,0.57,0.97,0.88,0.78,0.30,0.77,0.59,0.68,0.80,0.67,0.92,0.99,0.99,1.00,0.87,1.00	complete
HG02155	hap1	HG02155#1#JBIECB010000064.1	685825	19155	609692	3272	400000	306911	19155	76133	+-	0.84,0.41,0.39,0.70,0.56,0.97,0.88,0.78,0.30,0.77,0.59,0.83,0.80,0.67,1.00,0.99,0.99,1.00,0.87,1.00	complete
HG02155	hap2	HG02155#2#CM091929.1	100554056	2269209	2666470	3272	400000	303041	2269209	97887586	+	0.84,0.41,0.39,0.70,0.57,0.97,0.88,0.78,0.30,0.77,0.59,0.83,0.80,0.47,1.00,0.99,0.99,1.00,0.87,1.00	complete
HG02155	hap2	HG02155#2#JBIECC010000055.1	6771643	4421758	4798568	3272	400000	307689	4421758	1973075	+	0.84,0.41,0.39,0.70,0.57,0.97,0.88,0.78,0.30,0.77,0.59,0.96,0.80,0.67,0.92,0.99,0.99,1.00,0.86,1.00	complete
HG02155	hap2	HG02155#2#JBIECC010000056.1	3690875	3274672	3644967	3272	400000	293705	3274672	45908	+	0.41,0.37,0.39,0.70,0.56,0.97,0.88,0.78,0.30,0.77,0.59,0.83,0.80,0.47,1.00,0.99,0.99,1.00,0.87,1.00	complete
HG02155	hap2	HG02155#2#JBIECC010000057.1	2778058	2115859	2492720	3272	400000	307032	2115859	285338	+	0.84,0.41,0.39,0.70,0.56,0.97,0.88,0.78,0.30,0.77,0.59,0.83,0.80,0.67,1.00,0.99,0.99,1.00,0.87,1.00	complete
HG02258	mat	HG02258#2#CM085843.1	109819022	4270748	4844784	3272	400000	300589	4270748	104974238	+-	0.84,0.41,0.39,0.70,0.57,0.86,0.88,0.78,0.30,0.76,0.59,0.83,0.80,0.47,1.00,0.99,0.99,1.00,0.87,1.00	complete
HG02258	mat	HG02258#2#CM085847.1	48242623	3234531	3611806	23479	400000	287519	3234531	44630817	+	0.00,0.37,0.39,0.70,0.56,0.98,0.88,0.78,0.30,0.76,0.59,0.82,0.80,0.67,0.92,0.99,0.99,1.00,0.87,1.00	distal-start
HG02258	mat	HG02258#2#JBHDUZ010000033.1	3456375	2952472	3345137	6389	400000	303818	2952472	111238	+	0.68,0.41,0.39,0.70,0.57,0.97,0.88,0.78,0.30,0.76,0.59,0.83,0.80,0.67,1.00,0.99,0.99,1.00,0.87,1.00	complete
HG02258	mat	HG02258#2#JBHDUZ010000045.1	5313636	4666959	5059600	3272	400000	297493	4666959	254036	+	0.84,0.04,0.39,0.70,0.57,0.97,0.88,0.78,0.30,0.77,0.59,0.83,0.80,0.67,0.92,0.99,0.99,1.00,0.84,1.00	complete
HG02258	mat	HG02258#2#JBHDUZ010000046.1	4133694	3626089	4020403	3272	400000	303401	3626089	113291	+	0.84,0.41,0.39,0.70,0.57,0.97,0.88,0.80,0.30,0.77,0.59,0.83,0.80,0.47,1.00,0.99,0.99,1.00,0.87,1.00	complete
HG02258	pat	HG02258#1#JBHDUY010000042.1	3465835	3007688	3400343	6389	400000	303818	3007688	65492	+	0.68,0.41,0.39,0.70,0.57,0.97,0.88,0.78,0.30,0.76,0.59,0.83,0.80,0.67,1.00,0.99,0.99,1.00,0.87,1.00	complete
HG02258	pat	HG02258#1#JBHDUY010000048.1	7359893	1943195	2317333	3272	400000	284679	1943195	5042560	+	0.84,0.22,0.39,0.70,0.56,0.97,0.88,0.78,0.30,0.53,0.00,0.75,0.80,0.67,1.00,0.99,0.99,1.00,0.86,1.00	complete
HG02258	pat	HG02258#1#JBHDUY010000050.1	6542168	5836484	6467783	22046	400000	262793	5836484	74385	+-	0.00,0.42,0.39,0.70,0.57,0.86,0.88,0.78,0.30,0.76,0.59,0.83,0.80,0.67,0.39,0.33,0.99,1.00,0.87,1.00	distal-start
HG02258	pat	HG02258#1#JBHDUY010000051.1	3527402	3116320	3492176	23479	400000	290455	3116320	35226	+	0.00,0.37,0.39,0.70,0.56,0.98,0.88,0.78,0.30,0.77,0.59,0.96,0.80,0.67,0.92,0.99,0.99,1.00,0.87,1.00	distal-start
HG02258	pat	HG02258#1#JBHDUY010000055.1	3288247	2603864	3001342	3272	400000	305465	2603864	286905	+	0.84,0.41,0.39,0.70,0.57,0.98,0.88,0.78,0.30,0.77,0.59,0.83,0.80,0.67,0.92,0.99,0.99,1.00,0.87,1.00	complete
HG02280	mat	HG02280#2#JBHDRS010000009.1	102269444	3315378	3711875	3272	400000	300543	3315378	98557569	+	0.74,0.18,0.39,0.70,0.56,0.98,0.88,0.78,0.30,0.77,0.59,0.83,0.80,0.67,1.00,0.99,0.99,1.00,0.87,1.00	complete
HG02280	mat	HG02280#2#JBHDRS010000075.1	4945399	3849854	4248705	3272	400000	304781	3849854	696694	+	0.84,0.36,0.39,0.70,0.57,0.97,0.88,0.80,0.30,0.76,0.59,0.83,0.80,0.67,0.92,0.99,0.99,1.00,0.87,1.00	complete
HG02280	mat	HG02280#2#JBHDRS010000076.1	2065170	1659690	2023971	3272	400000	263036	1659690	41199	+	0.41,0.37,0.39,0.70,0.57,0.86,0.00,0.00,0.30,0.76,0.59,0.96,0.80,0.67,0.92,0.99,0.99,1.00,0.87,1.00	complete, internal gaps
HG02280	mat	HG02280#2#JBHDRS010000078.1	5442123	5014737	5397413	3272	400000	303869	5014737	44710	+	0.62,0.41,0.39,0.70,0.57,0.98,0.88,0.80,0.30,0.77,0.59,0.95,0.80,0.67,0.92,0.99,0.99,1.00,0.87,1.00	complete
HG02280	mat	HG02280#2#JBHDRS010000084.1	3557225	3160184	3535700	3272	400000	305657	3160184	21525	+	0.84,0.41,0.39,0.70,0.57,0.86,0.88,0.78,0.30,0.76,0.59,0.96,0.80,0.67,0.92,0.99,0.99,1.00,0.87,1.00	complete
HG02280	pat	HG02280#1#CM086296.1	101702019	2521160	3118172	3272	400000	305764	2521160	98583847	+-	0.84,0.41,0.39,0.70,0.57,0.97,0.88,0.80,0.30,0.77,0.59,0.83,0.80,0.67,0.92,0.99,0.99,1.00,0.87,1.00	complete
HG02280	pat	HG02280#1#JBHDRR010000013.1	99378287	3540671	3918681	3272	400000	278248	3540671	95459606	+	0.74,0.18,0.39,0.70,0.56,0.97,0.88,0.78,0.30,0.53,0.00,0.75,0.80,0.47,1.00,0.99,0.99,1.00,0.87,1.00	complete
HG02280	pat	HG02280#1#JBHDRR010000046.1	2409167	1841286	2237620	3272	400000	301503	1841286	171547	+	0.75,0.41,0.39,0.70,0.57,0.99,0.88,0.78,0.30,0.76,0.59,0.83,0.80,0.47,1.00,0.99,0.99,1.00,0.87,1.00	complete
HG02280	pat	HG02280#1#JBHDRR010000049.1	3315894	2479893	2878833	3272	400000	281830	2479893	437061	+	0.84,0.41,0.39,0.70,0.57,0.98,0.88,0.78,0.30,0.77,0.59,0.83,0.80,0.67,0.39,0.33,0.99,1.00,0.87,1.00	complete
HG02280	pat	HG02280#1#JBHDRR010000055.1	3764130	3271363	3668129	3272	400000	298358	3271363	96001	+	0.47,0.41,0.39,0.70,0.57,0.97,0.88,0.80,0.30,0.76,0.59,0.83,0.80,0.67,0.92,0.99,0.99,1.00,0.87,1.00	complete
HG02392	hap1	HG02392#1#CM099886.1	100474113	2952473	3526088	3272	400000	306874	2952473	96948025	+-	0.84,0.41,0.39,0.70,0.57,0.97,0.88,0.78,0.30,0.76,0.59,0.83,0.80,0.67,1.00,0.99,0.99,1.00,0.87,1.00	complete
HG02392	hap1	HG02392#1#CM099888.1	48157582	2588398	2985529	3272	400000	306201	2588398	45172053	+	0.84,0.36,0.39,0.70,0.57,0.98,0.88,0.78,0.30,0.77,0.59,0.83,0.80,0.67,1.00,0.99,0.99,1.00,0.87,1.00	complete
HG02392	hap1	HG02392#1#JBHIKE010000062.1	2856596	2337242	2713859	3272	400000	306911	2337242	142737	+	0.84,0.41,0.39,0.70,0.56,0.97,0.88,0.78,0.30,0.77,0.59,0.83,0.80,0.67,1.00,0.99,0.99,1.00,0.87,1.00	complete
HG02392	hap1	HG02392#1#JBHIKE010000064.1	5204441	4562004	5135847	3272	400000	307110	4562004	68594	+-	0.84,0.41,0.39,0.70,0.57,0.97,0.88,0.78,0.30,0.77,0.59,0.83,0.80,0.67,1.00,0.99,0.99,1.00,0.87,1.00	complete
HG02392	hap1	HG02392#1#JBHIKE010000065.1	3061185	1875557	2468421	3272	400000	309552	1875557	592764	+-	0.84,0.41,0.39,0.70,0.57,0.97,0.88,0.78,0.30,0.77,0.59,0.96,0.80,0.67,1.00,0.99,0.99,1.00,0.87,1.00	complete
HG02392	hap1	HG02392#1#JBHIKE010000066.1	2791477	2344779	2735214	6389	400000	306176	2344779	56263	+	0.68,0.41,0.39,0.70,0.57,0.97,0.88,0.78,0.30,0.77,0.59,0.96,0.80,0.67,1.00,0.99,0.99,1.00,0.86,1.00	complete
HG02392	hap2	HG02392#2#CM099895.1	100073353	2299267	2861589	3272	399998	266175	2299267	97211764	+-	0.47,0.00,0.39,0.70,0.57,0.97,0.88,0.78,0.30,0.77,0.59,0.83,0.80,0.67,0.39,0.33,0.99,1.00,0.87,1.00	complete, internal gaps
HG02392	hap2	HG02392#2#CM099898.1	48150198	3128581	3506026	3272	400000	303339	3128581	44644172	+	0.84,0.41,0.39,0.70,0.57,0.97,0.88,0.80,0.30,0.77,0.59,0.83,0.80,0.47,1.00,0.99,0.99,1.00,0.87,1.00	complete
HG02392	hap2	HG02392#2#JBHIKF010000026.1	4613083	4331952	4611151	3272	103434	61386	4331952	1932	+-	0.84,0.41,0.39,0.70,0.57,0.17,0.00,0.00,0.00,0.00,0.00,0.00,0.00,0.00,0.00,0.00,0.00,0.00,0.00,0.00	truncated at contig end
HG02392	hap2	HG02392#2#JBHIKF010000064.1	4340958	3456003	4014984	3272	400000	287504	3456003	325974	+-	0.47,0.00,0.39,0.70,0.56,0.97,0.88,0.78,0.30,0.77,0.59,0.83,0.80,0.47,1.00,0.99,0.99,1.00,0.87,1.00	complete
HG02392	hap2	HG02392#2#JBHIKF010000068.1	481483	3729	360287	23479	400000	289618	3729	121196	+	0.00,0.37,0.39,0.70,0.57,0.97,0.88,0.78,0.30,0.77,0.59,0.83,0.80,0.67,1.00,0.99,0.99,1.00,0.87,1.00	distal-start
HG02523	mat	HG02523#2#CM086945.1	97793575	2992139	3639416	3272	400000	262392	2992139	94154159	+-	0.84,0.41,0.39,0.70,0.57,0.86,0.88,0.78,0.30,0.53,0.00,0.75,0.85,0.68,0.39,0.33,0.99,1.00,0.87,1.00	complete, internal gaps
HG02523	mat	HG02523#2#CM086949.1	47179499	2562059	2932933	3272	400000	297620	2562059	44246566	+	0.41,0.37,0.39,0.70,0.57,0.97,0.88,0.78,0.30,0.76,0.59,0.83,0.80,0.67,1.00,0.99,0.99,1.00,0.87,1.00	complete
HG02523	mat	HG02523#2#JBHDTU010000042.1	2929346	2454642	2850123	3272	400000	298728	2454642	79223	+	0.74,0.18,0.39,0.70,0.57,0.86,0.88,0.78,0.30,0.77,0.59,0.96,0.80,0.67,0.92,0.99,0.99,1.00,0.86,1.00	complete
HG02523	mat	HG02523#2#JBHDTU010000044.1	2597954	2040170	2416266	3272	400000	302949	2040170	181688	+	0.84,0.41,0.39,0.70,0.56,0.97,0.88,0.78,0.30,0.77,0.59,0.83,0.80,0.47,1.00,0.99,0.99,1.00,0.87,1.00	complete
HG02523	mat	HG02523#2#JBHDTU010000045.1	2596499	2220988	2496481	122325	400000	229391	2220988	100018	+	0.00,0.00,0.00,0.00,0.00,0.00,0.88,0.78,0.30,0.76,0.59,0.83,0.80,0.67,1.00,0.99,0.99,1.00,0.87,1.00	partial
HG02523	pat	HG02523#1#CM086928.1	106468483	2400294	2777294	3272	400000	306893	2400294	103691189	+	0.84,0.41,0.39,0.70,0.56,0.98,0.88,0.78,0.30,0.77,0.59,0.83,0.80,0.67,1.00,0.99,0.99,1.00,0.87,1.00	complete
HG02523	pat	HG02523#1#JBHDTT010000064.1	4158772	3085968	3723392	3272	400000	302626	3085968	435380	+-	0.84,0.41,0.39,0.70,0.57,0.97,0.88,0.80,0.30,0.77,0.59,0.83,0.85,0.49,0.92,0.99,0.99,1.00,0.86,1.00	complete
HG02523	pat	HG02523#1#JBHDTT010000065.1	4304726	3619439	4258945	3272	400000	299520	3619439	45781	+-	0.41,0.46,0.39,0.70,0.57,0.97,0.88,0.78,0.30,0.77,0.59,0.83,0.80,0.67,1.00,0.99,0.99,1.00,0.87,1.00	complete
HG02523	pat	HG02523#1#JBHDTT010000077.1	358830	1394	312002	86826	400000	255929	1394	46828	+	0.00,0.00,0.00,0.00,0.29,0.98,0.88,0.78,0.30,0.77,0.59,0.96,0.80,0.67,0.92,0.99,0.99,1.00,0.87,1.00	truncated at contig end
HG02523	pat	HG02523#1#JBHDTT010000078.1	374117	0	288433	109851	400000	239207	0	85684	+	0.00,0.00,0.00,0.00,0.00,0.50,0.88,0.78,0.30,0.77,0.59,0.83,0.80,0.67,1.00,0.99,0.99,1.00,0.86,1.00	truncated at contig end
HG02615	mat	HG02615#2#CM086701.1	48248394	1746464	2339059	3272	400000	306614	1746464	45909335	+-	0.84,0.41,0.39,0.70,0.57,0.97,0.88,0.78,0.30,0.76,0.59,0.83,0.80,0.67,1.00,0.99,0.99,1.00,0.86,1.00	complete
HG02615	mat	HG02615#2#JBHDTA010000050.1	3817519	2991726	3632618	3272	400000	293752	2991726	184901	+-	0.41,0.46,0.39,0.70,0.57,0.99,0.88,0.78,0.28,0.77,0.59,0.83,0.80,0.47,0.92,0.99,0.99,1.00,0.87,1.00	complete
HG02615	mat	HG02615#2#JBHDTA010000052.1	4675277	3752306	4147189	6389	400000	301929	3752306	528088	+	0.68,0.41,0.39,0.70,0.57,0.97,0.88,0.77,0.30,0.77,0.59,0.82,0.80,0.67,0.92,0.99,0.99,1.00,0.87,1.00	complete
HG02615	mat	HG02615#2#JBHDTA010000053.1	5883373	5252238	5845973	3272	396878	303018	5252238	37400	+-	0.84,0.37,0.39,0.70,0.56,0.97,0.88,0.78,0.30,0.77,0.59,0.83,0.80,0.67,1.00,0.99,0.99,1.00,0.87,0.84	complete
HG02615	mat	HG02615#2#JBHDTA010000054.1	2620542	2168166	2560289	3272	400000	309821	2168166	60253	+	0.84,0.41,0.39,0.70,0.57,0.97,0.88,0.80,0.30,0.77,0.59,0.96,0.80,0.67,1.00,0.99,0.99,1.00,0.87,1.00	complete
HG02615	pat	HG02615#1#JBHDSZ010000014.1	95575486	2321180	2960775	3272	400000	297088	2321180	92614711	+-	0.41,0.46,0.39,0.70,0.57,0.86,0.88,0.78,0.30,0.77,0.59,0.83,0.80,0.67,1.00,0.99,0.99,1.00,0.87,1.00	complete
HG02615	pat	HG02615#1#JBHDSZ010000018.1	4583514	3915112	4556177	3272	400000	297526	3915112	27337	+-	0.41,0.46,0.39,0.70,0.57,0.97,0.88,0.78,0.30,0.77,0.59,0.83,0.80,0.67,0.92,0.99,0.99,1.00,0.86,1.00	complete
HG02615	pat	HG02615#1#JBHDSZ010000052.1	4652485	4164424	4561819	3272	400000	302038	4164424	90666	+	0.84,0.36,0.39,0.70,0.57,0.97,0.88,0.78,0.30,0.76,0.59,0.83,0.80,0.47,1.00,0.99,0.99,1.00,0.87,1.00	complete
HG02615	pat	HG02615#1#JBHDSZ010000055.1	3129627	2562042	2954738	3272	400000	310621	2562042	174889	+	0.84,0.41,0.39,0.70,0.57,0.98,0.88,0.78,0.30,0.76,0.59,0.96,0.85,0.68,1.00,0.99,0.99,1.00,0.87,1.00	complete
HG02615	pat	HG02615#1#JBHDSZ010000058.1	3250954	2822535	3202739	3272	400000	282175	2822535	48215	+	0.84,0.41,0.39,0.70,0.57,0.97,0.88,0.80,0.30,0.77,0.59,0.83,0.80,0.67,0.39,0.33,0.99,1.00,0.87,1.00	complete
HG03239	mat	HG03239#2#CM088772.1	43358695	2697808	3340694	8233	400000	300142	2697808	40018001	+-	0.59,0.41,0.39,0.70,0.57,0.97,0.88,0.78,0.30,0.76,0.59,0.82,0.80,0.67,0.92,0.99,0.99,1.00,0.87,1.00	complete
HG03239	mat	HG03239#2#JBHIHT010000015.1	1913589	1506260	1899598	3272	400000	301571	1506260	13991	+	0.84,0.36,0.39,0.70,0.57,0.98,0.88,0.78,0.30,0.77,0.59,0.68,0.80,0.67,0.92,0.99,0.99,1.00,0.87,1.00	complete
HG03239	mat	HG03239#2#JBHIHT010000051.1	3524021	2787576	3423264	3272	400000	308024	2787576	100757	+-	0.84,0.41,0.39,0.70,0.57,0.97,0.88,0.78,0.30,0.76,0.59,0.83,0.85,0.68,1.00,0.99,0.99,1.00,0.87,1.00	complete
HG03239	mat	HG03239#2#JBHIHT010000052.1	3418107	2694557	3333059	3272	400000	305844	2694557	85048	+-	0.84,0.41,0.39,0.70,0.57,0.97,0.88,0.80,0.30,0.77,0.59,0.83,0.80,0.67,0.92,0.99,0.99,1.00,0.87,1.00	complete
HG03239	mat	HG03239#2#JBHIHT010000056.1	3240877	2834048	3212432	3272	400000	305165	2834048	28445	+	0.84,0.41,0.39,0.70,0.56,0.97,0.88,0.78,0.30,0.76,0.59,0.83,0.80,0.67,0.92,0.99,0.99,1.00,0.87,1.00	complete
HG03239	pat	HG03239#1#JBHIHS010000015.1	32799750	3338143	3734154	3272	400000	307241	3338143	29065596	+	0.84,0.36,0.39,0.70,0.57,0.98,0.88,0.78,0.30,0.77,0.59,0.96,0.80,0.67,0.92,0.99,0.99,1.00,0.87,1.00	complete
HG03239	pat	HG03239#1#JBHIHS010000044.1	4174370	3623486	4021304	3272	400000	302544	3623486	153066	+	0.84,0.41,0.39,0.70,0.57,0.97,0.88,0.78,0.28,0.77,0.59,0.83,0.80,0.47,1.00,0.99,0.99,1.00,0.87,1.00	complete
HG03239	pat	HG03239#1#JBHIHS010000050.1	2647850	2187437	2594741	3272	400000	307032	2187437	53109	+	0.84,0.41,0.39,0.70,0.56,0.97,0.88,0.78,0.30,0.77,0.59,0.83,0.80,0.67,1.00,0.99,0.99,1.00,0.87,1.00	complete
HG03239	pat	HG03239#1#JBHIHS010000051.1	6205475	5452595	6025651	3272	400000	308069	5452595	179824	+-	0.84,0.41,0.39,0.70,0.57,0.97,0.88,0.78,0.30,0.77,0.59,0.83,0.85,0.68,1.00,0.99,0.99,1.00,0.87,1.00	complete
HG03239	pat	HG03239#1#JBHIHS010000052.1	2953641	2183189	2581072	3272	400000	306470	2183189	372569	+	0.84,0.41,0.39,0.70,0.56,0.97,0.88,0.78,0.30,0.77,0.59,0.83,0.85,0.68,0.92,0.99,0.99,1.00,0.87,1.00	complete
HG03521	hap1	HG03521#1#JBIREF010000025.1	798441	354355	748586	3272	400000	304069	354355	49855	+	0.84,0.41,0.39,0.70,0.57,0.97,0.88,0.80,0.30,0.77,0.59,0.87,0.80,0.47,1.00,0.99,0.99,1.00,0.87,1.00	complete
HG03521	hap1	HG03521#1#JBIREF010000056.1	5487833	5086081	5461497	3272	400000	289925	5086081	26336	+	0.84,0.41,0.39,0.70,0.57,0.97,0.88,0.78,0.30,0.53,0.00,0.75,0.85,0.68,1.00,0.99,0.99,1.00,0.87,1.00	complete
HG03521	hap2	HG03521#2#CM094434.1	208122240	201852304	202242666	6389	400000	306506	201852304	5879574	-	0.68,0.41,0.39,0.70,0.57,0.97,0.88,0.78,0.30,0.77,0.59,0.96,0.80,0.67,1.00,0.99,0.99,1.00,0.87,1.00	complete
HG03521	hap2	HG03521#2#CM094443.1	44317325	3743668	4138577	6389	400000	302601	3743668	40178748	+	0.68,0.41,0.39,0.70,0.57,0.98,0.88,0.78,0.30,0.77,0.59,0.83,0.80,0.67,0.92,0.99,0.99,1.00,0.87,1.00	complete
HG03521	hap2	HG03521#2#JBIREG010000062.1	3482285	3064115	3442504	3272	400000	301878	3064115	39781	+	0.84,0.41,0.39,0.70,0.57,0.99,0.88,0.78,0.30,0.77,0.59,0.83,0.80,0.47,0.92,0.99,0.99,1.00,0.87,1.00	complete
HG03521	hap2	HG03521#2#JBIREG010000063.1	1679733	574829	1169283	3272	400000	307260	574829	510450	+-	0.84,0.41,0.39,0.70,0.57,0.99,0.88,0.78,0.30,0.77,0.59,0.83,0.80,0.67,1.00,0.99,0.99,1.00,0.87,1.00	complete
HG03521	hap2	HG03521#2#JBIREG010000064.1	4583149	3871704	4248529	3272	400000	306951	3871704	334620	+	0.84,0.41,0.39,0.70,0.57,0.97,0.88,0.78,0.30,0.77,0.59,0.83,0.80,0.67,1.00,0.99,0.99,1.00,0.87,1.00	complete
HG03521	hap2	HG03521#2#JBIREG010000066.1	4523123	3910184	4502628	3272	400000	309365	3910184	20495	+-	0.84,0.41,0.39,0.70,0.56,0.97,0.88,0.78,0.30,0.76,0.59,0.96,0.80,0.67,1.00,0.99,0.99,1.00,0.87,1.00	complete
HG03521	hap2	HG03521#2#JBIREG010000069.1	3369222	2965740	3341836	3272	400000	306894	2965740	27386	+	0.84,0.41,0.39,0.70,0.57,0.97,0.88,0.78,0.30,0.76,0.59,0.83,0.80,0.67,1.00,0.99,0.99,1.00,0.87,1.00	complete
HG03654	mat	HG03654#2#JBHDTO010000053.1	3691315	3101804	3676739	3272	400000	284299	3101804	14576	+-	0.84,0.41,0.39,0.70,0.57,0.97,0.88,0.78,0.30,0.77,0.59,0.96,0.80,0.67,0.39,0.33,0.99,1.00,0.87,1.00	complete
HG03654	mat	HG03654#2#JBHDTO010000054.1	9546834	2493582	2870526	22093	400000	286438	2493582	6676308	+	0.00,0.44,0.39,0.70,0.57,0.97,0.88,0.78,0.28,0.77,0.59,0.83,0.80,0.47,1.00,0.99,0.99,1.00,0.87,1.00	distal-start
HG03654	mat	HG03654#2#JBHDTO010000055.1	2639824	2068164	2442513	23479	399998	291937	2068164	197311	+	0.00,0.37,0.39,0.70,0.56,0.97,0.88,0.78,0.30,0.77,0.59,0.96,0.80,0.67,1.00,0.99,0.99,1.00,0.87,1.00	distal-start
HG03654	mat	HG03654#2#JBHDTO010000056.1	2536253	2187053	2446703	3272	287869	188578	2187053	89550	+	0.41,0.37,0.39,0.70,0.57,0.97,0.88,0.78,0.30,0.76,0.59,0.83,0.80,0.67,0.39,0.00,0.00,0.00,0.00,0.00	partial
HG03654	mat	HG03654#2#JBHDTO010000069.1	890633	194369	834523	3272	400000	277852	194369	56110	+-	0.84,0.41,0.39,0.70,0.57,0.97,0.88,0.80,0.30,0.77,0.59,0.82,0.80,0.47,0.39,0.33,0.99,1.00,0.87,1.00	complete
HG03654	mat	HG03654#2#JBHDTO010000078.1	638615	202128	595214	6389	400000	303818	202128	43401	+	0.68,0.41,0.39,0.70,0.57,0.97,0.88,0.78,0.30,0.76,0.59,0.83,0.80,0.67,1.00,0.99,0.99,1.00,0.87,1.00	complete
HG03654	pat	HG03654#1#JBHDTN010000017.1	5563572	5148951	5547011	3272	400000	306827	5148951	16561	+	0.84,0.41,0.39,0.70,0.56,0.97,0.88,0.78,0.30,0.77,0.59,0.83,0.80,0.67,1.00,0.99,0.99,1.00,0.87,1.00	complete
HG03654	pat	HG03654#1#JBHDTN010000019.1	6271498	4012624	4586747	3272	400000	307110	4012624	1684751	+-	0.84,0.41,0.39,0.70,0.57,0.97,0.88,0.78,0.30,0.77,0.59,0.83,0.80,0.67,1.00,0.99,0.99,1.00,0.87,1.00	complete
HG03654	pat	HG03654#1#JBHDTN010000051.1	3893471	3361393	3736516	3272	400000	305903	3361393	156955	+	0.84,0.41,0.39,0.70,0.57,0.86,0.88,0.78,0.30,0.77,0.59,0.96,0.80,0.67,0.92,0.99,0.99,1.00,0.87,1.00	complete
HG03654	pat	HG03654#1#JBHDTN010000055.1	2706744	2101231	2493927	6389	400000	303818	2101231	212817	+	0.68,0.41,0.39,0.70,0.57,0.97,0.88,0.78,0.30,0.76,0.59,0.83,0.80,0.67,1.00,0.99,0.99,1.00,0.87,1.00	complete
HG03654	pat	HG03654#1#JBHDTN010000064.1	2070080	1607934	1984573	3272	400000	306917	1607934	85507	+	0.84,0.41,0.39,0.70,0.56,0.97,0.88,0.78,0.30,0.77,0.59,0.83,0.80,0.67,1.00,0.99,0.99,1.00,0.87,1.00	complete
HG03942	mat	HG03942#2#JBHIGT010000022.1	3593889	3009643	3575037	3272	400000	306893	3009643	18852	+-	0.84,0.41,0.39,0.70,0.56,0.98,0.88,0.78,0.30,0.77,0.59,0.83,0.80,0.67,1.00,0.99,0.99,1.00,0.87,1.00	complete
HG03942	mat	HG03942#2#JBHIGT010000059.1	50463981	3235059	3634283	3272	400000	280948	3235059	46829698	+	0.84,0.36,0.39,0.70,0.57,0.98,0.88,0.78,0.30,0.77,0.59,0.83,0.80,0.67,0.39,0.33,0.99,1.00,0.87,1.00	complete
HG03942	mat	HG03942#2#JBHIGT010000068.1	2242267	1812345	2190657	3272	400000	301295	1812345	51610	+	0.84,0.41,0.39,0.70,0.56,0.97,0.88,0.78,0.30,0.76,0.59,0.83,0.80,0.47,0.92,0.99,0.99,1.00,0.87,1.00	complete
HG03942	mat	HG03942#2#JBHIGT010000072.1	2844873	2266019	2659116	6389	400000	302709	2266019	185757	+-	0.68,0.41,0.39,0.70,0.57,0.97,0.88,0.78,0.27,0.74,0.59,0.83,0.80,0.67,1.00,0.99,0.99,1.00,0.87,1.00	complete
HG03942	mat	HG03942#2#JBHIGT010000074.1	2065049	1611930	2004653	3272	400000	301762	1611930	60396	+	0.84,0.36,0.39,0.70,0.57,0.99,0.88,0.78,0.30,0.77,0.59,0.68,0.80,0.67,0.92,0.99,0.99,1.00,0.87,1.00	complete
HG03942	pat	HG03942#1#CM088400.1	42629072	1825616	2420782	3272	400000	302988	1825616	40208290	+-	0.84,0.41,0.39,0.70,0.57,0.98,0.88,0.78,0.30,0.77,0.59,0.82,0.80,0.47,1.00,0.99,0.99,1.00,0.87,1.00	complete
HG03942	pat	HG03942#1#JBHIGS010000003.1	96169037	1056064	1451945	3272	399998	307827	1056064	94717092	+	0.84,0.41,0.39,0.70,0.56,0.98,0.88,0.78,0.30,0.76,0.59,0.96,0.80,0.67,0.92,0.99,0.99,1.00,0.87,1.00	complete
HG03942	pat	HG03942#1#JBHIGS010000015.1	2937430	1620380	1907021	3272	316456	205759	1620380	1030409	+	0.84,0.41,0.39,0.70,0.57,0.86,0.88,0.78,0.30,0.52,0.00,0.75,0.80,0.67,1.00,0.81,0.00,0.00,0.00,0.00	partial
HG03942	pat	HG03942#1#JBHIGS010000065.1	2604261	1957643	2552304	3272	400000	307135	1957643	51957	+-	0.84,0.41,0.39,0.70,0.57,0.99,0.88,0.78,0.30,0.76,0.59,0.83,0.80,0.67,1.00,0.99,0.99,1.00,0.87,1.00	complete
HG03942	pat	HG03942#1#JBHIGS010000069.1	1812910	1096834	1469684	3272	400000	302281	1096834	343226	+	0.84,0.41,0.39,0.70,0.56,0.97,0.88,0.78,0.30,0.77,0.59,0.68,0.80,0.67,0.92,0.99,0.99,1.00,0.87,1.00	complete
HG03942	pat	HG03942#1#JBHIGS010000071.1	1771485	1346351	1740168	3272	400000	302373	1346351	31317	+	0.84,0.41,0.39,0.70,0.57,0.97,0.88,0.78,0.30,0.77,0.59,0.68,0.80,0.67,0.92,0.99,0.99,1.00,0.87,1.00	complete
NA20752	hap1	NA20752#1#CM099776.1	99483789	2245465	2841883	3272	400000	305165	2245465	96641906	+-	0.84,0.41,0.39,0.70,0.56,0.97,0.88,0.78,0.30,0.76,0.59,0.83,0.80,0.67,0.92,0.99,0.99,1.00,0.87,1.00	complete
NA20752	hap1	NA20752#1#JBJUVQ010000017.1	3561344	3136341	3533367	3272	400000	300628	3136341	27977	+	0.74,0.18,0.39,0.70,0.57,0.97,0.88,0.78,0.30,0.77,0.59,0.83,0.80,0.67,1.00,0.99,0.99,1.00,0.87,1.00	complete
NA20752	hap1	NA20752#1#JBJUVQ010000057.1	4871717	4286803	4842110	3272	400000	287276	4286803	29607	+-	0.84,0.41,0.39,0.70,0.57,0.99,0.88,0.78,0.30,0.53,0.00,0.75,0.80,0.67,0.92,0.99,0.99,1.00,0.86,1.00	complete
NA20752	hap1	NA20752#1#JBJUVQ010000059.1	3906870	3484756	3880741	3272	400000	298331	3484756	26129	+	0.47,0.41,0.39,0.70,0.57,0.99,0.88,0.78,0.30,0.76,0.59,0.83,0.80,0.67,0.92,0.99,0.99,1.00,0.87,1.00	complete
NA20752	hap2	NA20752#2#CM099794.1	44762694	3499988	4138301	3272	400000	305430	3499988	40624393	+-	0.84,0.41,0.39,0.70,0.56,0.98,0.88,0.78,0.30,0.77,0.59,0.83,0.80,0.67,0.92,0.99,0.99,1.00,0.87,1.00	complete
NA20752	hap2	NA20752#2#JBJUVR010000016.1	2777580	2151043	2745719	3272	400000	307135	2151043	31861	+-	0.84,0.41,0.39,0.70,0.57,0.99,0.88,0.78,0.30,0.76,0.59,0.83,0.80,0.67,1.00,0.99,0.99,1.00,0.87,1.00	complete
NA20752	hap2	NA20752#2#JBJUVR010000060.1	5383048	2081123	2367767	3272	316456	205759	2081123	3015281	+	0.84,0.41,0.39,0.70,0.57,0.86,0.88,0.78,0.30,0.52,0.00,0.75,0.80,0.67,1.00,0.81,0.00,0.00,0.00,0.00	partial
NA20752	hap2	NA20752#2#JBJUVR010000060.1	5383048	4721922	5100694	3272	400000	288797	4721922	282354	+	0.84,0.41,0.39,0.70,0.57,0.97,0.88,0.78,0.30,0.53,0.00,0.75,0.80,0.67,1.00,0.99,0.99,1.00,0.87,1.00	complete
NA20752	hap2	NA20752#2#JBJUVR010000062.1	3580027	3092015	3468045	3272	400000	307266	3092015	111982	+	0.84,0.41,0.39,0.70,0.57,0.99,0.88,0.78,0.30,0.77,0.59,0.83,0.80,0.67,1.00,0.99,0.99,1.00,0.87,1.00	complete
NA20752	hap2	NA20752#2#JBJUVR010000065.1	3390788	2658762	3232441	3272	399998	307183	2658762	158347	+-	0.84,0.41,0.39,0.70,0.57,0.98,0.88,0.78,0.30,0.77,0.59,0.83,0.80,0.67,1.00,0.99,0.99,1.00,0.87,1.00	complete
NA20752	hap2	NA20752#2#JBJUVR010000069.1	1083510	402676	976693	3272	400000	307110	402676	106817	+-	0.84,0.41,0.39,0.70,0.57,0.97,0.88,0.78,0.30,0.77,0.59,0.83,0.80,0.67,1.00,0.99,0.99,1.00,0.87,1.00	complete
NA20805	hap1	NA20805#1#JBIEBZ010000020.1	6693873	4946938	5334345	3272	400000	266703	4946938	1359528	+	0.47,0.41,0.39,0.70,0.57,0.86,0.00,0.00,0.30,0.77,0.59,0.96,0.80,0.67,1.00,0.99,0.99,1.00,0.87,1.00	complete, internal gaps
NA20805	hap1	NA20805#1#JBIEBZ010000055.1	3057922	2214820	2593832	3272	400000	305165	2214820	464090	+	0.84,0.41,0.39,0.70,0.56,0.97,0.88,0.78,0.30,0.76,0.59,0.83,0.80,0.67,0.92,0.99,0.99,1.00,0.87,1.00	complete
NA20805	hap1	NA20805#1#JBIEBZ010000058.1	2596282	1992357	2549130	3272	400000	287653	1992357	47152	+-	0.84,0.41,0.39,0.70,0.57,0.97,0.88,0.80,0.30,0.53,0.00,0.75,0.80,0.67,0.92,0.99,0.99,1.00,0.87,1.00	complete
NA20805	hap1	NA20805#1#JBIEBZ010000059.1	1150783	276249	871856	3272	400000	303021	276249	278927	+-	0.84,0.41,0.39,0.70,0.57,0.97,0.88,0.78,0.30,0.77,0.59,0.83,0.80,0.47,1.00,0.99,0.99,1.00,0.87,1.00	complete
NA20805	hap1	NA20805#1#JBIEBZ010000062.1	2133910	1659243	2048844	3272	400000	307059	1659243	85066	+	0.84,0.41,0.39,0.70,0.57,0.97,0.88,0.78,0.30,0.77,0.59,0.83,0.80,0.67,1.00,0.99,0.99,1.00,0.87,1.00	complete
NA20805	hap2	NA20805#2#CM091907.1	46639085	2519423	2912766	3272	400000	302080	2519423	43726319	+	0.84,0.41,0.39,0.70,0.56,0.97,0.88,0.78,0.30,0.76,0.59,0.68,0.80,0.67,0.92,0.99,0.99,1.00,0.87,1.00	complete
NA20805	hap2	NA20805#2#JBIECA010000022.1	8357335	362775	649417	3272	316456	205759	362775	7707918	+	0.84,0.41,0.39,0.70,0.57,0.86,0.88,0.78,0.30,0.52,0.00,0.75,0.80,0.67,1.00,0.81,0.00,0.00,0.00,0.00	partial
NA20805	hap2	NA20805#2#JBIECA010000022.1	8357335	3004705	3383477	3272	400000	288797	3004705	4973858	+	0.84,0.41,0.39,0.70,0.57,0.97,0.88,0.78,0.30,0.53,0.00,0.75,0.80,0.67,1.00,0.99,0.99,1.00,0.87,1.00	complete
NA20805	hap2	NA20805#2#JBIECA010000052.1	104386848	291594	667188	23479	400000	289647	291594	103719660	+	0.00,0.37,0.39,0.70,0.57,0.98,0.88,0.78,0.30,0.77,0.59,0.83,0.80,0.67,1.00,0.99,0.99,1.00,0.87,1.00	distal-start
NA20805	hap2	NA20805#2#JBIECA010000058.1	3285483	2859121	3255109	3272	400000	304742	2859121	30374	+	0.84,0.41,0.39,0.70,0.57,0.86,0.88,0.78,0.30,0.77,0.59,0.83,0.80,0.67,1.00,0.99,0.99,1.00,0.87,1.00	complete
NA20805	hap2	NA20805#2#JBIECA010000059.1	2785311	2154655	2750548	3272	400000	305612	2154655	34763	+-	0.84,0.41,0.39,0.70,0.57,0.99,0.88,0.78,0.30,0.76,0.59,0.83,0.80,0.67,0.92,0.99,0.99,1.00,0.87,1.00	complete
