sample	block_kb	assembly	reads	call	core
HG00097	0	9.0	9.048	9	False
HG00097	20	10.0	9.946	10	False
HG00097	40	10.0	9.929	10	True
HG00097	60	10.0	9.852	10	True
HG00097	80	10.0	10.128	10	True
HG00097	100	10.0	9.766	10	True
HG00097	120	10.0	9.763	10	False
HG00097	140	10.0	10.054	10	False
HG00097	160	10.0	9.686	10	False
HG00097	180	10.0	9.706	10	False
HG00097	200	9.0	9.204	9	False
HG00097	220	10.0	10.17	10	False
HG00097	240	10.0	10.076	10	True
HG00097	260	10.0	9.752	10	True
HG00097	280	10.0	9.895	10	True
HG00097	300	10.0	9.976	10	True
HG00097	320	10.0	9.928	10	True
HG00097	340	10.0	10.156	10	True
HG00097	360	10.0	10.25	10	True
HG00097	380	10.0	10.02	10	True
HG00146	0	11.0	11.128	11	False
HG00146	20	11.0	10.853	11	False
HG00146	40	11.0	10.991	11	True
HG00146	60	12.0	10.888	11	True
HG00146	80	12.0	10.438	11	True
HG00146	100	11.5	10.716	11	True
HG00146	120	11.0	10.638	11	False
HG00146	140	11.0	10.82	11	False
HG00146	160	11.0	10.752	11	False
HG00146	180	10.5	10.794	11	False
HG00146	200	9.0	8.856	9	False
HG00146	220	11.0	10.602	11	False
HG00146	240	11.0	10.784	11	True
HG00146	260	11.0	10.616	11	True
HG00146	280	11.0	10.772	11	True
HG00146	300	11.0	10.709	11	True
HG00146	320	10.0	9.955	10	True
HG00146	340	10.0	9.91	10	True
HG00146	360	10.0	9.888	10	True
HG00146	380	10.0	9.977	10	True
HG00232	0	10.0	9.744	10	False
HG00232	20	11.0	10.767	11	False
HG00232	40	11.0	10.862	11	True
HG00232	60	11.0	11.085	11	True
HG00232	80	11.0	11.066	11	True
HG00232	100	11.0	11.107	11	True
HG00232	120	11.0	11.2	11	False
HG00232	140	11.0	11.086	11	False
HG00232	160	11.0	10.977	11	False
HG00232	180	10.5	10.717	11	False
HG00232	200	10.0	10.303	10	False
HG00232	220	11.0	10.886	11	False
HG00232	240	11.0	10.867	11	True
HG00232	260	11.0	10.684	11	True
HG00232	280	11.0	10.771	11	True
HG00232	300	11.0	10.692	11	True
HG00232	320	10.0	9.985	10	True
HG00232	340	10.0	10.01	10	True
HG00232	360	10.0	9.767	10	True
HG00232	380	10.0	9.804	10	True
HG00320	0	10.0	9.776	10	False
HG00320	20	10.0	9.8	10	False
HG00320	40	10.0	9.911	10	True
HG00320	60	10.0	9.677	10	True
HG00320	80	10.0	9.828	10	True
HG00320	100	10.0	9.89	10	True
HG00320	120	10.0	9.92	10	False
HG00320	140	10.0	10.07	10	False
HG00320	160	10.0	10.185	10	False
HG00320	180	11.0	10.481	11	False
HG00320	200	11.0	10.93	11	False
HG00320	220	11.0	10.975	11	False
HG00320	240	11.0	11.052	11	True
HG00320	260	11.0	11.181	11	True
HG00320	280	11.0	10.981	11	True
HG00320	300	11.0	11.137	11	True
HG00320	320	11.0	11.189	11	True
HG00320	340	11.0	11.052	11	True
HG00320	360	11.5	10.936	11	True
HG00320	380	12.0	11.104	11	True
HG00438	0	9.0	8.638	8	False
HG00438	20	10.0	9.863	10	False
HG00438	40	10.0	9.879	10	True
HG00438	60	10.0	10.012	10	True
HG00438	80	10.0	9.856	10	True
HG00438	100	10.0	9.674	10	True
HG00438	120	10.0	9.891	10	False
HG00438	140	10.0	9.68	10	False
HG00438	160	10.0	10.074	10	False
HG00438	180	10.0	9.826	10	False
HG00438	200	10.0	9.707	10	False
HG00438	220	10.0	9.894	10	False
HG00438	240	10.0	9.825	10	True
HG00438	260	10.0	9.446	10	True
HG00438	280	10.0	9.768	10	True
HG00438	300	10.0	9.779	10	True
HG00438	320	10.0	9.946	10	True
HG00438	340	10.0	9.696	10	True
HG00438	360	10.0	9.826	10	True
HG00438	380	10.0	9.556	10	True
HG00621	0	9.0	8.779	9	False
HG00621	20	9.0	8.78	9	False
HG00621	40	9.0	8.708	9	True
HG00621	60	9.0	8.803	9	True
HG00621	80	9.0	9.037	9	True
HG00621	100	9.0	9.051	9	True
HG00621	120	9.0	9.252	9	False
HG00621	140	9.0	9.188	9	False
HG00621	160	9.0	9.117	9	False
HG00621	180	9.0	9.428	9	False
HG00621	200	9.0	9.044	9	False
HG00621	220	9.0	8.915	9	False
HG00621	240	8.0	8.336	8	True
HG00621	260	8.0	7.871	8	True
HG00621	280	8.0	8.083	8	True
HG00621	300	9.0	8.868	9	True
HG00621	320	9.0	9.037	9	True
HG00621	340	9.0	9.236	9	True
HG00621	360	9.0	9.36	9	True
HG00621	380	9.0	8.966	9	True
HG00642	0	8.5	8.951	9	False
HG00642	20	9.0	9.754	10	False
HG00642	40	9.0	9.892	10	True
HG00642	60	9.0	9.982	10	True
HG00642	80	9.0	10.107	10	True
HG00642	100	9.0	9.956	10	True
HG00642	120	11.5	10.227	10	False
HG00642	140	11.0	9.972	10	False
HG00642	160	10.0	10.268	10	False
HG00642	180	10.0	9.867	10	False
HG00642	200	10.0	10.109	10	False
HG00642	220	10.0	9.981	10	False
HG00642	240	10.0	9.871	10	True
HG00642	260	10.0	9.946	10	True
HG00642	280	10.0	9.787	10	True
HG00642	300	10.0	9.708	10	True
HG00642	320	10.0	9.741	10	True
HG00642	340	10.0	9.691	10	True
HG00642	360	10.0	9.67	10	True
HG00642	380	10.0	9.962	10	True
HG00658	0	8.5	8.359	8	False
HG00658	20	9.0	8.995	9	False
HG00658	40	9.0	8.881	9	True
HG00658	60	9.0	8.992	9	True
HG00658	80	9.0	8.995	9	True
HG00658	100	9.0	8.961	9	True
HG00658	120	9.0	8.868	9	False
HG00658	140	9.0	9.114	9	False
HG00658	160	9.0	8.88	9	False
HG00658	180	9.0	8.876	9	False
HG00658	200	9.0	8.843	9	False
HG00658	220	9.0	8.693	9	False
HG00658	240	9.0	8.998	9	True
HG00658	260	9.0	8.874	9	True
HG00658	280	9.0	9.039	9	True
HG00658	300	9.0	9.015	9	True
HG00658	320	11.0	9.027	9	True
HG00658	340	10.0	8.941	9	True
HG00658	360	10.0	9.037	9	True
HG00658	380	10.0	8.916	9	True
HG00673	0	7.5	8.519	9	False
HG00673	20	8.0	8.79	9	False
HG00673	40	8.0	9.104	9	True
HG00673	60	8.0	8.963	9	True
HG00673	80	8.0	8.792	9	True
HG00673	100	8.0	8.629	9	True
HG00673	120	9.0	9.528	10	False
HG00673	140	9.0	9.613	10	False
HG00673	160	9.0	9.52	10	False
HG00673	180	8.5	9.323	10	False
HG00673	200	8.0	8.658	9	False
HG00673	220	9.0	9.45	10	False
HG00673	240	9.0	9.643	10	True
HG00673	260	9.0	9.541	10	True
HG00673	280	9.0	9.441	10	True
HG00673	300	9.0	9.554	10	True
HG00673	320	9.0	9.531	10	True
HG00673	340	9.0	9.566	10	True
HG00673	360	9.0	9.563	10	True
HG00673	380	9.0	9.217	10	True
HG00735	0	9.0	9.002	8	False
HG00735	20	10.0	9.965	10	False
HG00735	40	10.0	10.19	10	True
HG00735	60	10.0	9.705	10	True
HG00735	80	10.0	9.64	10	True
HG00735	100	10.0	9.923	10	True
HG00735	120	10.0	9.786	10	False
HG00735	140	10.0	9.638	10	False
HG00735	160	9.5	9.762	10	False
HG00735	180	9.5	9.695	10	False
HG00735	200	9.0	8.74	9	False
HG00735	220	10.0	9.575	10	False
HG00735	240	10.0	9.708	10	True
HG00735	260	10.0	9.777	10	True
HG00735	280	10.0	9.714	10	True
HG00735	300	10.0	9.754	10	True
HG00735	320	10.0	9.699	10	True
HG00735	340	10.0	9.669	10	True
HG00735	360	10.0	9.507	10	True
HG00735	380	10.0	9.262	10	True
HG01255	0	9.0	8.726	9	False
HG01255	20	10.0	9.406	10	False
HG01255	40	10.0	10.183	10	True
HG01255	60	10.0	9.385	10	True
HG01255	80	10.0	10.006	10	True
HG01255	100	10.0	9.581	10	True
HG01255	120	10.0	9.929	10	False
HG01255	140	10.0	9.599	10	False
HG01255	160	10.0	9.795	10	False
HG01255	180	9.5	9.775	10	False
HG01255	200	9.0	9.126	9	False
HG01255	220	10.0	9.677	10	False
HG01255	240	10.0	9.995	10	True
HG01255	260	10.0	9.877	10	True
HG01255	280	10.0	9.982	10	True
HG01255	300	10.0	10.05	10	True
HG01255	320	10.0	9.741	10	True
HG01255	340	10.0	9.75	10	True
HG01255	360	10.0	9.994	10	True
HG01255	380	10.0	10.071	10	True
HG01786	0	10.0	10.43	10	False
HG01786	20	11.0	11.053	11	False
HG01786	40	11.0	11.362	11	True
HG01786	60	11.0	11.16	11	True
HG01786	80	11.0	11.194	11	True
HG01786	100	10.5	11.122	11	True
HG01786	120	11.0	11.221	11	False
HG01786	140	11.0	11.19	11	False
HG01786	160	10.5	11.028	11	False
HG01786	180	10.5	10.977	11	False
HG01786	200	10.0	10.454	10	False
HG01786	220	11.0	11.338	11	False
HG01786	240	11.0	11.266	11	True
HG01786	260	11.0	11.136	11	True
HG01786	280	11.0	10.864	11	True
HG01786	300	11.0	11.009	11	True
HG01786	320	10.0	10.007	10	True
HG01786	340	10.0	10.221	10	True
HG01786	360	10.0	10.295	10	True
HG01786	380	10.0	9.872	10	True
HG01891	0	8.5	8.163	8	False
HG01891	20	9.0	8.861	9	False
HG01891	40	9.0	8.695	9	True
HG01891	60	9.0	8.776	9	True
HG01891	80	9.0	8.934	9	True
HG01891	100	9.0	8.671	9	True
HG01891	120	9.0	8.998	9	False
HG01891	140	9.0	9.237	9	False
HG01891	160	9.0	8.983	9	False
HG01891	180	9.0	8.612	9	False
HG01891	200	8.0	8.01	8	False
HG01891	220	9.0	9.157	9	False
HG01891	240	9.0	8.771	9	True
HG01891	260	9.0	8.719	9	True
HG01891	280	9.0	8.89	9	True
HG01891	300	9.0	8.854	9	True
HG01891	320	9.0	8.824	9	True
HG01891	340	9.0	9.022	9	True
HG01891	360	9.0	8.865	9	True
HG01891	380	9.0	9.037	9	True
HG01943	0	11.0	11.025	12	False
HG01943	20	10.0	11.242	12	False
HG01943	40	10.0	11.689	12	True
HG01943	60	10.0	11.79	12	True
HG01943	80	9.5	11.61	12	True
HG01943	100	10.0	11.821	12	True
HG01943	120	10.0	11.784	12	False
HG01943	140	13.0	11.792	12	False
HG01943	160	11.0	12.16	12	False
HG01943	180	10.5	11.71	12	False
HG01943	200	9.0	9.462	9	False
HG01943	220	10.0	12.515	12	False
HG01943	240	11.5	11.947	12	True
HG01943	260	8.0	10.328	10	True
HG01943	280	8.0	10.419	10	True
HG01943	300	8.0	10.302	10	True
HG01943	320	9.5	10.508	10	True
HG01943	340	10.0	10.189	10	True
HG01943	360	10.0	10.692	10	True
HG01943	380	10.0	10.591	10	True
HG01981	0	11.0	10.418	11	False
HG01981	20	10.0	9.91	10	False
HG01981	40	10.0	9.641	10	True
HG01981	60	10.0	9.889	10	True
HG01981	80	10.0	9.799	10	True
HG01981	100	10.0	9.569	10	True
HG01981	120	10.0	9.603	10	False
HG01981	140	10.0	9.766	10	False
HG01981	160	10.0	9.904	10	False
HG01981	180	10.0	9.685	10	False
HG01981	200	10.0	9.74	10	False
HG01981	220	10.0	9.757	10	False
HG01981	240	10.0	9.574	10	True
HG01981	260	10.0	9.648	10	True
HG01981	280	9.0	8.944	9	True
HG01981	300	9.0	8.705	9	True
HG01981	320	8.5	8.62	9	True
HG01981	340	8.0	8.437	9	True
HG01981	360	8.0	9.058	9	True
HG01981	380	9.0	9.487	10	True
HG02040	0	9.5	9.421	9	False
HG02040	20	10.0	9.912	9	False
HG02040	40	10.0	9.476	9	True
HG02040	60	10.0	9.528	9	True
HG02040	80	10.0	9.576	9	True
HG02040	100	11.0	9.354	9	True
HG02040	120	12.5	9.413	9	False
HG02040	140	11.0	9.25	9	False
HG02040	160	10.0	9.405	9	False
HG02040	180	10.0	9.514	9	False
HG02040	200	10.0	9.655	9	False
HG02040	220	10.0	9.202	9	False
HG02040	240	10.5	9.375	9	True
HG02040	260	11.0	9.511	9	True
HG02040	280	11.0	9.345	9	True
HG02040	300	10.0	9.541	9	True
HG02040	320	10.0	9.332	9	True
HG02040	340	10.0	9.46	9	True
HG02040	360	10.0	9.398	9	True
HG02040	380	10.0	9.093	9	True
HG02155	0	8.5	8.452	8	False
HG02155	20	10.0	10.12	10	False
HG02155	40	10.0	10.266	10	True
HG02155	60	10.0	10.136	10	True
HG02155	80	10.0	9.904	10	True
HG02155	100	10.0	9.827	10	True
HG02155	120	9.5	9.725	10	False
HG02155	140	10.0	10.061	10	False
HG02155	160	10.0	10.101	10	False
HG02155	180	10.0	9.972	10	False
HG02155	200	10.0	10.408	10	False
HG02155	220	10.0	10.0	10	False
HG02155	240	10.0	10.033	10	True
HG02155	260	10.0	10.038	10	True
HG02155	280	10.0	10.271	10	True
HG02155	300	10.0	9.864	10	True
HG02155	320	10.0	9.826	10	True
HG02155	340	10.0	9.9	10	True
HG02155	360	10.0	9.91	10	True
HG02155	380	10.0	10.006	10	True
HG02258	0	8.0	7.742	8	False
HG02258	20	9.0	7.985	9	False
HG02258	40	10.0	9.685	10	True
HG02258	60	10.0	9.677	10	True
HG02258	80	10.0	9.853	10	True
HG02258	100	9.5	9.644	10	True
HG02258	120	10.0	9.807	10	False
HG02258	140	10.0	9.92	10	False
HG02258	160	9.5	9.825	10	False
HG02258	180	10.0	9.952	10	False
HG02258	200	9.0	8.93	10	False
HG02258	220	10.0	9.478	10	False
HG02258	240	10.0	9.984	10	True
HG02258	260	10.0	9.93	10	True
HG02258	280	10.0	9.809	10	True
HG02258	300	10.0	9.69	10	True
HG02258	320	10.0	9.495	10	True
HG02258	340	10.0	9.548	10	True
HG02258	360	10.0	9.574	10	True
HG02258	380	10.0	9.2	10	True
HG02280	0	9.5	9.133	10	False
HG02280	20	10.0	10.04	10	False
HG02280	40	10.0	9.669	10	True
HG02280	60	10.0	9.559	10	True
HG02280	80	10.0	9.72	10	True
HG02280	100	9.5	9.41	10	True
HG02280	120	9.5	9.263	10	False
HG02280	140	10.0	9.836	10	False
HG02280	160	10.0	9.357	10	False
HG02280	180	9.5	9.556	10	False
HG02280	200	9.0	9.055	10	False
HG02280	220	10.0	9.879	10	False
HG02280	240	10.0	9.675	10	True
HG02280	260	10.0	9.417	10	True
HG02280	280	10.0	9.464	10	True
HG02280	300	10.0	9.607	10	True
HG02280	320	10.0	9.665	10	True
HG02280	340	10.0	9.63	10	True
HG02280	360	10.0	9.499	10	True
HG02280	380	10.0	9.381	10	True
HG02392	0	9.0	9.141	10	False
HG02392	20	11.0	8.247	10	False
HG02392	40	11.0	10.274	10	True
HG02392	60	11.0	9.909	10	True
HG02392	80	11.0	9.96	10	True
HG02392	100	10.0	10.021	10	True
HG02392	120	10.0	9.734	10	False
HG02392	140	10.0	9.865	10	False
HG02392	160	10.0	9.976	10	False
HG02392	180	10.0	10.053	10	False
HG02392	200	10.0	9.751	10	False
HG02392	220	10.0	10.138	10	False
HG02392	240	10.0	9.847	10	True
HG02392	260	10.0	9.899	10	True
HG02392	280	10.0	9.65	10	True
HG02392	300	10.0	9.892	10	True
HG02392	320	10.0	9.675	10	True
HG02392	340	10.0	9.845	10	True
HG02392	360	10.0	10.058	10	True
HG02392	380	10.5	10.206	10	True
HG02523	0	6.5	8.84	9	False
HG02523	20	7.0	8.962	9	False
HG02523	40	7.0	8.904	9	True
HG02523	60	7.0	9.219	9	True
HG02523	80	8.0	9.086	9	True
HG02523	100	8.5	8.785	9	True
HG02523	120	10.0	9.635	10	False
HG02523	140	10.0	9.957	10	False
HG02523	160	9.5	9.693	10	False
HG02523	180	9.5	9.913	10	False
HG02523	200	9.0	8.948	9	False
HG02523	220	10.0	10.021	10	False
HG02523	240	10.0	10.012	10	True
HG02523	260	10.0	9.781	10	True
HG02523	280	10.0	9.872	10	True
HG02523	300	10.0	9.842	10	True
HG02523	320	10.0	9.796	10	True
HG02523	340	10.0	10.077	10	True
HG02523	360	10.0	9.969	10	True
HG02523	380	10.0	9.626	10	True
HG02615	0	8.5	8.556	7	False
HG02615	20	10.0	10.186	10	False
HG02615	40	10.0	9.983	10	True
HG02615	60	10.0	9.965	10	True
HG02615	80	10.0	10.063	10	True
HG02615	100	9.5	9.796	10	True
HG02615	120	10.0	10.116	10	False
HG02615	140	10.0	9.974	10	False
HG02615	160	9.5	9.834	10	False
HG02615	180	10.0	10.251	10	False
HG02615	200	10.0	10.133	10	False
HG02615	220	10.0	10.169	10	False
HG02615	240	10.0	10.062	10	True
HG02615	260	10.0	10.169	10	True
HG02615	280	10.0	10.126	10	True
HG02615	300	10.0	9.993	10	True
HG02615	320	10.0	10.03	10	True
HG02615	340	10.0	10.015	10	True
HG02615	360	10.0	10.09	10	True
HG02615	380	10.0	9.935	10	True
HG03239	0	10.5	10.574	11	False
HG03239	20	10.0	9.641	10	False
HG03239	40	10.0	9.859	10	True
HG03239	60	10.0	9.976	10	True
HG03239	80	10.0	9.715	10	True
HG03239	100	10.0	9.742	10	True
HG03239	120	10.0	10.036	10	False
HG03239	140	10.0	10.071	10	False
HG03239	160	10.0	10.152	10	False
HG03239	180	10.0	9.578	10	False
HG03239	200	10.0	9.991	10	False
HG03239	220	10.0	9.61	10	False
HG03239	240	10.0	9.936	10	True
HG03239	260	10.0	9.931	10	True
HG03239	280	10.0	9.689	10	True
HG03239	300	10.0	9.723	10	True
HG03239	320	10.0	9.939	10	True
HG03239	340	10.0	9.852	10	True
HG03239	360	10.0	9.937	10	True
HG03239	380	10.0	10.073	10	True
HG03521	0	10.0	9.876	10	False
HG03521	20	9.0	9.479	9	False
HG03521	40	9.0	9.538	9	True
HG03521	60	9.0	9.241	9	True
HG03521	80	9.0	9.013	9	True
HG03521	100	9.0	9.036	9	True
HG03521	120	9.0	9.297	9	False
HG03521	140	9.0	9.206	9	False
HG03521	160	8.5	8.895	9	False
HG03521	180	9.0	8.924	9	False
HG03521	200	8.0	8.133	8	False
HG03521	220	9.0	8.989	9	False
HG03521	240	9.0	8.866	9	True
HG03521	260	9.0	8.969	9	True
HG03521	280	9.0	9.159	9	True
HG03521	300	9.0	9.114	9	True
HG03521	320	9.0	9.008	9	True
HG03521	340	9.0	9.145	9	True
HG03521	360	9.0	9.126	9	True
HG03521	380	9.0	9.196	9	True
HG03654	0	9.5	9.323	9	False
HG03654	20	11.0	10.78	11	False
HG03654	40	11.0	11.014	11	True
HG03654	60	11.0	10.928	11	True
HG03654	80	11.0	10.729	11	True
HG03654	100	11.0	11.19	11	True
HG03654	120	11.0	10.88	11	False
HG03654	140	10.5	10.8	11	False
HG03654	160	10.5	10.924	11	False
HG03654	180	11.0	10.831	11	False
HG03654	200	11.0	11.006	11	False
HG03654	220	11.0	11.126	11	False
HG03654	240	11.0	11.053	11	True
HG03654	260	11.0	10.916	11	True
HG03654	280	10.5	10.593	10	True
HG03654	300	10.0	10.065	10	True
HG03654	320	10.0	9.931	10	True
HG03654	340	10.0	10.103	10	True
HG03654	360	10.0	10.034	10	True
HG03654	380	10.0	9.766	10	True
HG03942	0	11.0	11.098	11	False
HG03942	20	11.0	11.238	11	False
HG03942	40	11.0	10.95	11	True
HG03942	60	11.0	11.422	11	True
HG03942	80	11.0	11.088	11	True
HG03942	100	11.0	11.538	11	True
HG03942	120	11.0	11.117	11	False
HG03942	140	11.0	11.055	11	False
HG03942	160	11.0	11.057	11	False
HG03942	180	10.5	10.866	11	False
HG03942	200	10.0	10.344	10	False
HG03942	220	11.0	10.671	11	False
HG03942	240	11.0	11.278	11	True
HG03942	260	11.0	11.017	11	True
HG03942	280	11.0	11.121	11	True
HG03942	300	11.0	10.863	11	True
HG03942	320	10.0	10.013	10	True
HG03942	340	10.0	10.246	10	True
HG03942	360	10.0	10.049	10	True
HG03942	380	10.0	10.348	10	True
NA20752	0	11.0	10.825	11	False
NA20752	20	11.0	11.108	11	False
NA20752	40	11.0	10.667	11	True
NA20752	60	11.0	10.78	11	True
NA20752	80	11.0	10.786	11	True
NA20752	100	10.5	11.062	11	True
NA20752	120	11.0	11.092	11	False
NA20752	140	11.0	10.771	11	False
NA20752	160	11.0	11.037	11	False
NA20752	180	10.5	10.406	11	False
NA20752	200	8.0	8.547	8	False
NA20752	220	11.0	11.186	11	False
NA20752	240	11.0	10.916	11	True
NA20752	260	11.0	11.036	11	True
NA20752	280	11.0	11.141	11	True
NA20752	300	11.0	10.828	11	True
NA20752	320	10.0	10.002	10	True
NA20752	340	10.0	10.027	10	True
NA20752	360	10.0	10.089	10	True
NA20752	380	10.0	10.126	10	True
NA20805	0	12.0	11.813	12	False
NA20805	20	11.0	10.846	11	False
NA20805	40	11.0	10.995	11	True
NA20805	60	11.0	11.334	11	True
NA20805	80	11.0	10.809	11	True
NA20805	100	11.0	10.78	11	True
NA20805	120	11.0	10.624	11	False
NA20805	140	11.0	10.911	11	False
NA20805	160	11.0	10.63	11	False
NA20805	180	10.0	10.724	11	False
NA20805	200	8.0	8.312	8	False
NA20805	220	11.0	10.628	11	False
NA20805	240	11.0	10.999	11	True
NA20805	260	11.0	10.833	11	True
NA20805	280	11.0	10.777	11	True
NA20805	300	11.0	10.617	11	True
NA20805	320	10.0	10.115	10	True
NA20805	340	10.0	9.954	10	True
NA20805	360	10.0	10.026	10	True
NA20805	380	10.0	10.001	10	True
