sub_kb	sd	median	hypervariable
0	0.783	9.95	True
5	1.188	9.254	True
10	1.19	9.24	True
15	0.762	9.791	True
20	0.644	9.828	False
25	0.664	10.0	False
30	0.55	9.99	False
35	NA	NA	False
40	NA	NA	False
45	NA	NA	False
50	0.548	9.983	False
55	0.467	9.988	False
60	NA	NA	False
65	0.488	9.976	False
70	0.458	9.987	False
75	0.498	9.983	False
80	0.464	9.99	False
85	0.479	9.985	False
90	0.471	9.983	False
95	0.543	9.989	False
100	0.504	9.98	False
105	0.476	9.975	False
110	0.473	9.988	False
115	0.493	9.983	False
120	0.479	9.981	False
125	0.482	9.983	False
130	0.478	9.978	False
135	0.564	10.003	False
140	0.465	9.975	False
145	0.486	9.98	False
150	0.5	9.978	False
155	0.59	9.975	False
160	0.763	9.978	True
165	0.51	9.973	False
170	0.518	9.979	False
175	0.509	9.974	False
180	0.46	9.98	False
185	0.51	9.983	False
190	0.497	9.966	False
195	0.505	9.534	False
200	0.932	9.591	True
205	0.883	9.641	True
210	0.847	9.692	True
215	0.529	9.828	False
220	0.62	9.978	False
225	0.562	9.978	False
230	0.48	9.978	False
235	0.513	9.977	False
240	0.519	9.984	False
245	0.515	9.975	False
250	0.488	9.962	False
255	0.492	9.971	False
260	0.472	9.98	False
265	0.478	9.978	False
270	0.502	9.984	False
275	0.468	9.981	False
280	0.436	9.98	False
285	0.517	9.992	False
290	0.451	9.987	False
295	0.427	9.993	False
300	0.418	10.005	False
305	0.413	9.99	False
310	0.418	10.001	False
315	0.397	9.995	False
320	0.413	10.005	False
325	0.413	9.999	False
330	0.397	9.998	False
335	0.406	9.998	False
340	0.41	10.005	False
345	0.396	10.003	False
350	0.392	9.996	False
355	0.403	10.005	False
360	0.435	10.005	False
365	0.455	10.001	False
370	0.434	9.998	False
375	0.44	10.002	False
380	0.465	10.009	False
385	0.455	10.008	False
390	0.46	10.011	False
395	0.502	10.012	False
