column	kind	n_pc	n	rmse_log	sd_log_robust	bias_log	sd_log	n_trios	R_midparent	spousal_r	R_lo	R_hi	dR_vs_0	dR_lo	dR_hi
truth.auto	truth	0	3202	0.004248291899154206	0.0036701254869136095	-0.0013228225129633174	NA	NA	NA	NA	NA	NA	NA	NA	NA
truth.auto	truth	1	3202	0.004160325751595094	0.003601448438789574	-0.001322548724710103	NA	NA	NA	NA	NA	NA	NA	NA	NA
truth.auto	truth	2	3202	0.00414577943334729	0.003592043702619055	-0.0013232908704352265	NA	NA	NA	NA	NA	NA	NA	NA	NA
truth.auto	truth	3	3202	0.003932204328588838	0.00340432040259648	-0.0013225975078762769	NA	NA	NA	NA	NA	NA	NA	NA	NA
truth.auto	truth	4	3202	0.003851606424509911	0.003431069230322626	-0.0013209426282713502	NA	NA	NA	NA	NA	NA	NA	NA	NA
truth.auto	truth	5	3202	0.003852924001859892	0.003423757488884323	-0.001321459445023103	NA	NA	NA	NA	NA	NA	NA	NA	NA
truth.auto	truth	6	3202	0.003808373217026394	0.003379078612002697	-0.001321393152540574	NA	NA	NA	NA	NA	NA	NA	NA	NA
truth.auto	truth	7	3202	0.0038062357880685824	0.0034073421639607333	-0.001320951019938224	NA	NA	NA	NA	NA	NA	NA	NA	NA
truth.auto	truth	8	3202	0.0038084871083715654	0.0034063477338646658	-0.0013211644628202007	NA	NA	NA	NA	NA	NA	NA	NA	NA
truth.auto	truth	9	3202	0.003810534301399724	0.003383217841994776	-0.0013209265837064237	NA	NA	NA	NA	NA	NA	NA	NA	NA
truth.auto	truth	10	3202	0.003810877032807643	0.003373519289387183	-0.0013177582947336724	NA	NA	NA	NA	NA	NA	NA	NA	NA
truth.auto	truth	11	3202	0.003786360901687219	0.003360892320537772	-0.0013191308540555966	NA	NA	NA	NA	NA	NA	NA	NA	NA
truth.auto	truth	12	3202	0.003789614691519472	0.0034010331687878816	-0.0013165124954251704	NA	NA	NA	NA	NA	NA	NA	NA	NA
truth.auto	truth	13	3202	0.0037741972426505108	0.0034007587921369023	-0.0013173974681184848	NA	NA	NA	NA	NA	NA	NA	NA	NA
truth.auto	truth	14	3202	0.003762816522591763	0.00336372129333021	-0.0013161419104231558	NA	NA	NA	NA	NA	NA	NA	NA	NA
truth.auto	truth	15	3202	0.0037559085269068438	0.0033892624850995613	-0.0013160120750755114	NA	NA	NA	NA	NA	NA	NA	NA	NA
truth.auto	truth	16	3202	0.003757295822243025	0.0033828270055167343	-0.0013148440340051753	NA	NA	NA	NA	NA	NA	NA	NA	NA
truth.auto	truth	17	3202	0.0037570973924434805	0.003397479708146585	-0.001312632686244897	NA	NA	NA	NA	NA	NA	NA	NA	NA
truth.auto	truth	18	3202	0.0037570914673901923	0.0033908523225097496	-0.00131230241963147	NA	NA	NA	NA	NA	NA	NA	NA	NA
truth.auto	truth	19	3202	0.0037659041776314187	0.0033838255411797508	-0.0013091547685807547	NA	NA	NA	NA	NA	NA	NA	NA	NA
truth.auto	truth	20	3202	0.0037675694057267423	0.0033883155000954844	-0.001308896208981599	NA	NA	NA	NA	NA	NA	NA	NA	NA
truth.auto	truth	21	3202	0.003773860347613414	0.003406696075955626	-0.001307973952877494	NA	NA	NA	NA	NA	NA	NA	NA	NA
truth.auto	truth	22	3202	0.003774856963797024	0.0034008151337319866	-0.0013079340477712327	NA	NA	NA	NA	NA	NA	NA	NA	NA
truth.auto	truth	23	3202	0.0037768105191908767	0.003393221688217397	-0.0013079351014155622	NA	NA	NA	NA	NA	NA	NA	NA	NA
truth.auto	truth	24	3202	0.003776743188989562	0.0033790960934030815	-0.0013077860024265215	NA	NA	NA	NA	NA	NA	NA	NA	NA
truth.auto	truth	25	3202	0.0037769576586064125	0.003408600494938975	-0.0013075119463056434	NA	NA	NA	NA	NA	NA	NA	NA	NA
truth.auto	truth	26	3202	0.003774903471931751	0.003396998783923136	-0.001307581452588239	NA	NA	NA	NA	NA	NA	NA	NA	NA
truth.auto	truth	27	3202	0.0037751840394585168	0.0033957222536171675	-0.001307115780948317	NA	NA	NA	NA	NA	NA	NA	NA	NA
truth.auto	truth	28	3202	0.0037763819470625543	0.003405953869512561	-0.001307046445245252	NA	NA	NA	NA	NA	NA	NA	NA	NA
truth.auto	truth	29	3202	0.003777921083261067	0.0034111731897345236	-0.0013071062305580984	NA	NA	NA	NA	NA	NA	NA	NA	NA
truth.auto	truth	30	3202	0.00378021901864956	0.003417491836534505	-0.0013072596778714815	NA	NA	NA	NA	NA	NA	NA	NA	NA
truth.auto	truth	31	3202	0.003781266557432957	0.0034316376393990307	-0.0013062287135615165	NA	NA	NA	NA	NA	NA	NA	NA	NA
truth.auto	truth	32	3202	0.0037805606378034993	0.0034152191970994337	-0.0013064474174398423	NA	NA	NA	NA	NA	NA	NA	NA	NA
truth.auto	truth	33	3202	0.0037785615572061143	0.0034037334313639688	-0.0013056172316691364	NA	NA	NA	NA	NA	NA	NA	NA	NA
truth.auto	truth	34	3202	0.0037795639807123933	0.0034020183555432504	-0.0013053565823455968	NA	NA	NA	NA	NA	NA	NA	NA	NA
truth.auto	truth	35	3202	0.00377997772386053	0.0034054530257781883	-0.0013051697323498473	NA	NA	NA	NA	NA	NA	NA	NA	NA
truth.auto	truth	36	3202	0.0037803655598815955	0.003416091725711669	-0.0013054400945081593	NA	NA	NA	NA	NA	NA	NA	NA	NA
truth.auto	truth	37	3202	0.0037811173198363138	0.0034208622285325624	-0.0013052459996838047	NA	NA	NA	NA	NA	NA	NA	NA	NA
truth.auto	truth	38	3202	0.003780090259138367	0.003400662315119299	-0.0013052095276451698	NA	NA	NA	NA	NA	NA	NA	NA	NA
truth.auto	truth	39	3202	0.003780403713772211	0.0034308895751787357	-0.001305714399687535	NA	NA	NA	NA	NA	NA	NA	NA	NA
truth.auto	truth	40	3202	0.003780903156530724	0.003419213165327782	-0.001305997282953722	NA	NA	NA	NA	NA	NA	NA	NA	NA
truth.auto	truth	41	3202	0.0037822176073603296	0.0034287362842967237	-0.0013060777088129973	NA	NA	NA	NA	NA	NA	NA	NA	NA
truth.auto	truth	42	3202	0.0037807458554201512	0.0034273424327307556	-0.001306176268903643	NA	NA	NA	NA	NA	NA	NA	NA	NA
truth.auto	truth	43	3202	0.0037823368518059915	0.003427173411991175	-0.001305693092895877	NA	NA	NA	NA	NA	NA	NA	NA	NA
truth.auto	truth	44	3202	0.0037803382794080096	0.0033996602007424276	-0.0013060497573981725	NA	NA	NA	NA	NA	NA	NA	NA	NA
truth.chrX	truth	0	3202	0.05386480672093928	0.01654010297199043	-0.02396025210297764	NA	NA	NA	NA	NA	NA	NA	NA	NA
truth.chrX	truth	1	3202	0.05384876246247842	0.016871776087767146	-0.023959248332342094	NA	NA	NA	NA	NA	NA	NA	NA	NA
truth.chrX	truth	2	3202	0.05386764288874734	0.016797767986471316	-0.02395894015043158	NA	NA	NA	NA	NA	NA	NA	NA	NA
truth.chrX	truth	3	3202	0.053893452234122015	0.016811705388509252	-0.0239478265343924	NA	NA	NA	NA	NA	NA	NA	NA	NA
truth.chrX	truth	4	3202	0.053717547785333976	0.014749131820371148	-0.023965065259972294	NA	NA	NA	NA	NA	NA	NA	NA	NA
truth.chrX	truth	5	3202	0.053724111683040136	0.014833237211750554	-0.02396351947120381	NA	NA	NA	NA	NA	NA	NA	NA	NA
truth.chrX	truth	6	3202	0.053058425309142725	0.011363326084388168	-0.023956590495037042	NA	NA	NA	NA	NA	NA	NA	NA	NA
truth.chrX	truth	7	3202	0.05306915880027011	0.011327735291405619	-0.02394733169501071	NA	NA	NA	NA	NA	NA	NA	NA	NA
truth.chrX	truth	8	3202	0.05291100672972658	0.01138450215173873	-0.02393744585731647	NA	NA	NA	NA	NA	NA	NA	NA	NA
truth.chrX	truth	9	3202	0.052824265629330326	0.011488090054893407	-0.023941189558848674	NA	NA	NA	NA	NA	NA	NA	NA	NA
truth.chrX	truth	10	3202	0.05288049696483138	0.011397388148590364	-0.02396283026428403	NA	NA	NA	NA	NA	NA	NA	NA	NA
truth.chrX	truth	11	3202	0.05293534922554778	0.011490665097333604	-0.023975272442605795	NA	NA	NA	NA	NA	NA	NA	NA	NA
truth.chrX	truth	12	3202	0.052994921192519015	0.011568179164223888	-0.02399268789146015	NA	NA	NA	NA	NA	NA	NA	NA	NA
truth.chrX	truth	13	3202	0.05300375820214128	0.01166396111122505	-0.023997367521946856	NA	NA	NA	NA	NA	NA	NA	NA	NA
truth.chrX	truth	14	3202	0.05300856777652281	0.011575584118967619	-0.02399244826188854	NA	NA	NA	NA	NA	NA	NA	NA	NA
truth.chrX	truth	15	3202	0.05302097594954465	0.011663022234278399	-0.023998567814478136	NA	NA	NA	NA	NA	NA	NA	NA	NA
truth.chrX	truth	16	3202	0.05305872954909813	0.011771081426277837	-0.02398042898758695	NA	NA	NA	NA	NA	NA	NA	NA	NA
truth.chrX	truth	17	3202	0.05306702300745856	0.0116442513788067	-0.023972457953294713	NA	NA	NA	NA	NA	NA	NA	NA	NA
truth.chrX	truth	18	3202	0.05314278729147126	0.011683095263200983	-0.023983790420673168	NA	NA	NA	NA	NA	NA	NA	NA	NA
truth.chrX	truth	19	3202	0.05316065006632018	0.011568069727609698	-0.02398368050234694	NA	NA	NA	NA	NA	NA	NA	NA	NA
truth.chrX	truth	20	3202	0.05317175479059547	0.011695015972005968	-0.023977571746636252	NA	NA	NA	NA	NA	NA	NA	NA	NA
truth.chrX	truth	21	3202	0.05323469515042886	0.011769695142894021	-0.02397314011103409	NA	NA	NA	NA	NA	NA	NA	NA	NA
truth.chrX	truth	22	3202	0.053261232081296635	0.011742405262454639	-0.023975496729978375	NA	NA	NA	NA	NA	NA	NA	NA	NA
truth.chrX	truth	23	3202	0.053273450727525	0.011788532679897335	-0.023982290677228974	NA	NA	NA	NA	NA	NA	NA	NA	NA
truth.chrX	truth	24	3202	0.05328612099926581	0.011813753694334515	-0.023992334641964777	NA	NA	NA	NA	NA	NA	NA	NA	NA
truth.chrX	truth	25	3202	0.05333027283387278	0.011871779908456505	-0.024007931700359232	NA	NA	NA	NA	NA	NA	NA	NA	NA
truth.chrX	truth	26	3202	0.05335864372274464	0.011947792482383575	-0.024022996464337105	NA	NA	NA	NA	NA	NA	NA	NA	NA
truth.chrX	truth	27	3202	0.05335786047553975	0.011961759750453913	-0.024016137137847567	NA	NA	NA	NA	NA	NA	NA	NA	NA
truth.chrX	truth	28	3202	0.053436049126397205	0.011787353530427041	-0.024025605283962605	NA	NA	NA	NA	NA	NA	NA	NA	NA
truth.chrX	truth	29	3202	0.05347494552696099	0.011965061384254228	-0.02403029837988926	NA	NA	NA	NA	NA	NA	NA	NA	NA
truth.chrX	truth	30	3202	0.05346559658290282	0.012232533362087308	-0.02402808535342415	NA	NA	NA	NA	NA	NA	NA	NA	NA
truth.chrX	truth	31	3202	0.05349339719801582	0.012193876947609024	-0.024028256355572774	NA	NA	NA	NA	NA	NA	NA	NA	NA
truth.chrX	truth	32	3202	0.05348210062725451	0.012076749268836359	-0.024032140528589836	NA	NA	NA	NA	NA	NA	NA	NA	NA
truth.chrX	truth	33	3202	0.05348694504198702	0.012132468886615708	-0.024033961855540565	NA	NA	NA	NA	NA	NA	NA	NA	NA
truth.chrX	truth	34	3202	0.05349766222583235	0.01235812534091088	-0.024039460705278456	NA	NA	NA	NA	NA	NA	NA	NA	NA
truth.chrX	truth	35	3202	0.05350000429344159	0.012508179457170256	-0.024039934739074304	NA	NA	NA	NA	NA	NA	NA	NA	NA
truth.chrX	truth	36	3202	0.05350091882800103	0.01247939389754297	-0.024043424294170657	NA	NA	NA	NA	NA	NA	NA	NA	NA
truth.chrX	truth	37	3202	0.05343977308525485	0.012627948729650059	-0.024043737777731212	NA	NA	NA	NA	NA	NA	NA	NA	NA
truth.chrX	truth	38	3202	0.05344965880958209	0.012621867300603334	-0.02402963562755718	NA	NA	NA	NA	NA	NA	NA	NA	NA
truth.chrX	truth	39	3202	0.053466726525619276	0.01261922632342339	-0.024040733973338026	NA	NA	NA	NA	NA	NA	NA	NA	NA
truth.chrX	truth	40	3202	0.05347460784785198	0.0126643053805558	-0.0240415246813364	NA	NA	NA	NA	NA	NA	NA	NA	NA
truth.chrX	truth	41	3202	0.053465952291339734	0.012794759818671961	-0.02404095883615778	NA	NA	NA	NA	NA	NA	NA	NA	NA
truth.chrX	truth	42	3202	0.05346137580160889	0.012753043600609795	-0.024041859044538837	NA	NA	NA	NA	NA	NA	NA	NA	NA
truth.chrX	truth	43	3202	0.053450555008700995	0.013017855617992246	-0.024040086789073038	NA	NA	NA	NA	NA	NA	NA	NA	NA
truth.chrX	truth	44	3202	0.05342171813357267	0.013192756653075156	-0.02403316427973645	NA	NA	NA	NA	NA	NA	NA	NA	NA
truth.chrY	truth	0	1597	0.05989221253650488	0.01092718632598076	-0.021178045239423262	NA	NA	NA	NA	NA	NA	NA	NA	NA
truth.chrY	truth	1	1597	0.05997177666696474	0.011125905460662685	-0.021150365807066134	NA	NA	NA	NA	NA	NA	NA	NA	NA
truth.chrY	truth	2	1597	0.05993432005596618	0.009575166790592216	-0.021169854615954175	NA	NA	NA	NA	NA	NA	NA	NA	NA
truth.chrY	truth	3	1597	0.059954121671852496	0.009572227021761477	-0.021173594564139076	NA	NA	NA	NA	NA	NA	NA	NA	NA
truth.chrY	truth	4	1597	0.05995987497866243	0.009481884810603228	-0.021168591201378067	NA	NA	NA	NA	NA	NA	NA	NA	NA
truth.chrY	truth	5	1597	0.05990482781598259	0.00978559758671152	-0.021187558781096415	NA	NA	NA	NA	NA	NA	NA	NA	NA
truth.chrY	truth	6	1597	0.059908477995691975	0.009847613926926686	-0.021179999106810676	NA	NA	NA	NA	NA	NA	NA	NA	NA
truth.chrY	truth	7	1597	0.05984880333955183	0.00975795071835711	-0.021176821515804554	NA	NA	NA	NA	NA	NA	NA	NA	NA
truth.chrY	truth	8	1597	0.060068035696964235	0.009782578973528498	-0.0212170294415785	NA	NA	NA	NA	NA	NA	NA	NA	NA
truth.chrY	truth	9	1597	0.060108374046320634	0.009828562297127239	-0.021234853664893985	NA	NA	NA	NA	NA	NA	NA	NA	NA
truth.chrY	truth	10	1597	0.06014562446782743	0.009914918619082622	-0.021204752926829915	NA	NA	NA	NA	NA	NA	NA	NA	NA
truth.chrY	truth	11	1597	0.06017285800637751	0.009921809847279663	-0.021219629833108995	NA	NA	NA	NA	NA	NA	NA	NA	NA
truth.chrY	truth	12	1597	0.06019249303495294	0.00997641037239446	-0.02124621534635771	NA	NA	NA	NA	NA	NA	NA	NA	NA
truth.chrY	truth	13	1597	0.06018473002515226	0.009958319032312434	-0.021250323455011173	NA	NA	NA	NA	NA	NA	NA	NA	NA
truth.chrY	truth	14	1597	0.060179394798751264	0.010022390173489694	-0.02124072086805711	NA	NA	NA	NA	NA	NA	NA	NA	NA
truth.chrY	truth	15	1597	0.060234809797304764	0.01004077763580097	-0.02126405488928526	NA	NA	NA	NA	NA	NA	NA	NA	NA
truth.chrY	truth	16	1597	0.06024154398449665	0.010161367810312386	-0.021258282744187635	NA	NA	NA	NA	NA	NA	NA	NA	NA
truth.chrY	truth	17	1597	0.060252511177454504	0.01018368445996661	-0.021225651335623087	NA	NA	NA	NA	NA	NA	NA	NA	NA
truth.chrY	truth	18	1597	0.06028047382293209	0.0101660193103332	-0.021220240630283046	NA	NA	NA	NA	NA	NA	NA	NA	NA
truth.chrY	truth	19	1597	0.06030052341138847	0.010084092279799667	-0.021214582050392984	NA	NA	NA	NA	NA	NA	NA	NA	NA
truth.chrY	truth	20	1597	0.06036003422889257	0.010158864642624244	-0.021207951848974213	NA	NA	NA	NA	NA	NA	NA	NA	NA
truth.chrY	truth	21	1597	0.06032028261593623	0.010373303166390107	-0.02121568914925902	NA	NA	NA	NA	NA	NA	NA	NA	NA
truth.chrY	truth	22	1597	0.060343352880951176	0.010456390050699762	-0.021213456879576657	NA	NA	NA	NA	NA	NA	NA	NA	NA
truth.chrY	truth	23	1597	0.06036459852823663	0.010479310078096217	-0.021211810624996507	NA	NA	NA	NA	NA	NA	NA	NA	NA
truth.chrY	truth	24	1597	0.060369253729364886	0.010746775929098654	-0.021230136093425916	NA	NA	NA	NA	NA	NA	NA	NA	NA
truth.chrY	truth	25	1597	0.06038436034788968	0.011014486577426555	-0.02120813389640917	NA	NA	NA	NA	NA	NA	NA	NA	NA
truth.chrY	truth	26	1597	0.06041014735894946	0.010916319276269851	-0.02122271363389001	NA	NA	NA	NA	NA	NA	NA	NA	NA
truth.chrY	truth	27	1597	0.06044468253133993	0.011033950407244569	-0.021233104162875435	NA	NA	NA	NA	NA	NA	NA	NA	NA
truth.chrY	truth	28	1597	0.06045862911724876	0.011386517510048346	-0.021249879502008514	NA	NA	NA	NA	NA	NA	NA	NA	NA
truth.chrY	truth	29	1597	0.060446507939489094	0.011581162098812946	-0.021244688810154625	NA	NA	NA	NA	NA	NA	NA	NA	NA
truth.chrY	truth	30	1597	0.06051781118534705	0.011587518597623674	-0.021248910361220737	NA	NA	NA	NA	NA	NA	NA	NA	NA
truth.chrY	truth	31	1597	0.06054442951018212	0.011635799083968843	-0.021256520708271227	NA	NA	NA	NA	NA	NA	NA	NA	NA
truth.chrY	truth	32	1597	0.06054641011722602	0.011945919711625144	-0.021255856326870118	NA	NA	NA	NA	NA	NA	NA	NA	NA
truth.chrY	truth	33	1597	0.06056708488525453	0.011863849363018528	-0.02125734773596627	NA	NA	NA	NA	NA	NA	NA	NA	NA
truth.chrY	truth	34	1597	0.06055602811139007	0.01198012404630562	-0.02128460353878716	NA	NA	NA	NA	NA	NA	NA	NA	NA
truth.chrY	truth	35	1597	0.06054014326704686	0.012170668434290918	-0.02128627686796217	NA	NA	NA	NA	NA	NA	NA	NA	NA
truth.chrY	truth	36	1597	0.06055699009952638	0.012330334038643394	-0.021275153019218666	NA	NA	NA	NA	NA	NA	NA	NA	NA
truth.chrY	truth	37	1597	0.06060446644891645	0.012272228100299673	-0.021268201145723663	NA	NA	NA	NA	NA	NA	NA	NA	NA
truth.chrY	truth	38	1597	0.06063721854354564	0.012600526096867362	-0.021264346292628716	NA	NA	NA	NA	NA	NA	NA	NA	NA
truth.chrY	truth	39	1597	0.060651021379937935	0.012889143912593258	-0.02127077325163597	NA	NA	NA	NA	NA	NA	NA	NA	NA
truth.chrY	truth	40	1597	0.060670459875185025	0.012926528228107208	-0.021270766183780668	NA	NA	NA	NA	NA	NA	NA	NA	NA
truth.chrY	truth	41	1597	0.06070585232317576	0.013079896082618336	-0.021288457139002223	NA	NA	NA	NA	NA	NA	NA	NA	NA
truth.chrY	truth	42	1597	0.060655269867300465	0.013360522429000115	-0.021281622264690724	NA	NA	NA	NA	NA	NA	NA	NA	NA
truth.chrY	truth	43	1597	0.06067167780088764	0.013303918702916832	-0.02125866893059628	NA	NA	NA	NA	NA	NA	NA	NA	NA
truth.chrY	truth	44	1597	0.06071008976322851	0.013298280906563861	-0.02123795413754766	NA	NA	NA	NA	NA	NA	NA	NA	NA
DJ.cn	truth	0	3202	0.033360046198614116	0.0162195551008338	-0.001875967991619324	NA	NA	NA	NA	NA	NA	NA	NA	NA
DJ.cn	truth	1	3202	0.03306173794909343	0.01564727960762912	-0.001873583767395956	NA	NA	NA	NA	NA	NA	NA	NA	NA
DJ.cn	truth	2	3202	0.03223685041996161	0.014163410619807576	-0.00188013026029066	NA	NA	NA	NA	NA	NA	NA	NA	NA
DJ.cn	truth	3	3202	0.03223030260519956	0.014349349369652651	-0.001880658164514782	NA	NA	NA	NA	NA	NA	NA	NA	NA
DJ.cn	truth	4	3202	0.03212943442034031	0.014539018341688992	-0.0018757188833899371	NA	NA	NA	NA	NA	NA	NA	NA	NA
DJ.cn	truth	5	3202	0.032120118329537456	0.014486714118763191	-0.0018715036853415034	NA	NA	NA	NA	NA	NA	NA	NA	NA
DJ.cn	truth	6	3202	0.032125468179283675	0.014615869074304467	-0.001874088073425771	NA	NA	NA	NA	NA	NA	NA	NA	NA
DJ.cn	truth	7	3202	0.03156677980335519	0.01313117647307284	-0.0018781650855079627	NA	NA	NA	NA	NA	NA	NA	NA	NA
DJ.cn	truth	8	3202	0.03155576555470214	0.013067855916562822	-0.00187962123406648	NA	NA	NA	NA	NA	NA	NA	NA	NA
DJ.cn	truth	9	3202	0.03156077954201631	0.013081654657904689	-0.001880758295209803	NA	NA	NA	NA	NA	NA	NA	NA	NA
DJ.cn	truth	10	3202	0.03157449211465707	0.013091365025267549	-0.001873885412159302	NA	NA	NA	NA	NA	NA	NA	NA	NA
DJ.cn	truth	11	3202	0.03159927842488209	0.013089579159842076	-0.001886562171471336	NA	NA	NA	NA	NA	NA	NA	NA	NA
DJ.cn	truth	12	3202	0.031598717580699716	0.013093473307229694	-0.001879854113864064	NA	NA	NA	NA	NA	NA	NA	NA	NA
DJ.cn	truth	13	3202	0.03148924968383972	0.012713518556015947	-0.0018765670577770498	NA	NA	NA	NA	NA	NA	NA	NA	NA
DJ.cn	truth	14	3202	0.031502363944080194	0.01272563069744746	-0.0018872094200495409	NA	NA	NA	NA	NA	NA	NA	NA	NA
DJ.cn	truth	15	3202	0.03151885027821639	0.012738964120225607	-0.0018945901621341642	NA	NA	NA	NA	NA	NA	NA	NA	NA
DJ.cn	truth	16	3202	0.03153486259727513	0.012780836814318153	-0.001909498061711597	NA	NA	NA	NA	NA	NA	NA	NA	NA
DJ.cn	truth	17	3202	0.031574372629043376	0.012768045511753881	-0.0019203204203424892	NA	NA	NA	NA	NA	NA	NA	NA	NA
DJ.cn	truth	18	3202	0.03159413861118463	0.012793638314240033	-0.0019312763382109488	NA	NA	NA	NA	NA	NA	NA	NA	NA
DJ.cn	truth	19	3202	0.03160948892553961	0.012830774042777092	-0.0019222864960967009	NA	NA	NA	NA	NA	NA	NA	NA	NA
DJ.cn	truth	20	3202	0.031669297817949284	0.012868412821503864	-0.0019316192518977098	NA	NA	NA	NA	NA	NA	NA	NA	NA
DJ.cn	truth	21	3202	0.031699954905769774	0.012912052166557048	-0.0019376890591164251	NA	NA	NA	NA	NA	NA	NA	NA	NA
DJ.cn	truth	22	3202	0.03171385527769882	0.01291491091229844	-0.0019358513746034485	NA	NA	NA	NA	NA	NA	NA	NA	NA
DJ.cn	truth	23	3202	0.03161745476970494	0.012892976991870093	-0.0019337051491714861	NA	NA	NA	NA	NA	NA	NA	NA	NA
DJ.cn	truth	24	3202	0.03163690230705267	0.012816895831551258	-0.0019430852654298888	NA	NA	NA	NA	NA	NA	NA	NA	NA
DJ.cn	truth	25	3202	0.0316471004556733	0.012793483608443632	-0.0019487440732857964	NA	NA	NA	NA	NA	NA	NA	NA	NA
DJ.cn	truth	26	3202	0.031650455790396	0.012760701949156496	-0.0019467160997994868	NA	NA	NA	NA	NA	NA	NA	NA	NA
DJ.cn	truth	27	3202	0.03166949800787935	0.012885044601033041	-0.0019407557485974346	NA	NA	NA	NA	NA	NA	NA	NA	NA
DJ.cn	truth	28	3202	0.031652912971578566	0.012806708224201243	-0.001937767407974731	NA	NA	NA	NA	NA	NA	NA	NA	NA
DJ.cn	truth	29	3202	0.03164497474452521	0.012953903478531937	-0.0019385097688043315	NA	NA	NA	NA	NA	NA	NA	NA	NA
DJ.cn	truth	30	3202	0.03162392681103696	0.01296536832658247	-0.0019356341856739316	NA	NA	NA	NA	NA	NA	NA	NA	NA
DJ.cn	truth	31	3202	0.031634034618017996	0.012962111728395303	-0.0019375331890646654	NA	NA	NA	NA	NA	NA	NA	NA	NA
DJ.cn	truth	32	3202	0.03163458635007442	0.0131051056207816	-0.001940491066610444	NA	NA	NA	NA	NA	NA	NA	NA	NA
DJ.cn	truth	33	3202	0.03164139597544485	0.013095794213120295	-0.0019344846365368274	NA	NA	NA	NA	NA	NA	NA	NA	NA
DJ.cn	truth	34	3202	0.03165354551877021	0.01311630288693561	-0.0019341863812732045	NA	NA	NA	NA	NA	NA	NA	NA	NA
DJ.cn	truth	35	3202	0.031664765755248604	0.013128397687047598	-0.0019289135228843495	NA	NA	NA	NA	NA	NA	NA	NA	NA
DJ.cn	truth	36	3202	0.03167234510093961	0.013101536392018106	-0.0019299504016281254	NA	NA	NA	NA	NA	NA	NA	NA	NA
DJ.cn	truth	37	3202	0.031667488642113974	0.01318050422168104	-0.0019286746562765763	NA	NA	NA	NA	NA	NA	NA	NA	NA
DJ.cn	truth	38	3202	0.031673755725576846	0.013244921823731479	-0.0019295232085283225	NA	NA	NA	NA	NA	NA	NA	NA	NA
DJ.cn	truth	39	3202	0.03165695796407253	0.013363396075530326	-0.0019272500478245812	NA	NA	NA	NA	NA	NA	NA	NA	NA
DJ.cn	truth	40	3202	0.0316738587541221	0.013421890380671016	-0.0019251535811565025	NA	NA	NA	NA	NA	NA	NA	NA	NA
DJ.cn	truth	41	3202	0.03168448752543391	0.01342193833928556	-0.0019247823828072194	NA	NA	NA	NA	NA	NA	NA	NA	NA
DJ.cn	truth	42	3202	0.03168232554290461	0.013508683793968738	-0.0019214703068583885	NA	NA	NA	NA	NA	NA	NA	NA	NA
DJ.cn	truth	43	3202	0.03168266187449352	0.013498885718289865	-0.0019202734488242407	NA	NA	NA	NA	NA	NA	NA	NA	NA
DJ.cn	truth	44	3202	0.03169096331532636	0.013446949588663536	-0.0019255777894846469	NA	NA	NA	NA	NA	NA	NA	NA	NA
rDNA45S.cn	class	0	3202	NA	0.21933748990546023	NA	0.2224514616179099	602	0.9519378325368534	0.05996725373290915	0.8621323970580239	1.0401971084651158	NA	NA	NA
rDNA45S.cn	class	1	3202	NA	0.21852316001275796	NA	0.2222857566835049	602	0.945002036880211	0.06418446374926909	0.8538790349884643	1.038402051885988	-0.006935795656642374	-0.015240856053605697	0.002014618193316427
rDNA45S.cn	class	2	3202	NA	0.21955823295742002	NA	0.2222896717259019	602	0.9516658007361113	0.06270098036270558	0.8618439005865223	1.0422962110822536	-0.00027203180074208966	-0.01039963357832575	0.011067851992024667
rDNA45S.cn	class	3	3202	NA	0.2202310001058997	NA	0.22165124540542144	602	0.9604817902198475	0.06420303356312479	0.8662116448729497	1.0492027736498961	0.008543957682994097	-0.009448333334583878	0.025873853643330245
rDNA45S.cn	class	4	3202	NA	0.21948344862096247	NA	0.22148571590867758	602	0.9439825034274781	0.06724781113176242	0.855567047378351	1.034922864563052	-0.007955329109375242	-0.025806176806984552	0.010568601251716023
rDNA45S.cn	class	5	3202	NA	0.2188973107744975	NA	0.2213529859425077	602	0.9446838016088434	0.0683775450682411	0.8569443327303143	1.0323385987878202	-0.007254030928010025	-0.02653091115871985	0.012493449806158973
rDNA45S.cn	class	6	3202	NA	0.21937334805533654	NA	0.2214457965911634	602	0.9444289517606336	0.06888068053161074	0.8544934013022664	1.031996651135397	-0.007508880776219806	-0.027038272896599234	0.012420246485628755
rDNA45S.cn	class	7	3202	NA	0.21891962529541584	NA	0.22150330156034911	602	0.9453955964282218	0.06925734508394062	0.8556107789779147	1.03306928804097	-0.006542236108631583	-0.02565408423345849	0.012582587930129115
rDNA45S.cn	class	8	3202	NA	0.2196759081294851	NA	0.2215632135632702	602	0.9466777463829298	0.06931909089376133	0.8565910350800928	1.0353179399007635	-0.005260086153923593	-0.02325029377224768	0.014410272281308008
rDNA45S.cn	class	9	3202	NA	0.22040273857428616	NA	0.22159942392282894	602	0.9380473159213075	0.06975647920562612	0.8474017508146829	1.0237530877092862	-0.013890516615545856	-0.03343573093418138	0.007486630461571659
rDNA45S.cn	class	10	3202	NA	0.21910745768688197	NA	0.2216909682263786	602	0.9373672529471402	0.06977945036418275	0.8468661947409862	1.0231384198011784	-0.014570579589713195	-0.03482715480825429	0.007067819783244969
rDNA45S.cn	class	11	3202	NA	0.2203587427941718	NA	0.22161909511598762	602	0.9318503569289881	0.07004724800751176	0.8423821436934478	1.0181346413838084	-0.02008747560786528	-0.043310422321068354	0.0022215734613771076
rDNA45S.cn	class	12	3202	NA	0.2209546522811176	NA	0.22165023708801623	602	0.929931277367952	0.06939297611406368	0.8408601169685388	1.0163630483096486	-0.022006555168901376	-0.045282856671234724	0.0004480996286198211
rDNA45S.cn	class	13	3202	NA	0.2217186753294832	NA	0.22148339064840755	602	0.9324726339558513	0.06875850790164983	0.8425734902717316	1.0181803973800443	-0.01946519858100204	-0.04254485776423804	0.002181966205030972
rDNA45S.cn	class	14	3202	NA	0.22073174858803873	NA	0.22147932080580196	602	0.933793328561602	0.06539831909484856	0.8415995752440503	1.0216287127535146	-0.018144503975251358	-0.04009170807499834	0.00330796189149953
rDNA45S.cn	class	15	3202	NA	0.21893089812885397	NA	0.2212791708496853	602	0.923473824837295	0.06953638497243596	0.8300406638970916	1.0126454238412874	-0.02846400769955837	-0.04997477785946166	-0.007353214760883045
rDNA45S.cn	class	16	3202	NA	0.21909104929059706	NA	0.22132794760870436	602	0.9231376929854309	0.06881661138888345	0.8286295428566898	1.0110512522851829	-0.028800139551422466	-0.05130396918728503	-0.0069893696340950304
rDNA45S.cn	class	17	3202	NA	0.21919085305341163	NA	0.22137249239681378	602	0.9237004059462973	0.06771270035592901	0.8293787354314179	1.012936001917426	-0.02823742659055606	-0.05186213349793218	-0.004842650127909466
rDNA45S.cn	class	18	3202	NA	0.21839294978339924	NA	0.2214527712140407	602	0.9238817790025871	0.06708159060106925	0.830017965031876	1.0129034002162027	-0.028056053534266323	-0.051044751011056363	-0.005182623984273833
rDNA45S.cn	class	19	3202	NA	0.21815191127144662	NA	0.2215126008765793	602	0.9233323815919711	0.06818428376485036	0.8298667431263208	1.0120722942423155	-0.028605450944882316	-0.05209068868457594	-0.00594441787615388
rDNA45S.cn	class	20	3202	NA	0.2187041825884891	NA	0.2215559291394237	602	0.923210271021922	0.0692814213151211	0.8298633763027451	1.0114344484464826	-0.028727561514931388	-0.051937330517926046	-0.0064323294380929695
rDNA45S.cn	class	21	3202	NA	0.2177081816284339	NA	0.22149177372062137	602	0.9239795000441181	0.06862638083271401	0.8323990554682035	1.0105780528657173	-0.02795833249273527	-0.05054681844043383	-0.005594280809148058
rDNA45S.cn	class	22	3202	NA	0.2181101117418424	NA	0.2214272786370123	602	0.9220418318401901	0.06801634053664082	0.8342145328500451	1.0089590415624088	-0.029896000696663316	-0.05217823430669915	-0.004704259504843547
rDNA45S.cn	class	23	3202	NA	0.21857531516185943	NA	0.22119512301616456	602	0.9258791133221428	0.07420584519479617	0.8390259364001873	1.0153552246422233	-0.02605871921471059	-0.054633576644551395	0.0007096845076689421
rDNA45S.cn	class	24	3202	NA	0.21864824475996247	NA	0.22122327719614301	602	0.9255335011511301	0.0737247344301944	0.8377265960901985	1.0151680731660047	-0.02640433138572329	-0.05633256047621014	-0.0006463235683489643
rDNA45S.cn	class	25	3202	NA	0.21903639799084662	NA	0.22125228712170072	602	0.9232476064744413	0.07345601928851231	0.8343266961823393	1.0142883489602121	-0.028690226062412116	-0.059951257089974556	-0.0005621720609460554
rDNA45S.cn	class	26	3202	NA	0.21798865741883514	NA	0.2212292524400938	602	0.9214420574570422	0.07542599074861199	0.8323811634250265	1.0152881843069361	-0.03049577507981116	-0.05971531316572642	-0.0026039868362187674
rDNA45S.cn	class	27	3202	NA	0.2181297672454662	NA	0.22124832984222498	602	0.9210728492966868	0.07640449820361037	0.8322274439158489	1.0164184036712247	-0.03086498324016662	-0.06000558598559868	-0.0030943648863764645
rDNA45S.cn	class	28	3202	NA	0.2182681367535649	NA	0.22117738612273463	602	0.921569986322543	0.0773267103617259	0.8337625298880342	1.0175825574414723	-0.030367846214310323	-0.0626976934983444	-0.001984994438322284
rDNA45S.cn	class	29	3202	NA	0.21830193778019444	NA	0.22117227560743336	602	0.9203605337822132	0.0760400463736708	0.8325602733611075	1.0185370482838945	-0.031577298754640215	-0.06420679504096458	-0.004699136406901247
rDNA45S.cn	class	30	3202	NA	0.21823444588163507	NA	0.221277414552029	602	0.9207975913136714	0.07556118572455107	0.8319812081663452	1.0197106279731538	-0.03114024122318193	-0.06377611780173488	-0.0032187184132308126
rDNA45S.cn	class	31	3202	NA	0.21804708627796132	NA	0.22126929984084903	602	0.9181835338015834	0.07763483170248525	0.8296643276924928	1.0147324812717653	-0.03375429873527003	-0.06574602505856521	-0.004963405455491836
rDNA45S.cn	class	32	3202	NA	0.2180533625823789	NA	0.2212372008432076	602	0.9160335892580393	0.07884006217132905	0.8261412834380675	1.0103597555724542	-0.03590424327881403	-0.06722117964772088	-0.0045280308749909935
rDNA45S.cn	class	33	3202	NA	0.2179178841491618	NA	0.22129263660440143	602	0.9159636264056568	0.07895164166642044	0.8260497729484507	1.0116059263670603	-0.03597420613119662	-0.06691493398207479	-0.003247393056666984
rDNA45S.cn	class	34	3202	NA	0.21850917586742036	NA	0.221351663530987	602	0.9152533244992944	0.0791462674732151	0.8247034259016998	1.011002272512354	-0.03668450803755896	-0.06697310265064105	-0.0038109311284109824
rDNA45S.cn	class	35	3202	NA	0.21811454870794442	NA	0.22141146691832236	602	0.915303955508248	0.07936164194817905	0.8245532708011617	1.0118112797534102	-0.03663387702860543	-0.06653164901162939	-0.0032944438781618637
rDNA45S.cn	class	36	3202	NA	0.2181268272166626	NA	0.22145859327570108	602	0.9144160443067928	0.07916979482280298	0.8233415142905319	1.0081959903271194	-0.03752178823006058	-0.06698035424425887	-0.004880978171670556
rDNA45S.cn	class	37	3202	NA	0.21901026689562414	NA	0.22157805448641504	602	0.9140281404131173	0.08013811553684874	0.8219299653953307	1.0087841437391931	-0.03790969212373607	-0.06791147080871221	-0.005469095364731861
rDNA45S.cn	class	38	3202	NA	0.21913544038547011	NA	0.22171094700508456	602	0.9142402619437265	0.08106205409396422	0.8216249837284625	1.010156250769197	-0.03769757059312684	-0.06730410002263869	-0.0050251323046326185
rDNA45S.cn	class	39	3202	NA	0.21944859757106347	NA	0.2217881328467706	602	0.9121633681770243	0.08199477410377808	0.819741109008759	1.008648391112356	-0.03977446435982912	-0.06948575646179954	-0.005121405646122754
rDNA45S.cn	class	40	3202	NA	0.21933752980326718	NA	0.22185947111079782	602	0.9116138457073085	0.08248404108227099	0.8192939309657872	1.0089853245117724	-0.040323986829544856	-0.07007960136262603	-0.005539767292129758
rDNA45S.cn	class	41	3202	NA	0.21959716647581573	NA	0.22184902232435716	602	0.9090635156667254	0.08265334212207527	0.8184143171413301	1.0035920670409146	-0.04287431687012799	-0.07463714229855484	-0.00898654280997712
rDNA45S.cn	class	42	3202	NA	0.21964331229971149	NA	0.22180903119210924	602	0.9103408352240173	0.0823046401180698	0.8207951553193267	1.0057259295141947	-0.04159699731283606	-0.07276085837462529	-0.007187243712944894
rDNA45S.cn	class	43	3202	NA	0.22023832095480977	NA	0.22188966086408035	602	0.9120768770413321	0.08165789828656361	0.8231966630857395	1.0065675265762088	-0.039860955495521266	-0.07009338585744114	-0.005610745101266217
rDNA45S.cn	class	44	3202	NA	0.22025909782489245	NA	0.22190781060220588	602	0.9107530048783462	0.08291653995764643	0.8222866161516553	1.0061231445747345	-0.04118482765850717	-0.07091170970479514	-0.00841022842100738
rDNA45S.cn_single	class	0	3202	NA	0.21738499289719024	NA	0.22219154786280934	602	0.9502215905454651	0.057374409544128355	0.864950363776212	1.0364770222017974	NA	NA	NA
rDNA45S.cn_single	class	1	3202	NA	0.21850268155663885	NA	0.22198648200664595	602	0.9441355836016554	0.06178836744937129	0.8570140196317105	1.036325620189776	-0.006086006943809674	-0.015299687062485075	0.0038714011995037976
rDNA45S.cn_single	class	2	3202	NA	0.21896009387168047	NA	0.22197407747512185	602	0.9509535223130048	0.06036781161379713	0.8648463445173655	1.0405417689456757	0.0007319317675397174	-0.010557997383251402	0.01323836463171292
rDNA45S.cn_single	class	3	3202	NA	0.21933903149060624	NA	0.22140274525799492	602	0.9593920944664764	0.0619243190269736	0.8685997498487572	1.0481459296745155	0.009170503921011375	-0.008449620978111185	0.026021089245020872
rDNA45S.cn_single	class	4	3202	NA	0.21944614963007358	NA	0.2212322899391244	602	0.9428270881737134	0.06495764143241711	0.8593534156372412	1.0307083179525987	-0.0073945023717516545	-0.026392970290942636	0.011932142022671342
rDNA45S.cn_single	class	5	3202	NA	0.21736780417801077	NA	0.2211140836184997	602	0.9436604360227566	0.06590442481630447	0.8597099212739431	1.0299586657042061	-0.006561154522708446	-0.026780038059569234	0.014710801430703909
rDNA45S.cn_single	class	6	3202	NA	0.21774552008815606	NA	0.22120831413533826	602	0.943644043623657	0.06629809609317192	0.8590625057348397	1.0306537875117365	-0.0065775469218081195	-0.02657350463426755	0.014265191853988989
rDNA45S.cn_single	class	7	3202	NA	0.21757496626694242	NA	0.22127098707976625	602	0.9445955902100226	0.06646514471926221	0.8598544437590583	1.0322086531663428	-0.0056260003354424715	-0.02518659984141247	0.014246347106771013
rDNA45S.cn_single	class	8	3202	NA	0.218306007602702	NA	0.22132606626626997	602	0.9460372680494364	0.06649792062927853	0.861334391222273	1.035360942689453	-0.004184322496028625	-0.023745648643396306	0.016643037291194377
rDNA45S.cn_single	class	9	3202	NA	0.2195069417720121	NA	0.22139242128721048	602	0.9385113824498615	0.06701713625059814	0.8532099449094837	1.026636851130926	-0.011710208095603525	-0.03214984335599271	0.010076554561989486
rDNA45S.cn_single	class	10	3202	NA	0.21944983529025225	NA	0.22147434801134241	602	0.9377564116659673	0.06720734046422594	0.8522564297758071	1.02508884396296	-0.012465178879497718	-0.03178180069383146	0.010407855313268283
rDNA45S.cn_single	class	11	3202	NA	0.21873809084947857	NA	0.22141938126098495	602	0.9327552003566687	0.06755794709554397	0.8462013996457212	1.0161817162956388	-0.017466390188796366	-0.04209743498750913	0.0043042218262662035
rDNA45S.cn_single	class	12	3202	NA	0.21851339067982326	NA	0.22144278153416355	602	0.9307479861960104	0.06674433947913423	0.8446157786005866	1.013141075964543	-0.019473604349454665	-0.04401809007240266	0.002221451816921602
rDNA45S.cn_single	class	13	3202	NA	0.21983550106895994	NA	0.22129005111018163	602	0.9330641091742827	0.06636903933231544	0.846417590294421	1.0160430969951924	-0.017157481371182337	-0.04052562977227366	0.004320499461324594
rDNA45S.cn_single	class	14	3202	NA	0.21914163031994763	NA	0.22131277483180134	602	0.9339237953234988	0.06393843414485659	0.8485967370532603	1.0190684621343278	-0.016297795221966282	-0.040089132217631926	0.004751436456026768
rDNA45S.cn_single	class	15	3202	NA	0.2181687189119448	NA	0.22120543585498714	602	0.9253516907620596	0.06738390981238523	0.8384648540076525	1.0140490395206234	-0.02486989978340548	-0.04570949883792131	-0.004092787168342303
rDNA45S.cn_single	class	16	3202	NA	0.21851974792285989	NA	0.2212414536522857	602	0.9249978203772525	0.06624269852867073	0.8379191385211595	1.0135858040241907	-0.025223770168212534	-0.04759239121030629	-0.0053183720510790265
rDNA45S.cn_single	class	17	3202	NA	0.21905683578368595	NA	0.22129308870457687	602	0.9255254405480873	0.06513473876081038	0.8379051811528344	1.0138001163347152	-0.024696149997377792	-0.047330336561013917	-0.0028162515989374084
rDNA45S.cn_single	class	18	3202	NA	0.2191945025554035	NA	0.2213830841924034	602	0.9255016279524305	0.06487982946310823	0.839259585903288	1.0135998926397674	-0.02471996259303455	-0.04745787118639619	-0.0029246859012963707
rDNA45S.cn_single	class	19	3202	NA	0.2191626122330248	NA	0.22144150977770763	602	0.9250517615443663	0.06582047751700633	0.8353548708582319	1.0124995459573747	-0.025169829001098765	-0.04795732471275593	-0.003009286370698979
rDNA45S.cn_single	class	20	3202	NA	0.2186830189815442	NA	0.2214773503281363	602	0.9249754457456073	0.06713493231861833	0.8360238708628416	1.0116494748533134	-0.02524614479985776	-0.04804691320822517	-0.0032903957759436438
rDNA45S.cn_single	class	21	3202	NA	0.21740285656791464	NA	0.22141837399805467	602	0.9258295455810194	0.06635251572775575	0.8382927738172374	1.0114635868192845	-0.02439204496444569	-0.04713094962614591	-0.0038759940519307334
rDNA45S.cn_single	class	22	3202	NA	0.2179810008094751	NA	0.22141283952020901	602	0.9242198937303675	0.06585845786850662	0.8387789014949889	1.0095952866494657	-0.026001696815097564	-0.049020360433727095	-0.0032056911373577147
rDNA45S.cn_single	class	23	3202	NA	0.21788789141808176	NA	0.22122701735360428	602	0.9271472852730256	0.07148574028235277	0.8437732259599425	1.0149898598424296	-0.023074305272439477	-0.04968043002674425	-0.0002269185300170848
rDNA45S.cn_single	class	24	3202	NA	0.2186229894082683	NA	0.22124881647203362	602	0.9267864514537373	0.0709203269872557	0.8427101898793011	1.0148929889725256	-0.023435139091727786	-0.052461668783995455	-0.00012582071686289295
rDNA45S.cn_single	class	25	3202	NA	0.2180577313821551	NA	0.22127415434191164	602	0.9243920069719511	0.07071546499674917	0.8398288349776243	1.0137928228158255	-0.025829583573513948	-0.05686674648190573	-0.0010017296081269648
rDNA45S.cn_single	class	26	3202	NA	0.2178233878894096	NA	0.22124107446750546	602	0.9223003516456612	0.07280352952010419	0.8363845536214664	1.0148104280064139	-0.027921238899803913	-0.05702844798106288	-0.0022415915628116296
rDNA45S.cn_single	class	27	3202	NA	0.21771836023184787	NA	0.22126395678287653	602	0.9221618123611004	0.07341539025264614	0.8356144586837257	1.0159075490219138	-0.02805977818436467	-0.05729007045965073	-0.0023017983054369837
rDNA45S.cn_single	class	28	3202	NA	0.21908029803311085	NA	0.22118912496803364	602	0.9228607121507162	0.07425539067732437	0.8341453044017754	1.0174526383827283	-0.027360878394748878	-0.056057474180027676	-0.0007443811716360052
rDNA45S.cn_single	class	29	3202	NA	0.220304641156343	NA	0.22119311807196523	602	0.9217386728051553	0.07311641596206431	0.8359862333801125	1.0156638168119188	-0.028482917740309754	-0.05843888826065933	-0.002693603678864269
rDNA45S.cn_single	class	30	3202	NA	0.21909641145203385	NA	0.22130329689016606	602	0.9221660589950584	0.07260917421232696	0.8375027284549966	1.0175465992797947	-0.02805553155040663	-0.05779099031123041	-0.001706375215934401
rDNA45S.cn_single	class	31	3202	NA	0.22012313773330433	NA	0.22129665808628982	602	0.9195466952674882	0.07469535746070922	0.8324726648094009	1.012657591995404	-0.030674895277976844	-0.058967055947702615	-0.0045130732604458336
rDNA45S.cn_single	class	32	3202	NA	0.2193754887439316	NA	0.22126334099208345	602	0.9171981839674045	0.07583870482746619	0.8319882496416096	1.010321544652192	-0.03302340657806058	-0.06142075766698877	-0.003522719957990898
rDNA45S.cn_single	class	33	3202	NA	0.21978211468214795	NA	0.2213185855390738	602	0.9171136831223285	0.07598992737865423	0.8314723831353159	1.0112219542707732	-0.03310790742313652	-0.06203450465525621	-0.0019082081854599397
rDNA45S.cn_single	class	34	3202	NA	0.2194029606662003	NA	0.22138001566206322	602	0.9162198580197064	0.07625001783182979	0.8302856070244742	1.009674105356189	-0.034001732525758666	-0.06224710695384793	-0.002603288358714829
rDNA45S.cn_single	class	35	3202	NA	0.220096519114989	NA	0.22143931326990088	602	0.9163336782181618	0.07657885814677466	0.8297375909905743	1.0110469356957252	-0.03388791232730326	-0.06241188883492336	-0.0027749503862408
rDNA45S.cn_single	class	36	3202	NA	0.2182754818071124	NA	0.22148585204379828	602	0.9155505354556407	0.07637387957114068	0.8263755452758104	1.0098156878705473	-0.034671055089824376	-0.0640706830892202	-0.0034653649045217737
rDNA45S.cn_single	class	37	3202	NA	0.21860034550838478	NA	0.2216080093799146	602	0.9150647556387447	0.07743058265030935	0.8264504789176182	1.0103984053466366	-0.03515683490672039	-0.06431922671043057	-0.0037925806539864373
rDNA45S.cn_single	class	38	3202	NA	0.21933605699855738	NA	0.22174536711993278	602	0.9153136925461778	0.07824392987430422	0.8270541040055104	1.0115545132734847	-0.034907897999287285	-0.06390594727340164	-0.004532841166557795
rDNA45S.cn_single	class	39	3202	NA	0.2192049535090047	NA	0.22181998253680438	602	0.913114696389601	0.0792626842569017	0.8246528420223557	1.0094512884501186	-0.0371068941558641	-0.06617483902279883	-0.004636396774034944
rDNA45S.cn_single	class	40	3202	NA	0.21906644373484277	NA	0.22188832686736795	602	0.912575120094131	0.07986786576950067	0.8234686013727572	1.0090216684151228	-0.03764647045133407	-0.06712625305026283	-0.004998930650325679
rDNA45S.cn_single	class	41	3202	NA	0.21897723224416163	NA	0.2218808787053505	602	0.9100936465752222	0.0799419455772459	0.8237791581293322	1.0036203637710284	-0.040127943970242885	-0.06951802931946634	-0.008377455388927745
rDNA45S.cn_single	class	42	3202	NA	0.2200038616800327	NA	0.2218333409306316	602	0.9115840993188259	0.0796566647565349	0.8260845751996156	1.0070199043293888	-0.038637491226639176	-0.0699958107491209	-0.007076215877273622
rDNA45S.cn_single	class	43	3202	NA	0.2195244703003092	NA	0.22192079070320717	602	0.9131968997759193	0.07899809764268921	0.8274233274903652	1.0068818615396007	-0.03702469076954573	-0.06688762787148912	-0.005264353844912758
rDNA45S.cn_single	class	44	3202	NA	0.2198758907958398	NA	0.22194229457678155	602	0.9120025005643025	0.08009896707069511	0.8254945413427988	1.0064563033725544	-0.038219089981162524	-0.06805693333327985	-0.006699947265872981
rDNA45S.18S.flat	class	0	3202	NA	0.22307270845018423	NA	0.22725450655119314	602	0.9046482340455955	0.06461339299589347	0.7933863002409264	1.000685820618277	NA	NA	NA
rDNA45S.18S.flat	class	1	3202	NA	0.2229471931093429	NA	0.22679174443449698	602	0.8971107124109192	0.06929957319904324	0.7892744154025749	0.9930594086647264	-0.0075375216346762475	-0.01869844698349078	0.007073856579418369
rDNA45S.18S.flat	class	2	3202	NA	0.2219395486264528	NA	0.2268589356255966	602	0.9013288120672445	0.06826890110931379	0.7942063468094845	0.996483776008762	-0.0033194219783510004	-0.016403560263569157	0.012720067561404058
rDNA45S.18S.flat	class	3	3202	NA	0.2173390114601727	NA	0.2256949149937705	602	0.9171127173319431	0.0691819182861659	0.8137988329685971	1.0166072549970953	0.012464483286347638	-0.008912639754285445	0.034556936183491926
rDNA45S.18S.flat	class	4	3202	NA	0.21950975634229986	NA	0.22541076971065324	602	0.8967236273480464	0.07308775733163268	0.7963919126949226	0.9989273406304148	-0.00792460669754902	-0.032307821038530325	0.0158556060602381
rDNA45S.18S.flat	class	5	3202	NA	0.21926645324595012	NA	0.22526303595300406	602	0.8981408005575797	0.074215467460721	0.7974700855803473	0.9938577819205405	-0.006507433488015746	-0.03264163561973933	0.01849570072978999
rDNA45S.18S.flat	class	6	3202	NA	0.2207335888120304	NA	0.2253061072353499	602	0.8972025260800782	0.07522937690610706	0.7983282597511664	0.9918249616895943	-0.007445707965517245	-0.03238595864229709	0.017125898562389927
rDNA45S.18S.flat	class	7	3202	NA	0.22040943969914847	NA	0.22536878896958784	602	0.8981385281921174	0.07546288486654786	0.7994787369372556	0.9925647822770581	-0.006509705853478098	-0.0316311110559103	0.01778482825123888
rDNA45S.18S.flat	class	8	3202	NA	0.22043628772220733	NA	0.22537418795085315	602	0.8966944604260577	0.07532210543380553	0.796654270283683	0.9907427941615349	-0.007953773619537752	-0.03448553363414875	0.014784887579783326
rDNA45S.18S.flat	class	9	3202	NA	0.2226207089422516	NA	0.22537606172549288	602	0.8856459093130349	0.07636285815458897	0.7864858408820091	0.9779868437736288	-0.019002324732560583	-0.04724085711425546	0.006490963042316849
rDNA45S.18S.flat	class	10	3202	NA	0.22232540940353981	NA	0.2254681203074459	602	0.8850951110928575	0.07623212144030161	0.785303010087429	0.9773716522707766	-0.019553122952737922	-0.04748320184558838	0.005600752937263812
rDNA45S.18S.flat	class	11	3202	NA	0.22060238467022167	NA	0.2253840593810792	602	0.8804686505152666	0.07611931671818556	0.7829357747114635	0.9710082236174931	-0.024179583530328896	-0.05450299304367445	0.00172919792229766
rDNA45S.18S.flat	class	12	3202	NA	0.22052758036698358	NA	0.22542880426532005	602	0.8795213049494721	0.07582264744455292	0.7821571495528894	0.9703656451194905	-0.02512692909612335	-0.05654568366760151	0.0009129449994496663
rDNA45S.18S.flat	class	13	3202	NA	0.22046467837267195	NA	0.22535183228887776	602	0.8820357611348321	0.07508913838063165	0.7859268239280854	0.9730599632810533	-0.022612472910763404	-0.05241471653639037	0.0026644174885742744
rDNA45S.18S.flat	class	14	3202	NA	0.22088229217470035	NA	0.22518231155879287	602	0.8858502747555562	0.06820511038981557	0.7868549773521576	0.9805692784805852	-0.018797959290039246	-0.0501961350696197	0.006657072421075814
rDNA45S.18S.flat	class	15	3202	NA	0.22085476403952617	NA	0.22444712647098947	602	0.8688827972409231	0.07574089326613632	0.7745886206425389	0.9603037752484329	-0.03576543680467237	-0.06008819845682616	-0.008639400003623664
rDNA45S.18S.flat	class	16	3202	NA	0.22025406402063955	NA	0.22449551922931052	602	0.8688017843781848	0.07518132708301302	0.7739102481155842	0.9600857413637921	-0.035846449667410685	-0.06003267498457505	-0.008395223652254485
rDNA45S.18S.flat	class	17	3202	NA	0.22346627982917883	NA	0.22438665175133748	602	0.871009453339203	0.07360502735662504	0.7745690224295706	0.9576622547065371	-0.03363878070639248	-0.06280812686252252	-0.0022518015542246435
rDNA45S.18S.flat	class	18	3202	NA	0.2229842389821223	NA	0.22443223006524868	602	0.8717937013983232	0.07189391594288182	0.7757515430263592	0.9564339133404995	-0.03285453264727223	-0.06187261831270382	-0.0036338810966601762
rDNA45S.18S.flat	class	19	3202	NA	0.2218069518481971	NA	0.2245106748970568	602	0.8710424179062114	0.07282269760627195	0.7734436133525571	0.9545574187818505	-0.03360581613938407	-0.06367564872540113	-0.0021867865105384917
rDNA45S.18S.flat	class	20	3202	NA	0.2215611471829402	NA	0.2245290054830196	602	0.8714387337513643	0.07518202731202617	0.7740968990553314	0.952994686911024	-0.0332095002942312	-0.06506883180571783	-0.0030760960360002756
rDNA45S.18S.flat	class	21	3202	NA	0.22054352517232947	NA	0.22445836844545058	602	0.8722584105770115	0.07513946031028745	0.7756726751303759	0.9547885596546188	-0.03238982346858399	-0.06393551349731018	0.0023139925761363365
rDNA45S.18S.flat	class	22	3202	NA	0.2216996500717651	NA	0.22407923636594637	602	0.8702768710959312	0.07419559315566844	0.7755279588427597	0.9546640337193919	-0.03437136294966425	-0.06832158995896948	0.0013428975649207675
rDNA45S.18S.flat	class	23	3202	NA	0.22171388519049198	NA	0.22364041816555316	602	0.8739809566643265	0.08257257039007386	0.7756947117852341	0.9576342128347921	-0.030667277381268954	-0.06924861736453772	0.00965175599110509
rDNA45S.18S.flat	class	24	3202	NA	0.22148940365144126	NA	0.22368109535564465	602	0.874283138440073	0.08280675469509585	0.7759143118303626	0.9578653962627	-0.030365095605522474	-0.06868565514282604	0.010440982426710052
rDNA45S.18S.flat	class	25	3202	NA	0.2221173990608656	NA	0.2236717353073985	602	0.8701955113106822	0.08267636834493301	0.76900082511414	0.955125959387687	-0.03445272273491329	-0.07617096200950753	0.0072332773084058995
rDNA45S.18S.flat	class	26	3202	NA	0.22080451302831805	NA	0.22368532343467337	602	0.8689472780716379	0.0838272957106424	0.7677600604688707	0.9542583692054872	-0.035700955973957615	-0.0733921877043939	0.005647520685191627
rDNA45S.18S.flat	class	27	3202	NA	0.22183877942760885	NA	0.22370173511494573	602	0.8680815606003788	0.085255153998992	0.7680581201321046	0.9540721580884011	-0.03656667344521669	-0.07440505039041412	0.003310832333292014
rDNA45S.18S.flat	class	28	3202	NA	0.2235874000033444	NA	0.2236006665337943	602	0.8677105530191483	0.08644307979890092	0.770344042397542	0.9528889794274771	-0.03693768102644712	-0.07848711213364025	0.005445150218440177
rDNA45S.18S.flat	class	29	3202	NA	0.22228100782520246	NA	0.22356631467209923	602	0.8660530811158499	0.08499395001738166	0.7657486140186808	0.9516183691060262	-0.03859515292974558	-0.08006583349487113	0.004591933968356839
rDNA45S.18S.flat	class	30	3202	NA	0.22163650604130117	NA	0.2236748129349787	602	0.8661430690926293	0.08466731946581603	0.7649413102935405	0.9517545484651082	-0.03850516495296619	-0.07966397889954117	0.0026896401464853565
rDNA45S.18S.flat	class	31	3202	NA	0.2211495341404687	NA	0.22364861926981938	602	0.8632191418103551	0.08719334319581486	0.7637007310544779	0.9474990394536758	-0.04142909223524038	-0.08426067910034504	-0.0011859574346720168
rDNA45S.18S.flat	class	32	3202	NA	0.2218401240834597	NA	0.22359612527757858	602	0.8609704718480954	0.08811020212203449	0.7611152194390636	0.9454482582176595	-0.04367776219750008	-0.08303309562359518	-0.0020283946406526353
rDNA45S.18S.flat	class	33	3202	NA	0.22191905808010104	NA	0.22365038683964855	602	0.8607524913425552	0.08822252898570408	0.7599999420416027	0.9469684968078695	-0.04389574270304031	-0.08368762201059075	-0.0021949028453947155
rDNA45S.18S.flat	class	34	3202	NA	0.2217541998649248	NA	0.2237123663718679	602	0.8600905222564078	0.08836055509383893	0.7594747407540389	0.9476143915079587	-0.04455771178918766	-0.08404987541040407	-0.004450767042125152
rDNA45S.18S.flat	class	35	3202	NA	0.2212762969241961	NA	0.22377017259634896	602	0.8598414266106866	0.0887166976072246	0.7595396349779862	0.9475989617840022	-0.044806807434908835	-0.08477262250282248	-0.0052474257054352024
rDNA45S.18S.flat	class	36	3202	NA	0.22199445645268454	NA	0.22382797491595413	602	0.85865704923451	0.08860645113063105	0.7576208210435532	0.9480128248075977	-0.04599118481108544	-0.08792169159220774	-0.008168599702757923
rDNA45S.18S.flat	class	37	3202	NA	0.2222213789479443	NA	0.22394281549185857	602	0.8586641972989871	0.08919246048263002	0.7568551858870921	0.9474722299757466	-0.04598403674660834	-0.08778055952426667	-0.008973470240114126
rDNA45S.18S.flat	class	38	3202	NA	0.22222646998485737	NA	0.22408493864883022	602	0.8588704977796433	0.0901544782943175	0.7591832998723586	0.9478038335446146	-0.04577773626595216	-0.08866308149732405	-0.008718414552218447
rDNA45S.18S.flat	class	39	3202	NA	0.22278838065991233	NA	0.22418974722361942	602	0.8575379872196762	0.09085383975457184	0.7579003889209859	0.9467305195551101	-0.047110246825919244	-0.09183312481135097	-0.00897820773806344
rDNA45S.18S.flat	class	40	3202	NA	0.2221684800224633	NA	0.2242562665179776	602	0.8574444621838931	0.08997604647919186	0.7562627066669508	0.9482939172150361	-0.047203771861702326	-0.09197842862052516	-0.008538216300796663
rDNA45S.18S.flat	class	41	3202	NA	0.22013626181268944	NA	0.22424633102640115	602	0.8533065329010546	0.09053712375759705	0.7533920133190679	0.9438310017568585	-0.05134170114454084	-0.09482364447610338	-0.009917003323049635
rDNA45S.18S.flat	class	42	3202	NA	0.220926945203095	NA	0.2242325904610532	602	0.8545797148885075	0.09003739666195545	0.7559270025651399	0.945818481136759	-0.05006851915708799	-0.09083646676144211	-0.01051670837102866
rDNA45S.18S.flat	class	43	3202	NA	0.22062698483954515	NA	0.2243171703417831	602	0.8562423300738042	0.08928181160774334	0.7544125618764329	0.9484790505008733	-0.04840590397179123	-0.08878294551914534	-0.010152959136201463
rDNA45S.18S.flat	class	44	3202	NA	0.22078824990634105	NA	0.22433562914304453	602	0.8552378820482813	0.09047766455455036	0.7546274049722141	0.9453804918889319	-0.04941035199731414	-0.09135485115551173	-0.00938040304139856
rDNA5S.cn	class	0	3202	NA	0.24564153228012267	NA	0.25808700892853537	602	1.0242798478740847	-0.016666800499147396	0.8839664202439089	1.14255573021647	NA	NA	NA
rDNA5S.cn	class	1	3202	NA	0.24679362160519386	NA	0.258094736176257	602	1.0215105386623935	-0.02055121240628651	0.8819164481558499	1.1393754430647667	-0.002769309211691162	-0.011158626621676156	0.006955773115340884
rDNA5S.cn	class	2	3202	NA	0.246237982207297	NA	0.25820018148538565	602	1.0190481014870434	-0.020509647210298698	0.8787323479370648	1.1363586123652005	-0.0052317463870412695	-0.014137469224427037	0.004364568196247182
rDNA5S.cn	class	3	3202	NA	0.2462999191857277	NA	0.2582211875264734	602	1.0176972155890245	-0.020510537838599546	0.8774049020869131	1.135313594962996	-0.006582632285060175	-0.015185496264908624	0.0047012657213160135
rDNA5S.cn	class	4	3202	NA	0.24773333248746063	NA	0.2581567461194296	602	1.0080182028356404	-0.016882172106378057	0.8687586817708887	1.125325557206317	-0.016261645038444295	-0.026667799749949865	-0.004428653688593564
rDNA5S.cn	class	5	3202	NA	0.24675714719120337	NA	0.25808380466309716	602	1.0071152175471247	-0.0203248696152417	0.8639123395362954	1.1248712586846694	-0.017164630326959918	-0.02867502031632855	-0.004634185179912219
rDNA5S.cn	class	6	3202	NA	0.2439014695888755	NA	0.25706467293862095	602	0.9901858541613616	-0.02004126437670748	0.8496326900959446	1.0997119405117828	-0.034093993712723036	-0.05092817163790703	-0.016855004877388113
rDNA5S.cn	class	7	3202	NA	0.24337070146746959	NA	0.257133036403357	602	0.9900917125615321	-0.019522513005110743	0.8496464322739572	1.1001126561919774	-0.0341881353125526	-0.05183948561940731	-0.017148429343074208
rDNA5S.cn	class	8	3202	NA	0.24438729327689593	NA	0.25656397068364356	602	0.9725098236350176	-0.015504204778872136	0.8366259414777153	1.0813879812541758	-0.05177002423906707	-0.07307917198233943	-0.031237586315629663
rDNA5S.cn	class	9	3202	NA	0.2441787161374728	NA	0.25660578336165485	602	0.9732103314500915	-0.01598205058974511	0.8377465411659234	1.081579505207078	-0.051069516423993155	-0.0722347187831179	-0.030643392209510466
rDNA5S.cn	class	10	3202	NA	0.24479170500250597	NA	0.2566701851473275	602	0.9727341293046063	-0.015706246811536474	0.8386934521833008	1.0809182543924187	-0.051545718569478316	-0.07427797373061648	-0.030777512378094885
rDNA5S.cn	class	11	3202	NA	0.24388354979300403	NA	0.25661231685214203	602	0.9691815861076825	-0.014572663508053803	0.8320793247012551	1.080884009780877	-0.0550982617664022	-0.07809592825684966	-0.03076012695980079
rDNA5S.cn	class	12	3202	NA	0.24355917696082674	NA	0.2566344220176165	602	0.9687786821142501	-0.014494412286613209	0.8317466485405336	1.0806489198544158	-0.05550116575983455	-0.07858059924946939	-0.031218536200521396
rDNA5S.cn	class	13	3202	NA	0.2443315748450814	NA	0.256579524169318	602	0.9646412518672071	-0.012487143729345576	0.8240209171761083	1.0781401526631316	-0.0596385960068776	-0.08188362970239077	-0.03589518662477608
rDNA5S.cn	class	14	3202	NA	0.24521773831537305	NA	0.2566404762768776	602	0.9646477497634712	-0.012139445471415555	0.8244398998595317	1.0791603690680687	-0.05963209811061343	-0.08298081361680877	-0.035561173361185375
rDNA5S.cn	class	15	3202	NA	0.24196220311149522	NA	0.25647805003233054	602	0.9637970036932553	-0.009099770331876042	0.825367306285883	1.073564230471753	-0.06048284418082939	-0.08635715789038867	-0.037817176258634524
rDNA5S.cn	class	16	3202	NA	0.24235344064992537	NA	0.2565361665601408	602	0.9596478627837884	-0.00997171592418898	0.8248788489633865	1.0717351609525776	-0.06463198509029622	-0.08988771517607094	-0.03852875424939381
rDNA5S.cn	class	17	3202	NA	0.24349614377800127	NA	0.2563958568475182	602	0.9626104324857577	-0.017955073237984745	0.8298040173450276	1.0722090827778206	-0.06166941538832693	-0.0838478168033055	-0.03831737971451847
rDNA5S.cn	class	18	3202	NA	0.24296613326732014	NA	0.2564887416572665	602	0.9629105597708651	-0.018848252157126003	0.8294525667237745	1.0730661047591419	-0.06136928810321951	-0.08352475012533321	-0.03788462786868848
rDNA5S.cn	class	19	3202	NA	0.24342440043353394	NA	0.2565530431892705	602	0.9630200308094927	-0.018503302196025903	0.8296628388360915	1.0729474274026098	-0.06125981706459194	-0.08348364097038949	-0.03821885620968089
rDNA5S.cn	class	20	3202	NA	0.2437694933101515	NA	0.2565991620841331	602	0.9633489510426844	-0.01873345757062715	0.8296982367792165	1.0733526257297372	-0.060930896831400294	-0.08321312133002402	-0.037882004379767874
rDNA5S.cn	class	21	3202	NA	0.24468613806401315	NA	0.25638914344711944	602	0.9592793959388615	-0.01836457847861086	0.8262623148441331	1.0719840116243278	-0.06500045193522319	-0.08832941068424136	-0.038667577169208746
rDNA5S.cn	class	22	3202	NA	0.24528342053853178	NA	0.2565767799453401	602	0.9588042446209214	-0.018712026829874485	0.8277727477713124	1.0719453954514302	-0.06547560325316326	-0.09040812837785601	-0.03751298651406016
rDNA5S.cn	class	23	3202	NA	0.2466131125491007	NA	0.256257503128701	602	0.9609508178518821	-0.016061488755888753	0.8360851881718944	1.0773736397280016	-0.06332903002220258	-0.08921077902838292	-0.0380308520329097
rDNA5S.cn	class	24	3202	NA	0.24689980712925322	NA	0.256366543473325	602	0.9607728478554692	-0.014765203695492704	0.8354557769211847	1.0765594304723165	-0.06350700001861542	-0.08936127232420588	-0.038458506754457035
rDNA5S.cn	class	25	3202	NA	0.24806503575505698	NA	0.256493368898269	602	0.9632326155106264	-0.017858271985036533	0.8343026833395484	1.0786644259565852	-0.061047232363458215	-0.08687434212202855	-0.033708618723535366
rDNA5S.cn	class	26	3202	NA	0.24753865436838063	NA	0.25648291928862366	602	0.9597538755084061	-0.01851067761262605	0.8288846799164594	1.0723091769841253	-0.06452597236567859	-0.08974453609396617	-0.03536645245117667
rDNA5S.cn	class	27	3202	NA	0.24681286970782088	NA	0.2565239779162117	602	0.9589447541029287	-0.019858889476491854	0.829359349280078	1.0719406033330308	-0.06533509377115598	-0.09133900262588898	-0.035485817119066766
rDNA5S.cn	class	28	3202	NA	0.24683715428884712	NA	0.25652267622353636	602	0.954343653882011	-0.01683354124590705	0.8261973748848747	1.0676504622228657	-0.06993619399207363	-0.09957091008891046	-0.03819584247289962
rDNA5S.cn	class	29	3202	NA	0.24845890540912027	NA	0.2565979891002331	602	0.9548715509113294	-0.017579919498486613	0.82695037755707	1.0684853318287268	-0.0694082969627553	-0.09827127863401663	-0.03712098851088535
rDNA5S.cn	class	30	3202	NA	0.24813845724547107	NA	0.2566458595042713	602	0.9553882616019369	-0.017611416880187244	0.8279786683888968	1.0689476119734036	-0.06889158627214775	-0.09771740782185206	-0.036264764620634146
rDNA5S.cn	class	31	3202	NA	0.24733332643321562	NA	0.25671296601327004	602	0.9587900055331504	-0.01634941941759089	0.8320998104238949	1.0716200936285867	-0.06548984234093425	-0.0959028337220881	-0.032313598593154996
rDNA5S.cn	class	32	3202	NA	0.24734517057708522	NA	0.2567476170549301	602	0.9593984753109169	-0.016748589876095673	0.8323395301552426	1.0728072949413052	-0.06488137256316773	-0.09524920914162452	-0.031815733620928606
rDNA5S.cn	class	33	3202	NA	0.24805285631158788	NA	0.2567688970699838	602	0.9589590102692709	-0.01637539716327752	0.8319160016698786	1.0720485761535596	-0.06532083760481378	-0.09550024373095736	-0.03254226696386863
rDNA5S.cn	class	34	3202	NA	0.24751379605760437	NA	0.2568913956185292	602	0.9582856278539867	-0.016298534379545978	0.8317280008566692	1.0721486298357878	-0.06599422002009792	-0.09609121013316704	-0.0333728711808689
rDNA5S.cn	class	35	3202	NA	0.24653760997095825	NA	0.2569954261823741	602	0.9582831274945921	-0.016610747375030897	0.8316493904256747	1.0727809033969344	-0.06599672037949256	-0.09592750268656139	-0.03362204582979865
rDNA5S.cn	class	36	3202	NA	0.24707023884582782	NA	0.2570352178576343	602	0.9591978118501666	-0.017353345401436595	0.8319892460707462	1.0747772546723946	-0.06508203602391804	-0.0955258054813894	-0.0313885434851569
rDNA5S.cn	class	37	3202	NA	0.24770170937900718	NA	0.257097982948573	602	0.9589814509267383	-0.017471383437729467	0.8312548590249927	1.074827900702906	-0.0652983969473464	-0.09498760877397419	-0.032118835270914504
rDNA5S.cn	class	38	3202	NA	0.24561457772684275	NA	0.257121718388371	602	0.9575571865053941	-0.018387838510091403	0.8322913928517283	1.0700394078711895	-0.06672266136869054	-0.09594643251533554	-0.03464854999642783
rDNA5S.cn	class	39	3202	NA	0.24593797124701827	NA	0.25715490651955536	602	0.955517114175592	-0.017431228841383362	0.8309383493160164	1.069867059172078	-0.06876273369849262	-0.09913366298735267	-0.038396935329613406
rDNA5S.cn	class	40	3202	NA	0.24759033796258584	NA	0.2572705583328504	602	0.9548957567062787	-0.016885623712413356	0.8299548438282114	1.0674360504164593	-0.06938409116780597	-0.10035376625842099	-0.037751736345903654
rDNA5S.cn	class	41	3202	NA	0.24579540890853513	NA	0.2572934047484883	602	0.9561013208932948	-0.015184737937497235	0.8331950096766998	1.0664447404699484	-0.06817852698078986	-0.10039796171368977	-0.037872171223116424
rDNA5S.cn	class	42	3202	NA	0.24484626029283593	NA	0.2571875851210963	602	0.9609547108984676	-0.016995392530166648	0.8356359047540685	1.0663620083338392	-0.06332513697561704	-0.09628593816414567	-0.027495521110065032
rDNA5S.cn	class	43	3202	NA	0.2457197058216144	NA	0.2572578285290021	602	0.9603895153238011	-0.016572829410208836	0.8377601114212827	1.0642651408474042	-0.06389033255028354	-0.09533452519223437	-0.02843246237718415
rDNA5S.cn	class	44	3202	NA	0.24515092129270377	NA	0.25728504897817256	602	0.9589914942515974	-0.017371718472207687	0.8355214985236129	1.0603725742644132	-0.0652883536224873	-0.09911990795866707	-0.029800298272209053
