sample	assembly_rDNA_Mb	longest_stretch_Mb	cn45	implied_Mb	fraction	mean_array_Mb
HG00097	10.526	0.634	568.8	25.51	0.413	2.55
HG00099	15.294	0.542	551.5	24.73	0.618	2.47
HG00126	9.851	0.85	544.6	24.42	0.403	2.44
HG00128	8.174	0.716	490.8	22.01	0.371	2.2
HG00133	7.472	0.592	339.4	15.22	0.491	1.52
HG00140	12.253	1.061	543.8	24.38	0.502	2.44
HG00146	10.499	0.63	485.9	21.79	0.482	2.18
HG00232	5.936	0.648	320.2	14.36	0.413	1.44
HG00235	7.612	0.501	445.8	19.99	0.381	2.0
HG00253	7.173	0.753	470.4	21.09	0.34	2.11
HG00272	10.822	0.766	492.8	22.1	0.49	2.21
HG00280	7.907	0.636	493.4	22.12	0.357	2.21
HG00290	12.555	1.106	609.0	27.3	0.46	2.73
HG00320	11.335	0.645	444.6	19.94	0.569	1.99
HG00321	10.039	0.925	509.1	22.82	0.44	2.28
HG00323	9.804	0.986	544.2	24.4	0.402	2.44
HG00329	7.264	0.582	313.2	14.04	0.517	1.4
HG00344	10.076	0.547	498.7	22.36	0.451	2.24
HG00350	9.086	0.898	550.2	24.67	0.368	2.47
HG00408	8.277	0.962	667.3	29.92	0.277	2.99
HG00423	5.489	0.492	362.7	16.26	0.338	1.63
HG00438	8.311	0.768	529.0	23.72	0.35	2.37
HG00544	6.683	0.593	341.0	15.29	0.437	1.53
HG00558	5.41	0.924	380.5	17.06	0.317	1.71
HG00597	6.611	0.506	636.8	28.55	0.232	2.86
HG00609	6.231	0.478	397.1	17.8	0.35	1.78
HG00621	7.807	0.825	602.0	26.99	0.289	2.7
HG00639	9.32	0.677	599.9	26.9	0.347	2.69
HG00642	5.264	0.583	349.3	15.66	0.336	1.57
HG00658	5.985	0.488	414.6	18.59	0.322	1.86
HG00673	4.768	0.745	380.2	17.05	0.28	1.7
HG00706	7.07	0.461	587.9	26.36	0.268	2.64
HG00735	4.701	0.409	345.8	15.5	0.303	1.55
HG00738	5.161	0.505	405.1	18.16	0.284	1.82
HG00741	7.377	0.665	486.0	21.79	0.339	2.18
HG01071	6.976	0.829	620.8	27.83	0.251	2.78
HG01074	8.842	0.762	489.7	21.96	0.403	2.2
HG01081	10.816	0.967	640.6	28.72	0.377	2.87
HG01099	5.624	0.887	378.6	16.97	0.331	1.7
HG01106	5.659	0.279	563.9	25.28	0.224	2.53
HG01150	9.287	0.941	424.7	19.04	0.488	1.9
HG01167	7.959	0.768	406.8	18.24	0.436	1.82
HG01175	4.707	0.76	364.3	16.33	0.288	1.63
HG01192	6.432	0.925	456.9	20.49	0.314	2.05
HG01252	8.484	0.626	569.6	25.54	0.332	2.55
HG01255	8.293	0.589	379.6	17.02	0.487	1.7
HG01258	8.977	0.452	548.9	24.61	0.365	2.46
HG01261	8.768	0.809	524.9	23.53	0.373	2.35
HG01346	6.967	0.637	461.0	20.67	0.337	2.07
HG01358	7.901	0.505	537.0	24.08	0.328	2.41
HG01361	8.1	0.63	394.2	17.67	0.458	1.77
HG01433	9.239	0.733	551.0	24.71	0.374	2.47
HG01496	7.677	0.889	383.7	17.2	0.446	1.72
HG01530	8.265	0.497	472.0	21.16	0.391	2.12
HG01784	9.688	1.446	407.4	18.27	0.53	1.83
HG01786	11.215	0.73	456.1	20.45	0.548	2.04
HG01884	7.937	0.543	543.8	24.38	0.326	2.44
HG01891	5.575	0.321	379.4	17.01	0.328	1.7
HG01928	7.038	0.517	386.3	17.32	0.406	1.73
HG01934	7.64	0.676	550.8	24.7	0.309	2.47
HG01940	5.394	0.502	371.2	16.65	0.324	1.66
HG01943	6.955	0.411	459.4	20.6	0.338	2.06
HG01952	8.948	0.685	620.3	27.81	0.322	2.78
HG01960	6.863	0.63	430.8	19.31	0.355	1.93
HG01969	9.922	1.021	457.9	20.53	0.483	2.05
HG01975	7.281	0.545	448.0	20.09	0.362	2.01
HG01978	10.066	0.835	574.9	25.78	0.391	2.58
HG01981	8.653	0.731	639.1	28.66	0.302	2.87
HG01993	10.201	0.764	479.9	21.52	0.474	2.15
HG02004	6.187	0.711	383.5	17.19	0.36	1.72
HG02015	7.416	0.322	616.9	27.66	0.268	2.77
HG02027	6.186	0.682	433.1	19.42	0.319	1.94
HG02040	10.373	0.655	508.9	22.82	0.455	2.28
HG02056	6.985	0.441	412.3	18.49	0.378	1.85
HG02071	7.932	0.441	542.4	24.32	0.326	2.43
HG02074	7.541	0.5	432.3	19.38	0.389	1.94
HG02083	7.506	1.072	395.0	17.71	0.424	1.77
HG02129	7.62	0.7	498.4	22.35	0.341	2.23
HG02132	6.163	0.569	363.9	16.32	0.378	1.63
HG02135	10.739	0.807	795.5	35.67	0.301	3.57
HG02148	7.249	0.687	600.2	26.91	0.269	2.69
HG02155	11.354	0.83	521.9	23.4	0.485	2.34
HG02165	9.746	0.565	465.9	20.89	0.467	2.09
HG02178	6.116	1.049	275.1	12.34	0.496	1.23
HG02257	6.308	0.625	406.6	18.23	0.346	1.82
HG02258	6.626	0.854	361.0	16.19	0.409	1.62
HG02273	12.124	0.947	502.6	22.54	0.538	2.25
HG02280	9.034	0.668	528.8	23.71	0.381	2.37
HG02293	7.763	0.723	541.1	24.26	0.32	2.43
HG02300	7.544	0.408	593.5	26.61	0.283	2.66
HG02391	17.612	1.699	553.5	24.82	0.71	2.48
HG02392	10.651	0.557	574.8	25.77	0.413	2.58
HG02451	7.567	0.685	483.1	21.66	0.349	2.17
HG02514	7.415	0.957	673.0	30.17	0.246	3.02
HG02523	8.698	0.496	546.5	24.51	0.355	2.45
HG02572	7.295	0.502	523.2	23.46	0.311	2.35
HG02583	10.407	1.045	417.7	18.73	0.556	1.87
HG02602	4.907	0.618	447.0	20.04	0.245	2.0
HG02615	5.724	0.549	524.3	23.51	0.243	2.35
HG02622	8.333	0.581	686.6	30.78	0.271	3.08
HG02630	10.081	0.762	603.4	27.06	0.373	2.71
HG02647	5.373	0.415	508.9	22.82	0.235	2.28
HG02668	7.728	0.412	472.0	21.16	0.365	2.12
HG02698	7.645	0.486	367.4	16.47	0.464	1.65
HG02717	7.918	0.407	673.3	30.19	0.262	3.02
HG02735	9.867	0.572	708.4	31.76	0.311	3.18
HG02738	8.069	0.631	634.4	28.45	0.284	2.84
HG02809	10.632	0.501	684.0	30.67	0.347	3.07
HG02841	7.249	0.538	540.4	24.23	0.299	2.42
HG02886	9.866	0.809	765.5	34.32	0.287	3.43
HG02922	13.081	0.78	586.8	26.31	0.497	2.63
HG02965	9.893	0.59	446.2	20.0	0.495	2.0
HG02976	12.956	0.922	628.7	28.19	0.46	2.82
HG02984	7.942	0.639	506.1	22.69	0.35	2.27
HG03017	13.526	0.95	587.0	26.32	0.514	2.63
HG03041	8.183	0.798	622.5	27.91	0.293	2.79
HG03050	5.576	0.546	576.2	25.84	0.216	2.58
HG03130	9.722	1.252	679.9	30.48	0.319	3.05
HG03139	8.769	0.856	478.2	21.44	0.409	2.14
HG03195	8.936	0.717	537.7	24.11	0.371	2.41
HG03209	5.588	0.491	289.1	12.96	0.431	1.3
HG03225	12.891	0.731	603.6	27.06	0.476	2.71
HG03239	8.208	0.647	543.3	24.36	0.337	2.44
HG03270	13.189	1.081	507.6	22.76	0.58	2.28
HG03369	14.425	0.765	530.9	23.8	0.606	2.38
HG03453	6.777	0.367	584.6	26.21	0.259	2.62
HG03470	16.445	1.48	614.6	27.56	0.597	2.76
HG03516	5.959	0.411	522.6	23.43	0.254	2.34
HG03521	10.963	0.78	462.9	20.75	0.528	2.08
HG03540	10.063	0.363	685.9	30.76	0.327	3.08
HG03579	8.162	0.548	520.8	23.35	0.35	2.34
HG03583	8.137	0.676	354.4	15.89	0.512	1.59
HG03654	5.742	0.378	443.9	19.9	0.289	1.99
HG03669	5.48	0.315	572.5	25.67	0.213	2.57
HG03688	6.159	0.632	518.5	23.25	0.265	2.32
HG03704	5.558	0.546	388.7	17.43	0.319	1.74
HG03710	9.111	0.805	474.1	21.26	0.429	2.13
HG03742	9.038	0.736	465.1	20.86	0.433	2.09
HG03784	10.412	0.599	529.7	23.75	0.438	2.38
HG03804	8.336	0.686	516.4	23.15	0.36	2.32
HG03816	7.396	0.508	505.2	22.65	0.327	2.27
HG03831	7.285	0.499	489.1	21.93	0.332	2.19
HG03834	7.095	0.752	329.9	14.79	0.48	1.48
HG03874	8.561	0.504	446.2	20.01	0.428	2.0
HG03927	6.161	0.411	548.8	24.61	0.25	2.46
HG03942	9.32	0.638	756.5	33.92	0.275	3.39
HG04115	7.971	0.654	527.8	23.66	0.337	2.37
HG04157	6.04	0.634	490.6	22.0	0.275	2.2
HG04160	4.158	0.55	504.0	22.6	0.184	2.26
HG04184	8.316	0.439	662.8	29.72	0.28	2.97
HG04187	10.261	0.617	644.5	28.9	0.355	2.89
HG04199	8.701	0.548	570.3	25.57	0.34	2.56
HG04204	8.325	0.935	619.3	27.77	0.3	2.78
HG04228	5.344	0.596	367.1	16.46	0.325	1.65
NA18505	9.472	0.681	474.4	21.27	0.445	2.13
NA18508	7.479	0.532	584.4	26.2	0.285	2.62
NA18522	8.324	0.727	446.0	20.0	0.416	2.0
NA18565	6.148	0.633	394.3	17.68	0.348	1.77
NA18570	8.293	0.904	338.6	15.18	0.546	1.52
NA18608	9.829	0.669	558.1	25.03	0.393	2.5
NA18620	11.987	1.121	440.9	19.77	0.606	1.98
NA18747	9.912	0.696	453.7	20.34	0.487	2.03
NA18879	10.972	0.903	569.8	25.55	0.429	2.55
NA18952	8.552	0.461	406.8	18.24	0.469	1.82
NA18971	10.75	0.728	406.6	18.23	0.59	1.82
NA18974	9.607	0.496	500.4	22.44	0.428	2.24
NA18976	7.433	0.493	452.4	20.28	0.366	2.03
NA18983	13.601	0.637	640.2	28.71	0.474	2.87
NA19036	9.133	0.712	588.5	26.39	0.346	2.64
NA19043	5.713	0.544	330.4	14.82	0.386	1.48
NA19087	16.526	0.949	647.6	29.04	0.569	2.9
NA19159	12.106	0.679	496.0	22.24	0.544	2.22
NA19185	10.5	1.022	425.6	19.08	0.55	1.91
NA19338	7.756	0.723	427.6	19.17	0.405	1.92
NA19391	8.021	0.983	407.5	18.27	0.439	1.83
NA19443	11.209	0.986	668.6	29.98	0.374	3.0
NA19468	10.975	0.724	561.6	25.18	0.436	2.52
NA19682	11.577	0.754	541.8	24.29	0.477	2.43
NA19700	9.67	0.589	520.6	23.34	0.414	2.33
NA19776	10.916	0.648	454.6	20.38	0.536	2.04
NA19835	11.866	0.715	662.3	29.7	0.4	2.97
NA19909	10.233	1.075	468.8	21.02	0.487	2.1
NA20282	8.048	0.619	352.4	15.8	0.509	1.58
NA20346	13.791	0.719	808.6	36.26	0.38	3.63
NA20503	1.135	0.175	474.5	21.28	0.053	2.13
NA20752	12.561	0.591	473.7	21.24	0.591	2.12
NA20762	1.27	0.24	469.1	21.04	0.06	2.1
NA20799	15.583	1.598	654.6	29.35	0.531	2.94
NA20805	7.835	0.711	444.5	19.93	0.393	1.99
NA20806	0.937	0.132	381.3	17.09	0.055	1.71
NA20809	7.23	0.545	354.3	15.89	0.455	1.59
NA20827	1.72	0.249	739.1	33.14	0.052	3.31
NA20850	6.477	0.537	396.0	17.75	0.365	1.78
NA20870	7.803	0.584	443.4	19.88	0.392	1.99
NA20905	12.778	0.962	554.7	24.87	0.514	2.49
NA21093	9.069	0.452	437.8	19.63	0.462	1.96
NA21102	8.168	0.455	488.6	21.91	0.373	2.19
NA21106	8.758	0.862	439.1	19.69	0.445	1.97
NA21110	10.249	0.814	488.0	21.88	0.468	2.19
NA21144	12.553	0.602	455.8	20.43	0.614	2.04
