sample	cls	assembly_Mb	assembly_gapped_Mb	ngsdose_Mb
HG00097	HSat1A	17.419	0.0	15.8891
HG00097	HSat1B	1.645	0.0	1.3726
HG00097	HSat2	39.527	3.725	45.4432
HG00097	HSat3	34.186	23.741	52.6573
HG00097	bSat	15.952	0.0	12.2388
HG00097	aSatHOR	154.069	0.636	154.8394
HG00097	ACRO	4.066	0.0	3.2289
HG00097	SST1	2.133	0.0	0.5068
HG00097	CER	2.07	0.0	0.8853
HG00097	SATR	2.873	0.0	0.2453
HG00099	HSat1A	19.809	0.0	19.6554
HG00099	HSat1B	2.638	0.0	2.2289
HG00099	HSat2	35.745	0.0	43.9517
HG00099	HSat3	65.125	0.0	58.6296
HG00099	bSat	14.375	0.0	10.4433
HG00099	aSatHOR	147.986	0.175	147.5458
HG00099	ACRO	2.947	0.0	2.25
HG00099	SST1	1.946	0.0	0.4751
HG00099	CER	1.78	0.0	0.7589
HG00099	SATR	2.829	0.0	0.2458
HG00126	HSat1A	22.073	0.0	19.1708
HG00126	HSat1B	12.494	0.0	11.0599
HG00126	HSat2	43.343	0.0	39.6108
HG00126	HSat3	60.967	24.878	75.1528
HG00126	bSat	13.788	0.0	9.2009
HG00126	aSatHOR	137.87	2.606	139.3975
HG00126	ACRO	3.919	0.0	3.0072
HG00126	SST1	2.265	0.0	0.4506
HG00126	CER	1.88	0.0	0.7982
HG00126	SATR	2.816	0.0	0.2187
HG00128	HSat1A	24.687	0.0	22.6479
HG00128	HSat1B	1.536	0.512	1.1877
HG00128	HSat2	29.806	6.157	60.6157
HG00128	HSat3	54.998	0.213	54.5136
HG00128	bSat	13.422	0.0	10.503
HG00128	aSatHOR	147.377	2.769	156.7723
HG00128	ACRO	4.443	0.0	3.5919
HG00128	SST1	2.075	0.0	0.7104
HG00128	CER	1.928	0.0	0.8398
HG00128	SATR	2.822	0.0	0.2483
HG00133	HSat1A	15.934	0.0	13.1182
HG00133	HSat1B	1.95	0.0	1.5673
HG00133	HSat2	42.519	0.0	42.9246
HG00133	HSat3	34.552	8.019	61.9304
HG00133	bSat	17.271	0.0	13.89
HG00133	aSatHOR	141.66	2.437	140.8142
HG00133	ACRO	4.224	0.0	3.5795
HG00133	SST1	1.88	0.0	0.4853
HG00133	CER	1.93	0.0	0.8593
HG00133	SATR	2.872	0.0	0.2549
HG00140	HSat1A	22.87	0.0	25.6857
HG00140	HSat1B	14.51	0.0	13.4056
HG00140	HSat2	44.275	6.128	44.0734
HG00140	HSat3	81.498	0.0	79.9997
HG00140	bSat	16.987	0.0	12.5896
HG00140	aSatHOR	140.974	0.085	145.1288
HG00140	ACRO	3.371	0.0	2.6141
HG00140	SST1	2.838	0.0	0.6256
HG00140	CER	2.046	0.0	0.9188
HG00140	SATR	2.871	0.0	0.2537
HG00146	HSat1A	21.675	0.0	18.973
HG00146	HSat1B	2.032	0.0	1.6967
HG00146	HSat2	28.633	8.644	43.8965
HG00146	HSat3	58.839	1.104	74.4532
HG00146	bSat	14.739	0.0	11.0819
HG00146	aSatHOR	138.596	0.381	141.311
HG00146	ACRO	4.842	0.0	3.9464
HG00146	SST1	1.944	0.0	0.6286
HG00146	CER	2.065	0.0	0.9212
HG00146	SATR	2.86	0.0	0.2553
HG00232	HSat1A	23.866	0.0	20.2999
HG00232	HSat1B	2.652	0.0	2.2193
HG00232	HSat2	45.708	0.024	44.7768
HG00232	HSat3	64.767	1.519	59.1907
HG00232	bSat	14.52	0.0	10.8322
HG00232	aSatHOR	146.666	1.838	146.0134
HG00232	ACRO	3.439	0.0	2.7011
HG00232	SST1	2.121	0.0	0.7891
HG00232	CER	2.166	0.0	0.9295
HG00232	SATR	2.901	0.0	0.2617
HG00235	HSat1A	17.205	0.0	14.3411
HG00235	HSat1B	2.257	0.0	1.8469
HG00235	HSat2	46.608	0.051	45.7254
HG00235	HSat3	60.088	0.0	56.9914
HG00235	bSat	11.798	0.0	8.7662
HG00235	aSatHOR	147.05	2.108	144.1941
HG00235	ACRO	3.679	0.0	2.954
HG00235	SST1	2.031	0.0	0.6754
HG00235	CER	2.006	0.0	0.8996
HG00235	SATR	2.826	0.0	0.232
HG00253	HSat1A	25.74	0.0	20.8993
HG00253	HSat1B	2.058	0.0	1.7281
HG00253	HSat2	31.481	0.651	54.634
HG00253	HSat3	57.003	0.611	58.4573
HG00253	bSat	13.501	0.0	10.1159
HG00253	aSatHOR	153.466	0.065	150.7227
HG00253	ACRO	4.109	0.0	3.2927
HG00253	SST1	2.401	0.0	0.8065
HG00253	CER	1.992	0.0	0.8709
HG00253	SATR	2.866	0.0	0.2552
HG00272	HSat1A	24.096	0.0	23.3739
HG00272	HSat1B	1.779	0.0	1.4587
HG00272	HSat2	48.76	0.167	55.4044
HG00272	HSat3	52.854	14.569	65.4452
HG00272	bSat	14.578	0.0	11.1928
HG00272	aSatHOR	142.241	0.319	146.111
HG00272	ACRO	3.593	0.0	2.9006
HG00272	SST1	1.578	0.0	0.37
HG00272	CER	1.875	0.0	0.8344
HG00272	SATR	2.885	0.0	0.2565
HG00280	HSat1A	18.839	0.0	17.1212
HG00280	HSat1B	13.853	0.0	12.7575
HG00280	HSat2	46.875	0.0	49.9543
HG00280	HSat3	75.695	0.0	66.3468
HG00280	bSat	15.043	0.0	10.291
HG00280	aSatHOR	146.723	0.058	147.5758
HG00280	ACRO	4.461	0.0	3.5408
HG00280	SST1	2.594	0.0	0.655
HG00280	CER	2.025	0.0	0.885
HG00280	SATR	2.826	0.0	0.2371
HG00290	HSat1A	20.206	0.0	17.1482
HG00290	HSat1B	14.159	0.0	13.0177
HG00290	HSat2	47.823	0.0	46.2916
HG00290	HSat3	53.236	4.464	71.3915
HG00290	bSat	15.321	0.0	10.9727
HG00290	aSatHOR	141.379	0.972	137.3614
HG00290	ACRO	3.754	0.0	2.9238
HG00290	SST1	2.964	0.0	0.6782
HG00290	CER	1.917	0.0	0.8161
HG00290	SATR	2.831	0.0	0.2442
HG00320	HSat1A	17.054	0.0	13.4299
HG00320	HSat1B	1.941	0.0	1.61
HG00320	HSat2	58.548	0.0	52.8322
HG00320	HSat3	56.197	0.0	44.7301
HG00320	bSat	14.055	0.0	9.8423
HG00320	aSatHOR	151.748	2.039	140.8494
HG00320	ACRO	4.042	0.0	2.9735
HG00320	SST1	1.859	0.0	0.6799
HG00320	CER	1.971	0.0	0.8069
HG00320	SATR	2.843	0.0	0.2176
HG00321	HSat1A	21.578	0.0	17.5575
HG00321	HSat1B	17.512	0.528	18.9393
HG00321	HSat2	36.163	9.839	42.1306
HG00321	HSat3	86.677	2.949	88.0552
HG00321	bSat	16.993	0.0	11.5695
HG00321	aSatHOR	144.72	0.026	141.4302
HG00321	ACRO	4.346	0.0	3.3971
HG00321	SST1	2.987	0.0	0.7926
HG00321	CER	1.978	0.0	0.8676
HG00321	SATR	2.873	0.0	0.2569
HG00323	HSat1A	22.016	0.064	19.9175
HG00323	HSat1B	2.082	0.0	1.7043
HG00323	HSat2	29.209	12.331	40.2232
HG00323	HSat3	65.927	2.468	63.5223
HG00323	bSat	13.345	0.0	10.0603
HG00323	aSatHOR	147.687	1.583	149.3368
HG00323	ACRO	4.172	0.0	3.4861
HG00323	SST1	2.102	0.0	0.7135
HG00323	CER	2.041	0.0	0.8939
HG00323	SATR	2.812	0.0	0.2371
HG00329	HSat1A	20.075	0.135	17.7663
HG00329	HSat1B	14.286	0.0	12.7206
HG00329	HSat2	49.898	0.135	55.7899
HG00329	HSat3	57.315	0.224	80.6757
HG00329	bSat	14.56	0.0	9.9632
HG00329	aSatHOR	142.442	0.274	140.1836
HG00329	ACRO	3.608	0.0	2.7929
HG00329	SST1	2.781	0.0	0.5798
HG00329	CER	2.117	0.0	0.9334
HG00329	SATR	2.884	0.0	0.2602
HG00344	HSat1A	20.115	0.0	18.346
HG00344	HSat1B	1.447	0.0	1.1265
HG00344	HSat2	31.204	20.441	46.7456
HG00344	HSat3	31.321	0.478	53.9253
HG00344	bSat	16.659	0.364	13.2213
HG00344	aSatHOR	147.923	2.234	148.7813
HG00344	ACRO	3.546	0.0	2.7062
HG00344	SST1	1.698	0.0	0.5315
HG00344	CER	1.989	0.0	0.831
HG00344	SATR	2.856	0.0	0.2195
HG00350	HSat1A	16.659	0.0	13.3183
HG00350	HSat1B	1.565	0.0	1.1791
HG00350	HSat2	32.797	7.212	39.1471
HG00350	HSat3	40.912	21.002	57.0717
HG00350	bSat	14.016	0.0	10.7612
HG00350	aSatHOR	146.712	0.0	147.9766
HG00350	ACRO	3.168	0.0	2.5668
HG00350	SST1	2.072	0.0	0.5878
HG00350	CER	1.969	0.0	0.8682
HG00350	SATR	2.828	0.046	0.2326
HG00408	HSat1A	24.227	0.97	22.5522
HG00408	HSat1B	1.737	0.0	1.4291
HG00408	HSat2	44.708	2.083	63.1527
HG00408	HSat3	54.494	0.0	49.8541
HG00408	bSat	14.822	0.0	11.2275
HG00408	aSatHOR	156.751	2.806	162.4807
HG00408	ACRO	3.033	0.0	2.4883
HG00408	SST1	1.781	0.0	0.5083
HG00408	CER	1.857	0.0	0.8175
HG00408	SATR	2.856	0.0	0.2532
HG00423	HSat1A	20.036	0.0	16.6223
HG00423	HSat1B	2.387	0.0	2.018
HG00423	HSat2	22.03	0.911	41.906
HG00423	HSat3	75.38	0.0	69.7563
HG00423	bSat	13.772	0.0	10.4061
HG00423	aSatHOR	159.427	3.067	154.8729
HG00423	ACRO	3.665	0.03	2.935
HG00423	SST1	1.886	0.0	0.6391
HG00423	CER	1.794	0.0	0.7565
HG00423	SATR	2.825	0.0	0.2347
HG00438	HSat1A	22.281	0.0	19.2203
HG00438	HSat1B	1.738	0.0	1.5124
HG00438	HSat2	39.378	5.707	48.8399
HG00438	HSat3	45.328	0.678	52.1947
HG00438	bSat	14.369	0.0	10.8834
HG00438	aSatHOR	148.95	1.708	145.8561
HG00438	ACRO	4.241	0.0	3.4321
HG00438	SST1	1.809	0.0	0.5418
HG00438	CER	1.787	0.0	0.7592
HG00438	SATR	2.878	0.0	0.2546
HG00544	HSat1A	20.976	0.0	19.4109
HG00544	HSat1B	2.111	0.0	1.795
HG00544	HSat2	28.408	0.471	27.8598
HG00544	HSat3	61.981	0.0	58.9839
HG00544	bSat	13.267	0.0	9.7758
HG00544	aSatHOR	150.984	0.493	157.1014
HG00544	ACRO	4.632	0.0	3.7568
HG00544	SST1	1.505	0.0	0.5084
HG00544	CER	1.75	0.0	0.7605
HG00544	SATR	2.852	0.0	0.2454
HG00558	HSat1A	21.391	0.0	18.1562
HG00558	HSat1B	1.467	0.0	1.1139
HG00558	HSat2	16.768	30.805	67.4838
HG00558	HSat3	57.696	0.0	52.2319
HG00558	bSat	15.036	0.0	10.6853
HG00558	aSatHOR	150.806	0.481	140.6635
HG00558	ACRO	3.944	0.0	3.0559
HG00558	SST1	2.246	0.0	0.5628
HG00558	CER	1.866	0.0	0.7835
HG00558	SATR	2.856	0.0	0.239
HG00597	HSat1A	18.83	0.0	15.9219
HG00597	HSat1B	1.985	0.0	1.5638
HG00597	HSat2	42.778	4.806	51.0224
HG00597	HSat3	57.677	0.12	50.8759
HG00597	bSat	13.639	0.0	9.9011
HG00597	aSatHOR	157.88	0.644	148.1101
HG00597	ACRO	3.807	0.0	2.9953
HG00597	SST1	2.281	0.0	0.5385
HG00597	CER	1.847	0.0	0.7774
HG00597	SATR	2.829	0.0	0.2352
HG00609	HSat1A	18.236	0.0	14.8069
HG00609	HSat1B	19.333	0.0	18.3496
HG00609	HSat2	41.466	5.414	45.5413
HG00609	HSat3	81.684	0.0	75.9882
HG00609	bSat	13.996	0.0	9.891
HG00609	aSatHOR	148.147	1.3	147.7835
HG00609	ACRO	3.542	0.0	2.8324
HG00609	SST1	2.152	0.0	0.6363
HG00609	CER	1.646	0.0	0.691
HG00609	SATR	2.826	0.0	0.2565
HG00621	HSat1A	15.229	0.0	13.8729
HG00621	HSat1B	10.388	0.0	9.204
HG00621	HSat2	40.26	0.0	40.2579
HG00621	HSat3	79.468	0.0	74.6568
HG00621	bSat	11.957	0.0	7.5187
HG00621	aSatHOR	147.445	0.209	147.628
HG00621	ACRO	3.978	0.0	3.0727
HG00621	SST1	2.799	0.0	0.7247
HG00621	CER	1.675	0.0	0.7021
HG00621	SATR	2.838	0.0	0.2228
HG00639	HSat1A	22.054	0.0	18.8206
HG00639	HSat1B	1.482	0.0	1.1975
HG00639	HSat2	42.33	0.0	41.8729
HG00639	HSat3	68.785	0.0	62.8671
HG00639	bSat	15.1	0.0	11.7005
HG00639	aSatHOR	137.085	0.531	140.7519
HG00639	ACRO	4.368	0.0	3.4575
HG00639	SST1	2.309	0.0	0.7045
HG00639	CER	1.878	0.0	0.7971
HG00639	SATR	2.86	0.0	0.2649
HG00642	HSat1A	15.559	0.0	12.678
HG00642	HSat1B	5.428	0.0	4.7745
HG00642	HSat2	30.776	0.007	54.7705
HG00642	HSat3	62.207	0.145	59.0161
HG00642	bSat	18.351	0.0	14.0671
HG00642	aSatHOR	146.075	1.064	148.2953
HG00642	ACRO	4.069	0.0	3.3135
HG00642	SST1	2.97	0.0	0.7604
HG00642	CER	1.674	0.0	0.7439
HG00642	SATR	2.828	0.0	0.235
HG00658	HSat1A	23.101	0.947	22.43
HG00658	HSat1B	15.776	0.0	15.6612
HG00658	HSat2	25.042	6.221	38.9424
HG00658	HSat3	72.863	0.0	72.2929
HG00658	bSat	14.938	0.0	10.2131
HG00658	aSatHOR	139.877	0.988	142.0143
HG00658	ACRO	3.449	0.0	2.8879
HG00658	SST1	2.527	0.0	0.5444
HG00658	CER	1.814	0.0	0.7782
HG00658	SATR	2.848	0.0	0.2301
HG00673	HSat1A	16.552	0.0	14.1689
HG00673	HSat1B	16.869	0.0	15.9801
HG00673	HSat2	40.437	1.327	42.4759
HG00673	HSat3	79.263	0.0	77.1749
HG00673	bSat	11.496	0.0	8.034
HG00673	aSatHOR	147.386	0.977	149.8231
HG00673	ACRO	3.48	0.0	3.0439
HG00673	SST1	2.866	0.0	0.7235
HG00673	CER	1.62	0.0	0.7305
HG00673	SATR	2.911	0.0	0.2512
HG00706	HSat1A	17.183	0.0	12.8705
HG00706	HSat1B	15.981	0.0	14.6536
HG00706	HSat2	45.229	0.091	42.9365
HG00706	HSat3	69.126	6.46	66.4773
HG00706	bSat	14.993	0.0	10.9016
HG00706	aSatHOR	150.34	0.285	145.2536
HG00706	ACRO	3.402	0.0	2.8627
HG00706	SST1	2.83	0.0	0.6677
HG00706	CER	1.924	0.879	0.814
HG00706	SATR	2.873	0.0	0.2558
HG00735	HSat1A	22.214	0.0	23.6159
HG00735	HSat1B	1.972	0.0	1.6815
HG00735	HSat2	36.686	0.571	41.2188
HG00735	HSat3	50.079	12.331	52.7903
HG00735	bSat	14.332	0.0	10.3994
HG00735	aSatHOR	145.12	1.501	147.0414
HG00735	ACRO	2.717	0.0	2.0892
HG00735	SST1	2.066	0.0	0.4332
HG00735	CER	2.119	0.0	0.8637
HG00735	SATR	2.844	0.0	0.237
HG00738	HSat1A	28.481	0.012	23.9705
HG00738	HSat1B	12.15	0.0	10.6966
HG00738	HSat2	31.911	0.022	41.58
HG00738	HSat3	73.775	0.026	64.1067
HG00738	bSat	12.778	0.012	8.6626
HG00738	aSatHOR	132.846	0.168	126.384
HG00738	ACRO	3.397	0.0	2.5618
HG00738	SST1	2.788	0.0	0.8087
HG00738	CER	1.836	0.0	0.7957
HG00738	SATR	2.86	0.0	0.2411
HG00741	HSat1A	18.139	0.0	14.781
HG00741	HSat1B	1.318	0.0	1.0107
HG00741	HSat2	28.886	20.392	52.8514
HG00741	HSat3	75.274	0.0	67.5505
HG00741	bSat	13.988	0.0	10.1468
HG00741	aSatHOR	152.849	1.276	148.8666
HG00741	ACRO	3.384	0.0	2.6301
HG00741	SST1	2.418	0.0	0.8181
HG00741	CER	2.0	0.0	0.8738
HG00741	SATR	2.84	0.0	0.2415
HG01071	HSat1A	28.418	0.0	22.1662
HG01071	HSat1B	3.15	0.0	2.6882
HG01071	HSat2	46.095	0.051	47.0594
HG01071	HSat3	60.79	0.016	54.6913
HG01071	bSat	13.253	0.0	9.4739
HG01071	aSatHOR	144.285	1.277	136.5729
HG01071	ACRO	4.314	0.0	3.5109
HG01071	SST1	2.043	0.0	0.6254
HG01071	CER	1.984	0.0	0.8438
HG01071	SATR	2.812	0.0	0.2215
HG01074	HSat1A	21.249	0.335	16.0334
HG01074	HSat1B	12.512	0.0	11.1025
HG01074	HSat2	23.972	7.729	48.4417
HG01074	HSat3	69.377	0.0	65.1646
HG01074	bSat	15.02	0.0	10.6929
HG01074	aSatHOR	146.036	1.728	136.5301
HG01074	ACRO	3.192	0.0	2.4654
HG01074	SST1	2.743	0.0	0.5762
HG01074	CER	1.967	0.0	0.8494
HG01074	SATR	2.85	0.0	0.245
HG01081	HSat1A	27.876	0.0	24.5403
HG01081	HSat1B	2.104	0.0	1.7294
HG01081	HSat2	54.209	3.018	64.7672
HG01081	HSat3	59.952	0.0	54.3887
HG01081	bSat	15.278	0.0	11.9131
HG01081	aSatHOR	137.929	2.059	137.7662
HG01081	ACRO	3.958	0.0	3.1746
HG01081	SST1	1.961	0.0	0.5423
HG01081	CER	1.951	0.0	0.8187
HG01081	SATR	2.808	0.0	0.2515
HG01099	HSat1A	22.263	0.348	19.2597
HG01099	HSat1B	11.498	0.0	10.0539
HG01099	HSat2	39.236	0.332	38.8027
HG01099	HSat3	73.679	0.0	67.1075
HG01099	bSat	17.973	0.0	13.2757
HG01099	aSatHOR	139.259	1.215	137.1957
HG01099	ACRO	3.909	0.0	3.0446
HG01099	SST1	2.698	0.0	0.5884
HG01099	CER	1.995	0.0	0.866
HG01099	SATR	2.869	0.0	0.2571
HG01106	HSat1A	11.133	0.0	15.2207
HG01106	HSat1B	18.813	0.0	16.6526
HG01106	HSat2	41.907	0.719	40.8887
HG01106	HSat3	85.166	0.0	75.4006
HG01106	bSat	14.211	0.0	9.3394
HG01106	aSatHOR	139.822	1.62	129.88
HG01106	ACRO	3.916	0.0	3.0313
HG01106	SST1	2.937	0.041	0.5427
HG01106	CER	2.042	0.0	0.8398
HG01106	SATR	2.853	0.0	0.2342
HG01150	HSat1A	22.036	0.0	18.8147
HG01150	HSat1B	1.947	0.0	1.6356
HG01150	HSat2	33.767	0.136	53.0268
HG01150	HSat3	58.636	0.0	50.4461
HG01150	bSat	17.506	0.0	13.2109
HG01150	aSatHOR	146.396	0.034	143.2343
HG01150	ACRO	3.405	0.0	2.552
HG01150	SST1	1.926	0.0	0.5748
HG01150	CER	1.913	0.0	0.773
HG01150	SATR	2.87	0.0	0.2593
HG01167	HSat1A	20.061	0.0	16.635
HG01167	HSat1B	16.41	0.0	14.8096
HG01167	HSat2	50.14	1.237	49.2522
HG01167	HSat3	87.27	0.244	91.8613
HG01167	bSat	14.158	0.0	9.7924
HG01167	aSatHOR	142.897	1.237	143.4789
HG01167	ACRO	3.423	0.0	2.7674
HG01167	SST1	2.898	0.0	0.5423
HG01167	CER	1.962	0.0	0.8787
HG01167	SATR	2.86	0.0	0.2634
HG01175	HSat1A	18.568	0.023	17.3488
HG01175	HSat1B	1.957	0.0	1.6177
HG01175	HSat2	44.596	2.955	53.7022
HG01175	HSat3	61.021	0.0	53.9826
HG01175	bSat	15.892	0.0	11.8527
HG01175	aSatHOR	148.256	0.642	148.4175
HG01175	ACRO	3.66	0.0	2.8711
HG01175	SST1	2.322	0.0	0.7207
HG01175	CER	2.043	0.0	0.8896
HG01175	SATR	2.831	0.0	0.2305
HG01192	HSat1A	30.448	0.0	25.6133
HG01192	HSat1B	11.043	0.0	10.7918
HG01192	HSat2	29.033	0.478	45.6062
HG01192	HSat3	73.302	0.0	64.6205
HG01192	bSat	10.601	0.0	6.6663
HG01192	aSatHOR	134.397	2.03	136.7475
HG01192	ACRO	2.698	0.0	2.0841
HG01192	SST1	2.755	0.0	0.8192
HG01192	CER	1.919	0.0	0.7911
HG01192	SATR	2.808	0.0	0.2177
HG01252	HSat1A	22.14	1.129	19.3957
HG01252	HSat1B	13.211	0.0	11.6213
HG01252	HSat2	29.198	0.953	36.2735
HG01252	HSat3	79.114	0.0	67.3711
HG01252	bSat	16.038	0.0	11.4765
HG01252	aSatHOR	144.374	0.953	134.5844
HG01252	ACRO	4.154	0.0	3.2575
HG01252	SST1	2.535	0.0	0.5752
HG01252	CER	2.024	0.0	0.8524
HG01252	SATR	2.889	0.0	0.2522
HG01255	HSat1A	18.508	0.0	15.1693
HG01255	HSat1B	10.484	0.0	9.5175
HG01255	HSat2	49.083	0.366	49.614
HG01255	HSat3	79.853	0.0	69.857
HG01255	bSat	15.707	0.0	11.0792
HG01255	aSatHOR	146.449	1.124	141.5333
HG01255	ACRO	3.399	0.0	2.6042
HG01255	SST1	2.603	0.0	0.6974
HG01255	CER	1.806	0.0	0.7406
HG01255	SATR	2.876	0.0	0.2506
HG01258	HSat1A	17.707	0.0	13.9683
HG01258	HSat1B	10.393	0.0	9.0094
HG01258	HSat2	47.015	1.388	51.8251
HG01258	HSat3	70.501	0.0	61.1451
HG01258	bSat	15.981	0.0	11.5624
HG01258	aSatHOR	146.352	1.388	139.5185
HG01258	ACRO	3.603	0.0	2.77
HG01258	SST1	2.622	0.0	0.6693
HG01258	CER	2.191	0.0	0.8641
HG01258	SATR	2.866	0.0	0.2535
HG01261	HSat1A	20.919	0.0	19.1851
HG01261	HSat1B	13.359	0.0	12.091
HG01261	HSat2	52.847	0.0	55.3305
HG01261	HSat3	85.631	0.0	86.0508
HG01261	bSat	16.303	0.0	12.8995
HG01261	aSatHOR	136.69	0.704	145.183
HG01261	ACRO	3.734	0.0	3.2206
HG01261	SST1	2.419	0.0	0.6819
HG01261	CER	1.917	0.0	0.8513
HG01261	SATR	2.82	0.0	0.2675
HG01346	HSat1A	21.504	0.0	16.127
HG01346	HSat1B	2.27	0.0	1.863
HG01346	HSat2	25.414	10.104	51.3968
HG01346	HSat3	70.688	0.053	57.7078
HG01346	bSat	17.169	0.0	12.6115
HG01346	aSatHOR	142.171	2.567	131.3653
HG01346	ACRO	3.544	0.0	2.8211
HG01346	SST1	2.0	0.0	0.7023
HG01346	CER	2.007	0.0	0.8242
HG01346	SATR	2.865	0.0	0.2473
HG01358	HSat1A	19.702	0.0	15.7137
HG01358	HSat1B	11.722	0.0	10.7258
HG01358	HSat2	33.322	1.256	58.9881
HG01358	HSat3	79.796	0.0	68.4782
HG01358	bSat	15.823	0.055	10.8153
HG01358	aSatHOR	140.02	1.186	131.2117
HG01358	ACRO	4.178	0.0	3.2265
HG01358	SST1	2.674	0.0	0.5234
HG01358	CER	1.738	0.0	0.74
HG01358	SATR	2.854	0.0	0.2491
HG01361	HSat1A	18.835	0.0	15.4574
HG01361	HSat1B	1.62	0.0	1.242
HG01361	HSat2	49.039	0.0	50.5418
HG01361	HSat3	58.005	6.846	59.1131
HG01361	bSat	13.423	0.0	9.7685
HG01361	aSatHOR	141.61	2.488	139.2136
HG01361	ACRO	4.415	0.0	3.5124
HG01361	SST1	2.303	0.0	0.4298
HG01361	CER	1.996	0.0	0.8541
HG01361	SATR	2.838	0.0	0.2511
HG01433	HSat1A	17.631	0.0	14.9257
HG01433	HSat1B	17.843	0.0	20.125
HG01433	HSat2	30.289	0.0	59.4386
HG01433	HSat3	92.129	0.0	85.6665
HG01433	bSat	16.169	0.0	12.1513
HG01433	aSatHOR	147.579	3.754	146.4319
HG01433	ACRO	3.948	0.0	3.2728
HG01433	SST1	2.597	0.0	0.6598
HG01433	CER	2.068	0.0	0.8737
HG01433	SATR	2.901	0.0	0.2555
HG01496	HSat1A	20.703	0.0	19.0429
HG01496	HSat1B	1.979	0.0	1.6445
HG01496	HSat2	45.074	0.596	61.9667
HG01496	HSat3	54.883	12.59	60.7601
HG01496	bSat	14.251	0.0	10.583
HG01496	aSatHOR	154.693	0.872	159.9658
HG01496	ACRO	3.348	0.0	2.5663
HG01496	SST1	2.594	0.0	0.69
HG01496	CER	1.82	0.0	0.7488
HG01496	SATR	2.868	0.0	0.2373
HG01530	HSat1A	19.366	0.0	18.0718
HG01530	HSat1B	11.517	0.0	9.4813
HG01530	HSat2	33.839	8.384	52.3779
HG01530	HSat3	71.488	0.057	76.3069
HG01530	bSat	13.178	0.0	9.0645
HG01530	aSatHOR	146.379	2.744	159.0418
HG01530	ACRO	3.841	0.0	3.3946
HG01530	SST1	2.591	0.0	0.7351
HG01530	CER	1.802	0.0	0.7582
HG01530	SATR	2.835	0.0	0.2349
HG01784	HSat1A	24.134	0.0	20.9205
HG01784	HSat1B	2.49	0.0	2.1306
HG01784	HSat2	37.134	0.688	43.5539
HG01784	HSat3	57.833	0.0	53.0361
HG01784	bSat	15.391	0.0	11.4398
HG01784	aSatHOR	141.951	0.689	145.444
HG01784	ACRO	4.03	0.0	3.1273
HG01784	SST1	2.453	0.0	0.7553
HG01784	CER	1.989	0.0	0.8623
HG01784	SATR	2.864	0.0	0.2635
HG01786	HSat1A	24.16	0.0	21.3642
HG01786	HSat1B	2.164	0.0	1.7828
HG01786	HSat2	38.354	0.099	47.4121
HG01786	HSat3	60.704	0.057	56.705
HG01786	bSat	15.76	0.24	12.3371
HG01786	aSatHOR	136.702	0.918	141.0316
HG01786	ACRO	2.755	0.0	2.1702
HG01786	SST1	1.6	0.0	0.4683
HG01786	CER	2.151	0.0	0.9608
HG01786	SATR	2.859	0.0	0.262
HG01884	HSat1A	24.938	0.0	24.2083
HG01884	HSat1B	2.155	0.0	1.7796
HG01884	HSat2	30.452	12.047	52.8175
HG01884	HSat3	71.818	0.57	70.2823
HG01884	bSat	18.065	0.0	13.7784
HG01884	aSatHOR	148.774	1.482	153.2307
HG01884	ACRO	3.849	0.0	3.0482
HG01884	SST1	2.393	0.0	0.6717
HG01884	CER	2.039	0.0	0.8717
HG01884	SATR	2.937	0.0	0.2873
HG01891	HSat1A	25.683	0.0	22.2177
HG01891	HSat1B	1.449	0.0	1.1944
HG01891	HSat2	19.413	11.636	45.0938
HG01891	HSat3	70.99	0.0	71.6543
HG01891	bSat	15.165	0.0	11.2612
HG01891	aSatHOR	137.124	0.0	137.9052
HG01891	ACRO	4.333	0.0	3.5569
HG01891	SST1	2.318	0.0	0.7189
HG01891	CER	1.845	0.0	0.8024
HG01891	SATR	2.85	0.0	0.2318
HG01928	HSat1A	19.811	0.0	19.0738
HG01928	HSat1B	11.649	0.0	10.6839
HG01928	HSat2	46.291	11.813	59.0146
HG01928	HSat3	77.803	0.0	75.6781
HG01928	bSat	16.742	0.016	12.1809
HG01928	aSatHOR	136.464	0.829	140.4604
HG01928	ACRO	3.994	0.0	3.139
HG01928	SST1	2.653	0.0	0.5851
HG01928	CER	1.822	0.0	0.7885
HG01928	SATR	2.851	0.0	0.2454
HG01934	HSat1A	22.198	0.0	18.7417
HG01934	HSat1B	12.464	0.0	11.3331
HG01934	HSat2	27.71	7.665	38.7825
HG01934	HSat3	88.234	0.0	83.8596
HG01934	bSat	13.37	0.0	9.0232
HG01934	aSatHOR	140.376	1.236	133.6489
HG01934	ACRO	3.475	0.0	2.7065
HG01934	SST1	2.297	0.0	0.5129
HG01934	CER	2.035	0.0	0.8798
HG01934	SATR	2.833	0.0	0.2478
HG01940	HSat1A	20.803	0.0	16.2878
HG01940	HSat1B	2.152	0.0	1.7822
HG01940	HSat2	46.139	0.034	44.1709
HG01940	HSat3	62.263	0.0	54.1486
HG01940	bSat	18.607	0.0	15.205
HG01940	aSatHOR	151.35	0.034	136.8566
HG01940	ACRO	3.434	0.0	2.7557
HG01940	SST1	2.129	0.0	0.5966
HG01940	CER	1.863	0.0	0.791
HG01940	SATR	2.821	0.0	0.2325
HG01943	HSat1A	25.928	0.319	20.2332
HG01943	HSat1B	11.954	0.0	10.2686
HG01943	HSat2	32.353	12.661	56.5221
HG01943	HSat3	79.641	0.0	72.8112
HG01943	bSat	14.603	0.0	10.378
HG01943	aSatHOR	141.892	0.828	126.1845
HG01943	ACRO	4.201	0.0	3.5655
HG01943	SST1	3.0	0.0	0.6157
HG01943	CER	2.079	0.0	0.9314
HG01943	SATR	2.836	0.0	0.233
HG01952	HSat1A	22.82	0.0	18.8749
HG01952	HSat1B	11.216	0.0	10.2123
HG01952	HSat2	39.638	0.878	40.5975
HG01952	HSat3	71.355	0.0	65.9515
HG01952	bSat	14.846	0.0	10.1685
HG01952	aSatHOR	141.478	0.675	133.4038
HG01952	ACRO	4.067	0.0	3.2039
HG01952	SST1	2.655	0.0	0.7166
HG01952	CER	1.876	0.0	0.7843
HG01952	SATR	2.844	0.0	0.2466
HG01960	HSat1A	21.5	0.0	18.0754
HG01960	HSat1B	1.689	0.0	1.357
HG01960	HSat2	28.852	16.449	47.3188
HG01960	HSat3	62.531	0.0	59.9561
HG01960	bSat	14.329	0.0	10.4982
HG01960	aSatHOR	137.003	0.846	138.5383
HG01960	ACRO	4.069	0.0	3.2708
HG01960	SST1	1.834	0.0	0.5043
HG01960	CER	2.021	0.0	0.8773
HG01960	SATR	2.891	0.0	0.265
HG01969	HSat1A	18.69	0.0	16.6844
HG01969	HSat1B	1.434	0.0	1.207
HG01969	HSat2	37.98	2.623	42.1165
HG01969	HSat3	62.579	0.0	61.0363
HG01969	bSat	13.774	0.0	10.5721
HG01969	aSatHOR	146.81	0.012	149.725
HG01969	ACRO	3.755	0.0	3.0229
HG01969	SST1	2.225	0.0	0.7761
HG01969	CER	2.088	0.0	0.9284
HG01969	SATR	2.846	0.0	0.2391
HG01975	HSat1A	21.026	0.0	17.3116
HG01975	HSat1B	1.78	0.0	1.3622
HG01975	HSat2	36.884	10.903	57.5352
HG01975	HSat3	52.055	0.042	45.3414
HG01975	bSat	13.35	0.015	9.3358
HG01975	aSatHOR	152.206	2.36	143.0028
HG01975	ACRO	3.975	0.0	3.0354
HG01975	SST1	2.189	0.0	0.7693
HG01975	CER	1.838	0.0	0.7784
HG01975	SATR	2.841	0.0	0.2373
HG01978	HSat1A	17.683	0.0	15.1779
HG01978	HSat1B	1.691	0.0	1.3544
HG01978	HSat2	48.75	2.027	65.3174
HG01978	HSat3	55.582	0.0	61.5724
HG01978	bSat	15.071	0.0	10.9586
HG01978	aSatHOR	154.536	0.71	145.6482
HG01978	ACRO	4.444	0.0	3.5848
HG01978	SST1	1.841	0.0	0.6671
HG01978	CER	1.958	0.0	0.8486
HG01978	SATR	2.878	0.0	0.2634
HG01981	HSat1A	20.23	0.0	17.9807
HG01981	HSat1B	1.666	0.0	1.3665
HG01981	HSat2	41.552	26.762	68.4551
HG01981	HSat3	62.956	0.0	63.3439
HG01981	bSat	14.919	0.021	11.4979
HG01981	aSatHOR	143.983	0.958	144.5018
HG01981	ACRO	4.0	0.0	3.2889
HG01981	SST1	2.01	0.0	0.7215
HG01981	CER	2.079	0.0	0.9097
HG01981	SATR	2.846	0.0	0.2586
HG01993	HSat1A	19.323	0.0	15.9659
HG01993	HSat1B	1.698	0.0	1.4609
HG01993	HSat2	27.219	0.021	51.7029
HG01993	HSat3	57.861	0.0	54.1304
HG01993	bSat	15.107	0.0	11.7572
HG01993	aSatHOR	156.748	1.061	155.9763
HG01993	ACRO	3.803	0.0	3.4958
HG01993	SST1	1.991	0.0	0.7307
HG01993	CER	1.82	0.0	0.7713
HG01993	SATR	2.875	0.0	0.2545
HG02004	HSat1A	21.605	0.0	20.1953
HG02004	HSat1B	1.88	0.0	1.9697
HG02004	HSat2	26.365	8.251	35.5137
HG02004	HSat3	71.643	1.158	66.8384
HG02004	bSat	14.235	1.108	10.9673
HG02004	aSatHOR	148.246	0.928	150.9014
HG02004	ACRO	3.417	0.0	2.8094
HG02004	SST1	2.368	0.0	0.6631
HG02004	CER	2.011	0.0	0.8561
HG02004	SATR	2.853	0.0	0.252
HG02015	HSat1A	15.535	0.013	13.9654
HG02015	HSat1B	8.948	0.0	10.8848
HG02015	HSat2	27.718	13.131	44.441
HG02015	HSat3	62.115	0.0	74.2151
HG02015	bSat	17.168	0.165	12.3609
HG02015	aSatHOR	140.836	0.98	142.3792
HG02015	ACRO	3.342	0.0	2.6781
HG02015	SST1	2.643	0.0	0.5663
HG02015	CER	2.0	0.0	0.8404
HG02015	SATR	2.873	0.0	0.2843
HG02027	HSat1A	19.633	0.0	21.9617
HG02027	HSat1B	18.306	0.0	15.6915
HG02027	HSat2	23.428	11.335	75.5759
HG02027	HSat3	85.727	0.0	80.8896
HG02027	bSat	14.63	0.0	9.7369
HG02027	aSatHOR	151.308	0.559	150.542
HG02027	ACRO	3.547	0.0	2.8927
HG02027	SST1	2.583	0.0	0.5341
HG02027	CER	1.822	0.0	0.7244
HG02027	SATR	2.858	0.0	0.2485
HG02040	HSat1A	21.972	0.0	19.1054
HG02040	HSat1B	19.114	0.0	18.4222
HG02040	HSat2	26.88	4.62	38.7659
HG02040	HSat3	80.233	0.0	77.7859
HG02040	bSat	13.994	0.0	10.374
HG02040	aSatHOR	158.579	1.506	154.7017
HG02040	ACRO	3.432	0.0	2.8071
HG02040	SST1	2.73	0.0	0.7008
HG02040	CER	1.814	0.0	0.805
HG02040	SATR	2.845	0.0	0.2589
HG02056	HSat1A	21.582	0.0	19.7147
HG02056	HSat1B	14.97	0.0	14.3632
HG02056	HSat2	24.718	10.436	36.8424
HG02056	HSat3	85.651	0.0	88.9241
HG02056	bSat	13.875	0.0	10.7798
HG02056	aSatHOR	138.969	1.203	144.6859
HG02056	ACRO	2.405	0.0	2.3165
HG02056	SST1	2.975	0.0	0.6573
HG02056	CER	1.764	0.0	0.8207
HG02056	SATR	2.841	0.0	0.2584
HG02071	HSat1A	18.98	0.0	15.0846
HG02071	HSat1B	11.01	0.0	10.8582
HG02071	HSat2	36.436	5.142	47.3848
HG02071	HSat3	60.909	0.0	48.3351
HG02071	bSat	14.122	0.0	9.792
HG02071	aSatHOR	151.403	1.549	139.4776
HG02071	ACRO	3.539	0.0	2.7418
HG02071	SST1	2.933	0.0	0.5423
HG02071	CER	1.773	0.0	0.7626
HG02071	SATR	2.849	0.0	0.2371
HG02074	HSat1A	19.628	0.0	16.3732
HG02074	HSat1B	11.273	0.0	10.0901
HG02074	HSat2	28.591	5.476	64.3764
HG02074	HSat3	69.249	0.118	61.9119
HG02074	bSat	15.527	0.0	11.6822
HG02074	aSatHOR	145.838	0.912	145.6497
HG02074	ACRO	3.94	0.0	3.1647
HG02074	SST1	3.049	0.0	0.6722
HG02074	CER	1.703	0.0	0.741
HG02074	SATR	2.848	0.0	0.2599
HG02083	HSat1A	28.558	0.0	25.7813
HG02083	HSat1B	19.858	0.0	19.8526
HG02083	HSat2	16.806	7.791	31.3512
HG02083	HSat3	83.705	0.0	78.5
HG02083	bSat	14.056	0.0	10.0524
HG02083	aSatHOR	149.763	0.749	153.1661
HG02083	ACRO	3.47	0.0	2.9915
HG02083	SST1	2.738	0.0	0.6664
HG02083	CER	1.93	0.0	0.8379
HG02083	SATR	2.86	0.0	0.2498
HG02129	HSat1A	18.532	0.0	16.2792
HG02129	HSat1B	18.69	0.0	17.8597
HG02129	HSat2	28.47	0.0	50.1301
HG02129	HSat3	80.682	0.0	76.0087
HG02129	bSat	15.426	0.0	10.9665
HG02129	aSatHOR	137.993	0.0	139.0473
HG02129	ACRO	3.865	0.0	3.0868
HG02129	SST1	2.664	0.0	0.5887
HG02129	CER	1.951	0.0	0.8239
HG02129	SATR	2.846	0.0	0.2512
HG02132	HSat1A	24.254	0.0	22.2267
HG02132	HSat1B	13.507	0.0	14.2354
HG02132	HSat2	30.021	2.351	50.3415
HG02132	HSat3	70.598	0.0	74.3309
HG02132	bSat	13.996	0.0	10.2413
HG02132	aSatHOR	147.721	1.503	152.333
HG02132	ACRO	3.07	0.0	2.6725
HG02132	SST1	2.331	0.0	0.3737
HG02132	CER	1.843	0.0	0.8062
HG02132	SATR	2.858	0.0	0.2559
HG02135	HSat1A	19.678	0.0	16.8214
HG02135	HSat1B	17.88	0.0	16.3536
HG02135	HSat2	24.793	0.368	54.9057
HG02135	HSat3	72.542	0.04	64.1881
HG02135	bSat	16.033	0.0	11.8919
HG02135	aSatHOR	153.512	0.992	141.4539
HG02135	ACRO	3.743	0.0	2.9752
HG02135	SST1	2.301	0.0	0.5073
HG02135	CER	1.99	0.0	0.8483
HG02135	SATR	2.838	0.0	0.2365
HG02148	HSat1A	16.159	0.21	13.963
HG02148	HSat1B	1.88	0.0	1.5103
HG02148	HSat2	28.405	24.194	52.4784
HG02148	HSat3	64.087	0.124	55.433
HG02148	bSat	12.96	0.0	10.0939
HG02148	aSatHOR	149.774	1.633	154.3837
HG02148	ACRO	3.003	0.0	2.4224
HG02148	SST1	2.162	0.0	0.6725
HG02148	CER	1.796	0.0	0.864
HG02148	SATR	2.817	0.0	0.2293
HG02155	HSat1A	18.689	0.0	16.9445
HG02155	HSat1B	2.769	0.0	2.4415
HG02155	HSat2	28.831	1.234	47.3201
HG02155	HSat3	52.666	0.0	46.7034
HG02155	bSat	14.481	0.0	10.9204
HG02155	aSatHOR	145.648	3.273	151.7255
HG02155	ACRO	3.909	0.0	3.0473
HG02155	SST1	1.971	0.0	0.7012
HG02155	CER	1.907	0.0	0.8128
HG02155	SATR	2.864	0.0	0.2401
HG02165	HSat1A	21.05	0.0	16.6277
HG02165	HSat1B	1.932	0.0	1.6073
HG02165	HSat2	32.836	0.886	59.371
HG02165	HSat3	56.599	0.0	48.563
HG02165	bSat	13.979	0.476	9.7632
HG02165	aSatHOR	146.058	0.111	136.3814
HG02165	ACRO	4.802	0.0	3.752
HG02165	SST1	1.664	0.0	0.5175
HG02165	CER	1.865	0.0	0.8076
HG02165	SATR	2.886	0.0	0.2515
HG02178	HSat1A	21.853	0.0	20.2239
HG02178	HSat1B	1.281	0.0	1.0608
HG02178	HSat2	51.567	0.093	50.7212
HG02178	HSat3	32.442	0.0	55.3026
HG02178	bSat	12.152	0.0	8.4994
HG02178	aSatHOR	151.29	0.197	150.3101
HG02178	ACRO	4.071	0.0	3.1
HG02178	SST1	1.941	0.0	0.5205
HG02178	CER	1.699	0.0	0.7121
HG02178	SATR	2.817	0.0	0.2364
HG02257	HSat1A	27.716	0.332	26.868
HG02257	HSat1B	2.254	0.0	1.7662
HG02257	HSat2	18.03	0.332	64.1276
HG02257	HSat3	73.447	0.0	75.5429
HG02257	bSat	15.723	0.026	12.2958
HG02257	aSatHOR	134.275	0.47	144.7022
HG02257	ACRO	3.378	0.0	2.6647
HG02257	SST1	1.675	0.0	0.5425
HG02257	CER	2.036	0.0	0.8729
HG02257	SATR	2.846	0.0	0.2538
HG02258	HSat1A	28.398	0.654	26.4864
HG02258	HSat1B	11.774	0.0	10.6068
HG02258	HSat2	44.044	18.841	67.0339
HG02258	HSat3	87.376	0.0	85.1436
HG02258	bSat	15.588	0.0	10.6885
HG02258	aSatHOR	135.186	2.251	130.79
HG02258	ACRO	3.348	0.0	2.6308
HG02258	SST1	2.902	0.0	0.6836
HG02258	CER	1.832	0.0	0.7661
HG02258	SATR	2.833	0.0	0.2239
HG02273	HSat1A	15.451	0.0	13.0302
HG02273	HSat1B	1.532	0.0	1.2328
HG02273	HSat2	20.627	30.029	56.2139
HG02273	HSat3	78.241	0.0	73.4911
HG02273	bSat	19.308	0.0	15.3047
HG02273	aSatHOR	149.93	0.699	148.0881
HG02273	ACRO	3.462	0.0	2.745
HG02273	SST1	2.043	0.0	0.5974
HG02273	CER	1.824	0.0	0.8174
HG02273	SATR	2.838	0.0	0.2443
HG02280	HSat1A	27.832	0.0	18.7811
HG02280	HSat1B	2.639	0.0	2.1318
HG02280	HSat2	49.96	0.469	55.4414
HG02280	HSat3	64.471	0.0	53.3489
HG02280	bSat	12.089	0.0	8.6718
HG02280	aSatHOR	145.607	2.09	124.6417
HG02280	ACRO	3.851	0.0	3.0079
HG02280	SST1	2.028	0.0	0.5331
HG02280	CER	1.751	0.0	0.761
HG02280	SATR	2.861	0.0	0.2318
HG02293	HSat1A	14.394	0.0	13.1608
HG02293	HSat1B	1.444	0.0	1.1711
HG02293	HSat2	19.114	24.666	74.7091
HG02293	HSat3	69.79	0.0	68.0411
HG02293	bSat	13.639	0.0	10.337
HG02293	aSatHOR	153.988	1.95	160.0422
HG02293	ACRO	3.64	0.0	3.016
HG02293	SST1	1.926	0.0	0.5137
HG02293	CER	1.774	0.0	0.8051
HG02293	SATR	2.827	0.0	0.2234
HG02300	HSat1A	27.551	0.0	24.9853
HG02300	HSat1B	1.282	0.0	0.977
HG02300	HSat2	30.226	7.608	52.1416
HG02300	HSat3	68.968	0.0	64.8885
HG02300	bSat	18.62	0.0	15.0147
HG02300	aSatHOR	145.65	0.155	142.8839
HG02300	ACRO	3.408	0.0	2.6797
HG02300	SST1	2.783	0.0	0.9075
HG02300	CER	1.979	0.0	0.8429
HG02300	SATR	2.826	0.0	0.2427
HG02391	HSat1A	16.945	0.0	14.6928
HG02391	HSat1B	10.351	0.0	9.3419
HG02391	HSat2	38.943	10.982	52.4821
HG02391	HSat3	83.65	0.0	72.3287
HG02391	bSat	14.569	0.0	9.5679
HG02391	aSatHOR	153.89	0.867	149.1391
HG02391	ACRO	3.871	0.0	3.0576
HG02391	SST1	2.947	0.0	0.5538
HG02391	CER	1.741	0.0	0.7528
HG02391	SATR	2.884	0.0	0.25
HG02392	HSat1A	21.764	0.0	19.5666
HG02392	HSat1B	7.663	0.0	7.8954
HG02392	HSat2	15.662	42.094	58.8643
HG02392	HSat3	49.555	3.121	59.7875
HG02392	bSat	12.834	0.0	8.8252
HG02392	aSatHOR	140.928	3.168	145.0681
HG02392	ACRO	3.964	0.0	3.1526
HG02392	SST1	2.7	0.0	0.6361
HG02392	CER	1.833	0.0	0.7862
HG02392	SATR	2.826	0.0	0.2426
HG02451	HSat1A	23.809	0.0	20.4485
HG02451	HSat1B	1.278	0.0	0.9952
HG02451	HSat2	34.574	10.266	54.1943
HG02451	HSat3	68.053	0.0	62.3162
HG02451	bSat	13.983	0.0	10.6423
HG02451	aSatHOR	128.717	2.901	125.4618
HG02451	ACRO	4.326	0.0	3.4917
HG02451	SST1	1.872	0.0	0.6178
HG02451	CER	1.88	0.0	0.8205
HG02451	SATR	2.847	0.0	0.2366
HG02514	HSat1A	15.5	0.445	15.262
HG02514	HSat1B	21.496	0.0	21.1674
HG02514	HSat2	38.764	0.206	40.6747
HG02514	HSat3	79.985	0.0	75.2414
HG02514	bSat	14.478	0.0	10.2228
HG02514	aSatHOR	141.136	0.771	148.9045
HG02514	ACRO	3.31	0.0	2.5949
HG02514	SST1	2.437	0.0	0.5525
HG02514	CER	1.876	0.0	0.8197
HG02514	SATR	2.848	0.0	0.263
HG02523	HSat1A	15.57	0.0	17.7265
HG02523	HSat1B	1.768	0.0	1.4834
HG02523	HSat2	31.627	18.81	51.6331
HG02523	HSat3	58.32	0.0	55.3029
HG02523	bSat	13.134	0.0	9.8513
HG02523	aSatHOR	146.511	1.489	151.216
HG02523	ACRO	3.752	0.0	2.9694
HG02523	SST1	1.994	0.0	0.5197
HG02523	CER	1.771	0.0	0.8084
HG02523	SATR	2.813	0.0	0.2362
HG02572	HSat1A	18.429	0.0	17.6741
HG02572	HSat1B	10.475	0.0	9.5957
HG02572	HSat2	43.751	0.0	52.3951
HG02572	HSat3	65.499	20.055	81.0052
HG02572	bSat	15.981	0.0	12.4034
HG02572	aSatHOR	144.727	1.746	151.7632
HG02572	ACRO	3.185	0.0	2.731
HG02572	SST1	2.985	0.0	0.8894
HG02572	CER	1.812	0.0	0.8033
HG02572	SATR	2.831	0.0	0.2343
HG02583	HSat1A	26.507	0.0	23.6559
HG02583	HSat1B	1.702	0.0	1.4115
HG02583	HSat2	52.487	0.427	66.3981
HG02583	HSat3	48.659	4.097	70.392
HG02583	bSat	12.505	0.0	9.4332
HG02583	aSatHOR	149.815	2.215	157.1644
HG02583	ACRO	4.778	0.0	3.7577
HG02583	SST1	2.194	0.0	0.7233
HG02583	CER	1.822	0.0	0.796
HG02583	SATR	2.844	0.0	0.2288
HG02602	HSat1A	17.697	0.0	16.4266
HG02602	HSat1B	13.943	0.0	12.3984
HG02602	HSat2	30.613	0.313	44.3347
HG02602	HSat3	69.439	13.574	74.6968
HG02602	bSat	17.007	0.0	13.1453
HG02602	aSatHOR	149.313	1.663	156.4019
HG02602	ACRO	3.996	0.0	3.2956
HG02602	SST1	2.51	0.0	0.5863
HG02602	CER	1.953	0.0	0.854
HG02602	SATR	2.857	0.0	0.246
HG02615	HSat1A	26.498	0.0	24.3542
HG02615	HSat1B	1.627	0.0	1.2919
HG02615	HSat2	45.828	1.957	45.3451
HG02615	HSat3	60.022	0.002	54.3023
HG02615	bSat	15.673	0.0	11.9262
HG02615	aSatHOR	142.249	3.756	147.7317
HG02615	ACRO	4.79	0.0	3.9026
HG02615	SST1	2.258	0.0	0.5563
HG02615	CER	2.144	0.0	0.9362
HG02615	SATR	2.885	0.0	0.2467
HG02622	HSat1A	11.332	0.263	20.191
HG02622	HSat1B	1.497	0.0	1.202
HG02622	HSat2	41.611	0.052	60.6062
HG02622	HSat3	72.647	0.0	66.9423
HG02622	bSat	14.772	0.0	11.1239
HG02622	aSatHOR	139.558	0.523	142.4898
HG02622	ACRO	3.831	0.511	2.9284
HG02622	SST1	2.488	0.0	0.7798
HG02622	CER	2.074	0.0	0.9124
HG02622	SATR	2.866	0.0	0.241
HG02630	HSat1A	16.958	0.0	25.2106
HG02630	HSat1B	1.38	0.0	1.0821
HG02630	HSat2	26.945	1.157	63.8988
HG02630	HSat3	53.526	0.0	52.243
HG02630	bSat	15.772	0.0	11.7821
HG02630	aSatHOR	152.683	1.372	155.0945
HG02630	ACRO	4.069	0.0	3.3495
HG02630	SST1	2.35	0.0	0.5023
HG02630	CER	2.208	0.0	0.9564
HG02630	SATR	2.909	0.0	0.2756
HG02647	HSat1A	21.36	0.0	20.6105
HG02647	HSat1B	10.673	0.0	9.5697
HG02647	HSat2	34.455	6.344	51.9662
HG02647	HSat3	87.374	0.0	80.138
HG02647	bSat	16.22	0.0	12.0345
HG02647	aSatHOR	133.509	5.498	139.6629
HG02647	ACRO	4.099	0.0	3.1948
HG02647	SST1	2.574	0.0	0.4523
HG02647	CER	1.823	0.0	0.7907
HG02647	SATR	2.874	0.0	0.2258
HG02668	HSat1A	24.794	0.0	23.1522
HG02668	HSat1B	10.996	0.0	10.1069
HG02668	HSat2	32.265	4.355	54.538
HG02668	HSat3	88.644	0.0	81.8362
HG02668	bSat	13.031	0.0	8.7749
HG02668	aSatHOR	131.915	6.093	135.5283
HG02668	ACRO	4.163	0.0	3.2711
HG02668	SST1	2.881	0.0	0.7881
HG02668	CER	1.865	0.0	0.819
HG02668	SATR	2.882	0.0	0.2263
HG02698	HSat1A	22.103	0.0	20.4637
HG02698	HSat1B	8.151	0.0	7.4874
HG02698	HSat2	26.486	0.0	35.5147
HG02698	HSat3	72.844	0.0	66.7799
HG02698	bSat	17.303	0.0	12.8789
HG02698	aSatHOR	148.753	0.201	154.5913
HG02698	ACRO	3.531	0.0	2.781
HG02698	SST1	2.392	0.0	0.4383
HG02698	CER	2.074	0.0	0.91
HG02698	SATR	2.886	0.0	0.2676
HG02717	HSat1A	28.413	0.0	26.8347
HG02717	HSat1B	11.3	0.0	10.3438
HG02717	HSat2	54.196	1.283	64.4952
HG02717	HSat3	81.001	0.0	74.2296
HG02717	bSat	14.8	0.0	10.96
HG02717	aSatHOR	144.635	1.499	152.0043
HG02717	ACRO	4.701	0.0	3.9088
HG02717	SST1	2.782	0.0	0.6464
HG02717	CER	1.873	0.0	0.8314
HG02717	SATR	2.899	0.0	0.2479
HG02735	HSat1A	17.938	0.0	16.0792
HG02735	HSat1B	12.486	0.0	11.1931
HG02735	HSat2	43.52	0.435	46.2347
HG02735	HSat3	73.643	0.284	62.7881
HG02735	bSat	15.998	0.0	12.2229
HG02735	aSatHOR	149.765	2.98	154.1009
HG02735	ACRO	4.095	0.0	3.2418
HG02735	SST1	3.23	0.0	0.7996
HG02735	CER	1.841	0.0	0.8051
HG02735	SATR	2.836	0.0	0.2532
HG02738	HSat1A	20.984	0.0	22.6697
HG02738	HSat1B	12.995	0.0	11.9408
HG02738	HSat2	33.746	0.096	33.1623
HG02738	HSat3	78.678	0.0	67.931
HG02738	bSat	14.018	0.0	9.9197
HG02738	aSatHOR	151.242	3.377	148.9373
HG02738	ACRO	3.056	0.0	2.4045
HG02738	SST1	2.481	0.0	0.6351
HG02738	CER	2.126	0.0	0.9762
HG02738	SATR	2.851	0.0	0.2595
HG02809	HSat1A	22.799	0.0	20.6462
HG02809	HSat1B	1.386	0.0	1.0889
HG02809	HSat2	32.558	0.312	42.1344
HG02809	HSat3	63.645	0.0	56.9775
HG02809	bSat	13.994	0.0	10.3726
HG02809	aSatHOR	139.058	2.145	142.9746
HG02809	ACRO	3.212	0.0	2.5146
HG02809	SST1	2.24	0.0	0.6717
HG02809	CER	1.95	0.0	0.8151
HG02809	SATR	2.873	0.0	0.2332
HG02841	HSat1A	23.64	0.887	22.0141
HG02841	HSat1B	1.31	0.0	1.0263
HG02841	HSat2	27.622	30.277	54.2676
HG02841	HSat3	62.644	0.0	62.4178
HG02841	bSat	15.431	0.007	11.7845
HG02841	aSatHOR	140.048	2.803	144.868
HG02841	ACRO	4.238	0.0	3.3602
HG02841	SST1	1.631	0.0	0.4486
HG02841	CER	1.993	0.0	0.8484
HG02841	SATR	2.916	0.0	0.2584
HG02886	HSat1A	15.158	0.0	22.2043
HG02886	HSat1B	1.958	0.0	1.6236
HG02886	HSat2	39.78	0.438	51.9066
HG02886	HSat3	63.575	0.0	62.8939
HG02886	bSat	14.896	0.0	11.3948
HG02886	aSatHOR	132.469	0.506	140.4672
HG02886	ACRO	4.161	0.0	3.304
HG02886	SST1	2.275	0.0	0.7747
HG02886	CER	1.829	0.0	0.8017
HG02886	SATR	2.907	0.0	0.2726
HG02922	HSat1A	26.48	0.0	23.8273
HG02922	HSat1B	1.344	0.0	1.0432
HG02922	HSat2	33.089	14.025	45.3535
HG02922	HSat3	51.254	17.395	61.2046
HG02922	bSat	15.367	0.0	11.2749
HG02922	aSatHOR	140.236	1.262	145.3154
HG02922	ACRO	3.375	0.0	2.6217
HG02922	SST1	1.888	0.0	0.543
HG02922	CER	1.877	0.0	0.8089
HG02922	SATR	2.934	0.0	0.2488
HG02965	HSat1A	20.305	0.0	18.5216
HG02965	HSat1B	12.241	0.0	10.8829
HG02965	HSat2	42.982	0.469	44.7419
HG02965	HSat3	90.308	0.0	80.3751
HG02965	bSat	16.014	0.0	11.2805
HG02965	aSatHOR	140.894	4.952	144.2751
HG02965	ACRO	3.785	0.0	2.8875
HG02965	SST1	2.861	0.0	0.664
HG02965	CER	1.848	0.0	0.7731
HG02965	SATR	2.889	0.0	0.2171
HG02976	HSat1A	18.82	0.0	16.9799
HG02976	HSat1B	1.307	0.0	1.0631
HG02976	HSat2	39.127	12.021	57.6749
HG02976	HSat3	43.292	0.134	65.8941
HG02976	bSat	14.182	0.0	10.7258
HG02976	aSatHOR	140.42	0.0	143.6366
HG02976	ACRO	4.628	0.0	3.603
HG02976	SST1	2.137	0.0	0.582
HG02976	CER	1.948	0.0	0.826
HG02976	SATR	2.874	0.0	0.2283
HG02984	HSat1A	21.561	0.0	19.875
HG02984	HSat1B	11.414	0.0	10.6106
HG02984	HSat2	39.365	5.595	56.2486
HG02984	HSat3	90.81	0.0	86.4164
HG02984	bSat	15.748	0.0	11.2952
HG02984	aSatHOR	133.201	0.868	140.0857
HG02984	ACRO	3.191	0.0	2.5052
HG02984	SST1	2.316	0.0	0.4762
HG02984	CER	1.846	0.0	0.8191
HG02984	SATR	2.873	0.0	0.2649
HG03017	HSat1A	23.45	0.0	23.0608
HG03017	HSat1B	13.359	0.0	12.2234
HG03017	HSat2	32.836	8.784	49.9571
HG03017	HSat3	78.453	0.117	74.7008
HG03017	bSat	13.468	0.0	11.2462
HG03017	aSatHOR	142.128	2.527	149.1164
HG03017	ACRO	3.216	0.0	2.7301
HG03017	SST1	2.981	0.0	0.7346
HG03017	CER	2.07	0.0	0.8993
HG03017	SATR	2.857	0.0	0.2624
HG03041	HSat1A	19.854	0.0	19.5998
HG03041	HSat1B	1.479	0.0	1.1949
HG03041	HSat2	53.456	0.296	56.337
HG03041	HSat3	72.01	0.0	66.1132
HG03041	bSat	16.345	0.0	12.1686
HG03041	aSatHOR	137.343	1.752	141.9115
HG03041	ACRO	3.7	0.0	2.9001
HG03041	SST1	2.356	0.0	0.5603
HG03041	CER	2.114	0.0	0.9163
HG03041	SATR	2.933	0.0	0.2482
HG03050	HSat1A	23.814	0.5	22.083
HG03050	HSat1B	12.854	0.0	11.7906
HG03050	HSat2	38.698	15.16	55.0999
HG03050	HSat3	90.816	0.0	83.7083
HG03050	bSat	15.177	0.0	10.979
HG03050	aSatHOR	139.634	2.391	146.2369
HG03050	ACRO	4.055	0.0	3.2217
HG03050	SST1	2.485	0.0	0.5488
HG03050	CER	1.872	0.0	0.805
HG03050	SATR	2.852	0.0	0.2376
HG03130	HSat1A	21.019	0.0	23.9798
HG03130	HSat1B	12.212	0.019	11.5387
HG03130	HSat2	22.036	27.906	52.7195
HG03130	HSat3	87.162	0.468	89.4248
HG03130	bSat	17.3	0.0	12.3929
HG03130	aSatHOR	148.719	0.114	154.5748
HG03130	ACRO	3.538	0.0	2.9494
HG03130	SST1	2.846	0.0	0.5833
HG03130	CER	2.056	0.0	0.8911
HG03130	SATR	2.939	0.0	0.2867
HG03139	HSat1A	22.534	0.0	20.2815
HG03139	HSat1B	13.321	0.0	11.0261
HG03139	HSat2	45.169	0.509	44.9348
HG03139	HSat3	85.249	0.0	81.7131
HG03139	bSat	16.25	0.0	11.5938
HG03139	aSatHOR	140.444	0.356	146.4387
HG03139	ACRO	4.599	0.0	3.6386
HG03139	SST1	2.789	0.0	0.6379
HG03139	CER	1.874	0.0	0.8141
HG03139	SATR	2.899	0.0	0.236
HG03195	HSat1A	22.694	0.0	20.9615
HG03195	HSat1B	1.447	0.0	1.1612
HG03195	HSat2	38.466	12.631	50.7756
HG03195	HSat3	45.795	22.894	64.5493
HG03195	bSat	14.585	0.0	11.1158
HG03195	aSatHOR	147.869	3.12	152.2535
HG03195	ACRO	4.484	0.0	3.5884
HG03195	SST1	2.303	0.0	0.766
HG03195	CER	1.916	0.0	0.8308
HG03195	SATR	2.895	0.0	0.2397
HG03209	HSat1A	20.237	0.0	18.5296
HG03209	HSat1B	11.79	0.0	10.8931
HG03209	HSat2	32.09	10.891	49.9783
HG03209	HSat3	89.55	0.0	79.8351
HG03209	bSat	17.271	0.0	13.107
HG03209	aSatHOR	145.052	4.115	152.499
HG03209	ACRO	4.498	0.0	3.594
HG03209	SST1	2.804	0.0	0.6445
HG03209	CER	2.034	0.0	0.894
HG03209	SATR	2.862	0.0	0.2273
HG03225	HSat1A	27.133	0.0	26.8361
HG03225	HSat1B	14.532	0.0	13.5404
HG03225	HSat2	25.441	22.294	47.1649
HG03225	HSat3	63.127	20.042	81.2772
HG03225	bSat	16.155	0.0	11.8059
HG03225	aSatHOR	138.589	2.208	144.8524
HG03225	ACRO	4.016	0.0	3.2091
HG03225	SST1	2.731	0.0	0.6438
HG03225	CER	1.847	0.0	0.8024
HG03225	SATR	2.865	0.0	0.2358
HG03239	HSat1A	20.033	0.197	19.5956
HG03239	HSat1B	2.128	0.0	1.8243
HG03239	HSat2	35.765	0.713	34.7233
HG03239	HSat3	61.502	0.0	58.3165
HG03239	bSat	13.963	0.0	10.9597
HG03239	aSatHOR	142.97	0.639	150.0178
HG03239	ACRO	3.365	0.0	2.7012
HG03239	SST1	1.938	0.0	0.5482
HG03239	CER	1.928	0.0	0.8305
HG03239	SATR	2.812	0.0	0.2337
HG03270	HSat1A	20.133	0.0	24.8748
HG03270	HSat1B	1.667	0.0	1.3667
HG03270	HSat2	36.116	0.0	43.1404
HG03270	HSat3	49.073	14.2	56.3254
HG03270	bSat	13.881	0.0	10.5395
HG03270	aSatHOR	145.73	0.552	153.6238
HG03270	ACRO	3.942	0.0	3.1823
HG03270	SST1	2.046	0.0	0.5627
HG03270	CER	1.945	0.0	0.8373
HG03270	SATR	2.859	0.0	0.2322
HG03369	HSat1A	21.153	0.0	18.2975
HG03369	HSat1B	2.375	0.0	1.9818
HG03369	HSat2	42.086	0.029	43.4211
HG03369	HSat3	45.633	15.08	51.6746
HG03369	bSat	13.795	0.029	10.1813
HG03369	aSatHOR	144.921	0.0	147.3401
HG03369	ACRO	4.167	0.0	3.2658
HG03369	SST1	2.228	0.0	0.7851
HG03369	CER	1.828	0.0	0.7872
HG03369	SATR	2.923	0.0	0.2403
HG03453	HSat1A	16.215	0.0	35.1305
HG03453	HSat1B	1.526	0.0	1.2165
HG03453	HSat2	44.375	15.395	62.5219
HG03453	HSat3	63.141	0.0	65.3397
HG03453	bSat	13.324	0.0	9.9161
HG03453	aSatHOR	146.02	7.883	151.0068
HG03453	ACRO	4.029	0.0	3.2494
HG03453	SST1	2.598	0.018	0.7656
HG03453	CER	2.051	0.0	0.9015
HG03453	SATR	2.862	0.0	0.2271
HG03470	HSat1A	24.087	0.0	21.4446
HG03470	HSat1B	2.135	0.0	1.8016
HG03470	HSat2	22.048	18.925	38.5427
HG03470	HSat3	68.041	0.0	57.6915
HG03470	bSat	15.365	0.0	11.6425
HG03470	aSatHOR	140.702	0.882	143.1761
HG03470	ACRO	4.375	0.0	3.3436
HG03470	SST1	2.365	0.0	0.8572
HG03470	CER	1.93	0.0	0.806
HG03470	SATR	2.875	0.0	0.2359
HG03516	HSat1A	17.873	0.0	16.4924
HG03516	HSat1B	1.85	0.0	1.5129
HG03516	HSat2	49.767	0.161	47.3648
HG03516	HSat3	70.415	0.0	63.863
HG03516	bSat	16.103	0.0	12.2507
HG03516	aSatHOR	139.588	0.755	141.1195
HG03516	ACRO	4.22	0.0	3.2771
HG03516	SST1	2.532	0.0	0.5137
HG03516	CER	1.959	0.0	0.8402
HG03516	SATR	2.881	0.0	0.2438
HG03521	HSat1A	29.962	0.0	28.0327
HG03521	HSat1B	11.787	0.0	11.1679
HG03521	HSat2	49.334	13.753	54.8141
HG03521	HSat3	61.456	0.0	77.2555
HG03521	bSat	15.221	0.0	10.9089
HG03521	aSatHOR	154.054	2.906	150.9007
HG03521	ACRO	3.707	0.0	2.9099
HG03521	SST1	3.135	0.0	0.442
HG03521	CER	1.746	0.0	0.7457
HG03521	SATR	2.873	0.0	0.2366
HG03540	HSat1A	18.768	2.614	26.8325
HG03540	HSat1B	1.586	0.0	1.3071
HG03540	HSat2	39.723	3.957	60.8425
HG03540	HSat3	70.65	0.0	82.6736
HG03540	bSat	17.337	0.0	13.8462
HG03540	aSatHOR	138.692	0.256	145.4264
HG03540	ACRO	3.666	0.0	2.9858
HG03540	SST1	1.981	0.0	0.5487
HG03540	CER	2.057	0.0	0.9184
HG03540	SATR	2.88	0.0	0.2498
HG03579	HSat1A	25.411	0.0	22.3188
HG03579	HSat1B	13.621	0.0	12.9248
HG03579	HSat2	37.038	7.273	66.7378
HG03579	HSat3	80.631	0.0	77.4847
HG03579	bSat	15.307	0.0	11.2308
HG03579	aSatHOR	135.244	2.016	137.7554
HG03579	ACRO	3.497	0.0	2.8847
HG03579	SST1	3.1	0.0	0.7276
HG03579	CER	1.893	0.0	0.8477
HG03579	SATR	2.877	0.0	0.2529
HG03583	HSat1A	20.34	0.0	19.6083
HG03583	HSat1B	1.367	0.0	1.1448
HG03583	HSat2	31.188	1.378	51.5966
HG03583	HSat3	33.593	4.281	55.6871
HG03583	bSat	13.192	0.0	10.3757
HG03583	aSatHOR	142.448	0.385	149.8923
HG03583	ACRO	3.564	0.0	2.8052
HG03583	SST1	2.162	0.944	0.7474
HG03583	CER	1.837	0.0	0.8077
HG03583	SATR	2.865	0.0	0.2448
HG03654	HSat1A	18.114	0.029	18.9011
HG03654	HSat1B	11.483	0.0	10.2039
HG03654	HSat2	21.495	6.208	42.4578
HG03654	HSat3	75.446	0.207	68.3022
HG03654	bSat	16.071	0.0	12.3254
HG03654	aSatHOR	138.615	1.009	145.1949
HG03654	ACRO	3.856	0.0	3.0622
HG03654	SST1	2.802	0.0	0.6524
HG03654	CER	1.909	0.0	0.8134
HG03654	SATR	2.839	0.0	0.2414
HG03669	HSat1A	14.36	0.0	13.0936
HG03669	HSat1B	2.403	0.0	2.0537
HG03669	HSat2	40.413	2.916	55.9241
HG03669	HSat3	50.31	10.449	58.1948
HG03669	bSat	13.589	0.0	10.2885
HG03669	aSatHOR	150.223	2.114	158.4927
HG03669	ACRO	3.584	0.0	2.868
HG03669	SST1	1.827	0.0	0.6067
HG03669	CER	2.182	0.0	0.9425
HG03669	SATR	2.849	0.0	0.2382
HG03688	HSat1A	19.583	0.0	19.6651
HG03688	HSat1B	14.344	0.0	13.7122
HG03688	HSat2	39.109	5.38	44.3156
HG03688	HSat3	73.076	16.505	87.5074
HG03688	bSat	13.412	0.0	9.7003
HG03688	aSatHOR	147.324	3.046	154.5823
HG03688	ACRO	4.103	0.0	3.374
HG03688	SST1	2.651	0.0	0.6882
HG03688	CER	1.945	0.0	0.8515
HG03688	SATR	2.849	0.0	0.241
HG03704	HSat1A	22.345	0.0	20.8088
HG03704	HSat1B	1.986	0.0	1.581
HG03704	HSat2	38.581	2.142	46.0402
HG03704	HSat3	68.131	0.0	62.4203
HG03704	bSat	16.647	0.0	13.8375
HG03704	aSatHOR	151.963	4.81	158.9327
HG03704	ACRO	2.538	0.0	1.9788
HG03704	SST1	1.816	0.0	0.5493
HG03704	CER	1.858	0.0	0.8114
HG03704	SATR	2.844	0.0	0.2528
HG03710	HSat1A	18.489	0.0	18.7024
HG03710	HSat1B	6.359	0.0	5.7405
HG03710	HSat2	36.905	0.521	39.783
HG03710	HSat3	77.484	0.0	75.363
HG03710	bSat	13.894	0.0	10.4981
HG03710	aSatHOR	143.539	0.522	147.6641
HG03710	ACRO	3.716	0.0	3.2906
HG03710	SST1	2.701	0.0	0.714
HG03710	CER	1.799	0.0	0.8177
HG03710	SATR	2.86	0.0	0.2678
HG03742	HSat1A	25.65	0.189	24.2433
HG03742	HSat1B	17.404	0.0	15.9342
HG03742	HSat2	41.482	0.662	46.0664
HG03742	HSat3	86.571	0.0	82.1704
HG03742	bSat	15.863	0.0	11.6339
HG03742	aSatHOR	157.784	3.162	161.1532
HG03742	ACRO	3.277	0.0	2.7454
HG03742	SST1	2.593	0.0	0.6534
HG03742	CER	2.035	0.0	0.8856
HG03742	SATR	2.895	0.0	0.2592
HG03784	HSat1A	20.879	0.0	19.887
HG03784	HSat1B	1.947	0.0	1.6141
HG03784	HSat2	40.896	13.547	55.3256
HG03784	HSat3	50.668	16.481	65.3037
HG03784	bSat	12.996	0.0	9.581
HG03784	aSatHOR	153.114	0.216	158.0052
HG03784	ACRO	3.922	0.0	3.145
HG03784	SST1	2.167	0.0	0.8058
HG03784	CER	1.88	0.0	0.8334
HG03784	SATR	2.875	0.0	0.2452
HG03804	HSat1A	23.883	0.424	22.3576
HG03804	HSat1B	2.098	0.0	1.7565
HG03804	HSat2	32.105	0.009	52.0392
HG03804	HSat3	61.301	0.0	56.9729
HG03804	bSat	13.43	0.0	10.3316
HG03804	aSatHOR	153.418	0.972	159.2259
HG03804	ACRO	3.671	0.0	2.9509
HG03804	SST1	2.287	0.0	0.5295
HG03804	CER	2.003	0.0	0.8729
HG03804	SATR	2.845	0.0	0.2269
HG03816	HSat1A	25.149	0.0	22.6472
HG03816	HSat1B	1.967	0.0	1.6983
HG03816	HSat2	28.972	0.674	48.0355
HG03816	HSat3	66.991	0.0	61.3533
HG03816	bSat	13.1	0.0	9.9556
HG03816	aSatHOR	146.75	1.568	152.0601
HG03816	ACRO	3.975	0.0	3.2601
HG03816	SST1	1.86	0.0	0.5133
HG03816	CER	1.943	0.0	0.8248
HG03816	SATR	2.813	0.0	0.238
HG03831	HSat1A	16.968	0.0	15.2373
HG03831	HSat1B	1.771	0.0	1.3882
HG03831	HSat2	28.376	10.639	44.4972
HG03831	HSat3	63.743	0.0	62.6345
HG03831	bSat	15.523	0.0	11.8967
HG03831	aSatHOR	151.424	0.291	157.9007
HG03831	ACRO	4.03	0.0	3.1491
HG03831	SST1	1.745	0.0	0.4361
HG03831	CER	1.837	0.0	0.7821
HG03831	SATR	2.908	0.0	0.2662
HG03834	HSat1A	18.503	0.0	17.2484
HG03834	HSat1B	1.83	0.0	1.5406
HG03834	HSat2	33.889	3.894	32.1689
HG03834	HSat3	51.863	19.325	65.2632
HG03834	bSat	15.029	0.0	12.1211
HG03834	aSatHOR	153.552	4.086	159.8555
HG03834	ACRO	3.726	0.0	3.0455
HG03834	SST1	1.935	0.0	0.6832
HG03834	CER	1.729	0.0	0.7587
HG03834	SATR	2.843	0.0	0.2494
HG03874	HSat1A	17.294	0.0	16.7336
HG03874	HSat1B	1.563	0.0	1.3074
HG03874	HSat2	43.91	10.022	57.0152
HG03874	HSat3	42.324	0.0	56.5032
HG03874	bSat	12.201	0.0	9.1845
HG03874	aSatHOR	161.999	0.543	167.4354
HG03874	ACRO	3.216	0.0	2.5514
HG03874	SST1	1.82	0.0	0.5897
HG03874	CER	1.741	0.0	0.7453
HG03874	SATR	2.863	0.0	0.2289
HG03927	HSat1A	32.276	0.0	28.7887
HG03927	HSat1B	1.854	0.0	1.472
HG03927	HSat2	26.781	7.023	42.574
HG03927	HSat3	69.925	0.0	61.4661
HG03927	bSat	14.533	0.0	11.2583
HG03927	aSatHOR	152.715	1.587	156.8755
HG03927	ACRO	4.118	0.0	3.2601
HG03927	SST1	2.197	0.0	0.6606
HG03927	CER	1.987	0.0	0.836
HG03927	SATR	2.853	0.0	0.2556
HG03942	HSat1A	18.709	1.992	19.3904
HG03942	HSat1B	9.944	0.0	10.6884
HG03942	HSat2	32.023	7.086	51.5618
HG03942	HSat3	70.046	0.0	79.6679
HG03942	bSat	13.83	0.013	9.7973
HG03942	aSatHOR	147.526	0.559	156.0997
HG03942	ACRO	3.306	0.0	2.6741
HG03942	SST1	2.431	0.0	0.6203
HG03942	CER	1.973	0.0	0.8607
HG03942	SATR	2.846	0.0	0.2468
HG04115	HSat1A	22.753	0.0	20.7712
HG04115	HSat1B	12.382	0.0	11.2229
HG04115	HSat2	41.392	0.06	55.0894
HG04115	HSat3	75.871	0.464	71.5125
HG04115	bSat	17.299	0.0	12.8157
HG04115	aSatHOR	158.812	2.066	162.3313
HG04115	ACRO	2.901	0.0	2.2468
HG04115	SST1	3.389	0.0	0.9827
HG04115	CER	2.184	0.0	0.9418
HG04115	SATR	2.877	0.0	0.2548
HG04157	HSat1A	17.198	0.0	15.6582
HG04157	HSat1B	10.857	0.0	10.0216
HG04157	HSat2	31.269	9.648	43.0836
HG04157	HSat3	73.766	0.0	72.3344
HG04157	bSat	16.002	0.0	12.288
HG04157	aSatHOR	150.837	2.526	158.4416
HG04157	ACRO	5.439	0.0	4.3678
HG04157	SST1	2.349	0.0	0.5445
HG04157	CER	1.928	0.0	0.8387
HG04157	SATR	2.877	0.0	0.2688
HG04160	HSat1A	16.726	0.0	14.9454
HG04160	HSat1B	13.732	0.0	12.5046
HG04160	HSat2	37.932	4.951	45.9905
HG04160	HSat3	87.375	0.0	83.4633
HG04160	bSat	15.3	0.0	10.9143
HG04160	aSatHOR	151.078	0.48	157.1371
HG04160	ACRO	3.713	0.0	2.9733
HG04160	SST1	2.693	0.0	0.6001
HG04160	CER	2.018	0.0	0.8815
HG04160	SATR	2.854	0.0	0.2562
HG04184	HSat1A	28.014	0.0	25.0217
HG04184	HSat1B	1.552	0.0	1.2251
HG04184	HSat2	30.619	6.414	35.7102
HG04184	HSat3	67.065	0.0	60.4798
HG04184	bSat	13.735	0.0	10.5516
HG04184	aSatHOR	157.657	0.849	161.4939
HG04184	ACRO	4.57	0.0	3.5461
HG04184	SST1	1.899	0.0	0.5304
HG04184	CER	1.894	0.0	0.8268
HG04184	SATR	2.835	0.0	0.2515
HG04187	HSat1A	22.709	0.0	20.4423
HG04187	HSat1B	9.054	0.0	8.0596
HG04187	HSat2	31.359	0.0	34.0503
HG04187	HSat3	60.686	0.0	53.7875
HG04187	bSat	14.744	0.0	10.4155
HG04187	aSatHOR	144.999	1.851	147.2383
HG04187	ACRO	2.955	0.0	2.2903
HG04187	SST1	2.774	0.0	0.6369
HG04187	CER	1.87	0.0	0.7993
HG04187	SATR	2.852	0.0	0.2386
HG04199	HSat1A	19.489	0.0	18.3459
HG04199	HSat1B	11.898	0.0	10.8174
HG04199	HSat2	37.189	0.011	36.0089
HG04199	HSat3	83.038	0.0	76.4236
HG04199	bSat	13.268	0.0	8.9862
HG04199	aSatHOR	146.917	0.011	149.9342
HG04199	ACRO	3.68	0.0	2.8771
HG04199	SST1	2.837	0.0	0.7
HG04199	CER	1.99	0.0	0.873
HG04199	SATR	2.871	0.0	0.2591
HG04204	HSat1A	16.63	0.0	19.1755
HG04204	HSat1B	13.309	0.0	12.4103
HG04204	HSat2	36.535	7.379	54.2591
HG04204	HSat3	76.425	0.0	71.2091
HG04204	bSat	16.358	0.0	12.1758
HG04204	aSatHOR	141.806	0.433	148.417
HG04204	ACRO	4.184	0.0	3.2923
HG04204	SST1	2.602	0.0	0.7892
HG04204	CER	1.931	0.0	0.8298
HG04204	SATR	2.873	0.0	0.2549
HG04228	HSat1A	21.048	0.0	21.6726
HG04228	HSat1B	10.39	0.0	9.492
HG04228	HSat2	42.403	0.0	41.7667
HG04228	HSat3	74.088	0.0	70.6405
HG04228	bSat	13.184	0.0	9.4249
HG04228	aSatHOR	150.696	1.005	156.8183
HG04228	ACRO	3.815	0.0	3.1152
HG04228	SST1	2.467	0.0	0.4558
HG04228	CER	2.0	0.0	0.8835
HG04228	SATR	2.862	0.0	0.2467
NA18505	HSat1A	24.493	0.299	24.0812
NA18505	HSat1B	1.796	0.0	1.3863
NA18505	HSat2	25.679	9.454	45.9126
NA18505	HSat3	47.524	14.64	50.7939
NA18505	bSat	16.633	0.0	13.1659
NA18505	aSatHOR	147.718	1.22	154.1134
NA18505	ACRO	4.172	0.0	3.2302
NA18505	SST1	2.161	0.0	0.623
NA18505	CER	1.941	0.0	0.8737
NA18505	SATR	2.943	0.0	0.2366
NA18508	HSat1A	23.548	0.0	21.164
NA18508	HSat1B	1.508	0.0	1.1757
NA18508	HSat2	45.68	9.985	53.0705
NA18508	HSat3	45.375	13.431	54.263
NA18508	bSat	14.033	0.0	10.4038
NA18508	aSatHOR	143.337	2.105	147.3235
NA18508	ACRO	4.087	0.0	3.186
NA18508	SST1	1.62	0.0	0.3985
NA18508	CER	1.852	0.0	0.795
NA18508	SATR	2.904	0.0	0.2507
NA18522	HSat1A	21.564	0.0	19.9316
NA18522	HSat1B	11.662	0.0	10.8885
NA18522	HSat2	41.793	6.643	46.4394
NA18522	HSat3	82.605	6.835	86.601
NA18522	bSat	16.973	0.0	12.6479
NA18522	aSatHOR	137.107	5.327	147.4137
NA18522	ACRO	3.845	0.0	3.1198
NA18522	SST1	2.84	0.0	0.783
NA18522	CER	2.033	0.0	0.8819
NA18522	SATR	2.935	0.0	0.2547
NA18565	HSat1A	19.335	0.0	16.9894
NA18565	HSat1B	1.931	0.0	1.6103
NA18565	HSat2	32.616	5.205	47.4322
NA18565	HSat3	40.798	1.102	42.2571
NA18565	bSat	15.47	0.082	11.2929
NA18565	aSatHOR	155.738	1.179	156.6535
NA18565	ACRO	3.875	0.0	3.0499
NA18565	SST1	2.192	0.0	0.6025
NA18565	CER	1.881	0.0	0.7845
NA18565	SATR	2.865	0.0	0.2339
NA18570	HSat1A	14.944	0.0	12.1767
NA18570	HSat1B	1.459	0.0	1.1617
NA18570	HSat2	25.387	3.975	55.0986
NA18570	HSat3	51.465	0.0	51.3201
NA18570	bSat	10.715	0.0	7.4289
NA18570	aSatHOR	156.693	1.404	145.785
NA18570	ACRO	3.874	0.0	3.0924
NA18570	SST1	2.097	0.0	0.5093
NA18570	CER	1.689	0.0	0.7091
NA18570	SATR	2.845	0.0	0.2346
NA18608	HSat1A	14.842	0.0	13.781
NA18608	HSat1B	11.597	0.0	10.4013
NA18608	HSat2	51.942	0.105	49.0341
NA18608	HSat3	66.34	0.0	66.6874
NA18608	bSat	13.874	0.004	9.1823
NA18608	aSatHOR	144.7	0.551	149.9213
NA18608	ACRO	3.361	0.0	2.6167
NA18608	SST1	2.249	0.0	0.4832
NA18608	CER	1.817	0.0	0.7838
NA18608	SATR	2.836	0.0	0.2255
NA18620	HSat1A	15.31	0.0	14.5609
NA18620	HSat1B	15.709	0.0	15.1323
NA18620	HSat2	30.492	0.238	43.0923
NA18620	HSat3	55.429	0.973	75.892
NA18620	bSat	17.348	0.0	11.9882
NA18620	aSatHOR	155.506	0.359	161.4934
NA18620	ACRO	3.742	0.0	2.8243
NA18620	SST1	2.676	0.0	0.5371
NA18620	CER	1.913	0.336	0.8434
NA18620	SATR	2.863	0.0	0.2674
NA18747	HSat1A	22.635	0.011	24.1908
NA18747	HSat1B	13.148	0.0	12.4892
NA18747	HSat2	34.222	0.011	47.5657
NA18747	HSat3	74.41	0.0	77.6628
NA18747	bSat	14.766	0.0	11.1071
NA18747	aSatHOR	148.687	0.0	157.4833
NA18747	ACRO	3.23	0.0	2.7012
NA18747	SST1	2.824	0.0	0.5918
NA18747	CER	1.874	0.0	0.8418
NA18747	SATR	2.85	0.0	0.2642
NA18879	HSat1A	21.526	0.0	19.7068
NA18879	HSat1B	9.524	0.0	8.4636
NA18879	HSat2	48.057	2.487	47.5781
NA18879	HSat3	67.533	3.114	76.7881
NA18879	bSat	16.632	0.0	11.7524
NA18879	aSatHOR	145.111	4.169	142.7637
NA18879	ACRO	3.408	0.0	2.7489
NA18879	SST1	2.757	0.0	0.6413
NA18879	CER	2.071	0.0	0.8853
NA18879	SATR	2.892	0.0	0.256
NA18952	HSat1A	17.668	0.0	13.7391
NA18952	HSat1B	12.473	0.0	11.4597
NA18952	HSat2	44.959	0.0	52.6578
NA18952	HSat3	52.17	0.61	65.1229
NA18952	bSat	13.558	1.068	9.8131
NA18952	aSatHOR	145.392	3.864	141.4096
NA18952	ACRO	3.684	0.0	3.058
NA18952	SST1	2.793	0.0	0.596
NA18952	CER	1.791	0.0	0.7678
NA18952	SATR	2.843	0.0	0.2219
NA18971	HSat1A	22.133	0.0	20.7063
NA18971	HSat1B	16.634	0.0	15.6469
NA18971	HSat2	27.968	9.062	43.976
NA18971	HSat3	73.117	4.24	63.658
NA18971	bSat	13.361	0.0	9.167
NA18971	aSatHOR	148.217	1.809	152.1061
NA18971	ACRO	4.368	0.0	3.4608
NA18971	SST1	2.822	0.0	0.5943
NA18971	CER	1.862	0.0	0.7803
NA18971	SATR	2.829	0.0	0.2392
NA18974	HSat1A	19.038	0.0	15.7261
NA18974	HSat1B	17.499	0.0	15.3579
NA18974	HSat2	38.109	27.238	83.9833
NA18974	HSat3	66.887	0.0	74.9933
NA18974	bSat	13.577	0.0	9.629
NA18974	aSatHOR	152.1	0.0	153.4742
NA18974	ACRO	3.413	0.0	2.7339
NA18974	SST1	2.83	0.0	0.5591
NA18974	CER	1.737	0.828	0.7509
NA18974	SATR	2.832	0.0	0.2356
NA18976	HSat1A	23.738	0.0	22.4864
NA18976	HSat1B	1.251	0.0	1.0347
NA18976	HSat2	27.756	14.372	42.3605
NA18976	HSat3	44.203	0.0	49.3946
NA18976	bSat	12.237	0.0	9.1295
NA18976	aSatHOR	155.879	0.647	165.5638
NA18976	ACRO	3.725	0.0	2.9285
NA18976	SST1	2.002	0.0	0.5411
NA18976	CER	1.86	0.0	0.8048
NA18976	SATR	2.869	0.0	0.2383
NA18983	HSat1A	17.982	0.0	16.2263
NA18983	HSat1B	15.794	0.0	15.106
NA18983	HSat2	28.733	6.861	44.6122
NA18983	HSat3	80.53	0.0	72.7049
NA18983	bSat	13.823	0.0	9.9453
NA18983	aSatHOR	152.004	2.702	162.4552
NA18983	ACRO	3.682	0.0	2.9466
NA18983	SST1	2.64	0.0	0.5814
NA18983	CER	1.668	0.0	0.7229
NA18983	SATR	2.846	0.0	0.2482
NA19036	HSat1A	25.97	0.047	25.5225
NA19036	HSat1B	2.591	0.0	2.2053
NA19036	HSat2	23.532	23.498	46.1179
NA19036	HSat3	52.435	0.0	62.449
NA19036	bSat	15.231	0.0	11.3479
NA19036	aSatHOR	138.887	0.0	142.4025
NA19036	ACRO	4.032	0.0	3.1203
NA19036	SST1	1.833	0.0	0.6141
NA19036	CER	1.995	0.0	0.8524
NA19036	SATR	2.906	0.0	0.2525
NA19043	HSat1A	22.324	0.0	20.6155
NA19043	HSat1B	18.658	0.0	17.721
NA19043	HSat2	20.633	0.205	36.1974
NA19043	HSat3	74.334	0.0	66.6162
NA19043	bSat	15.865	0.0	11.5004
NA19043	aSatHOR	139.604	3.8	145.0365
NA19043	ACRO	4.69	0.0	3.7354
NA19043	SST1	2.632	0.0	0.5445
NA19043	CER	1.864	0.0	0.8089
NA19043	SATR	2.886	0.0	0.2676
NA19087	HSat1A	18.337	0.0	16.2093
NA19087	HSat1B	1.713	0.0	1.4369
NA19087	HSat2	46.563	0.083	52.1277
NA19087	HSat3	59.653	0.0	55.8377
NA19087	bSat	12.801	0.0	9.3636
NA19087	aSatHOR	168.265	2.195	166.9909
NA19087	ACRO	3.12	0.0	2.5054
NA19087	SST1	2.045	0.0	0.6677
NA19087	CER	1.796	0.0	0.783
NA19087	SATR	2.834	0.0	0.247
NA19159	HSat1A	21.643	0.0	19.837
NA19159	HSat1B	1.287	0.0	1.0596
NA19159	HSat2	48.39	2.345	54.2632
NA19159	HSat3	54.836	0.0	48.1496
NA19159	bSat	14.629	0.0	11.1183
NA19159	aSatHOR	139.687	1.561	142.3568
NA19159	ACRO	3.762	0.0	2.9461
NA19159	SST1	2.75	0.0	0.768
NA19159	CER	2.016	0.0	0.8573
NA19159	SATR	2.856	0.0	0.2401
NA19185	HSat1A	29.215	1.773	25.0918
NA19185	HSat1B	1.261	0.0	0.9375
NA19185	HSat2	45.452	8.948	48.9754
NA19185	HSat3	64.024	0.0	55.7611
NA19185	bSat	15.055	0.017	10.7207
NA19185	aSatHOR	139.706	1.496	133.5309
NA19185	ACRO	3.306	0.0	2.5499
NA19185	SST1	2.322	0.0	0.6625
NA19185	CER	1.921	0.0	0.8273
NA19185	SATR	2.886	0.0	0.2372
NA19338	HSat1A	22.862	0.0	23.3731
NA19338	HSat1B	1.594	0.0	1.3418
NA19338	HSat2	26.059	20.08	58.2686
NA19338	HSat3	67.758	0.0	68.4178
NA19338	bSat	17.303	0.0	14.2129
NA19338	aSatHOR	144.487	0.315	152.2998
NA19338	ACRO	2.869	0.0	2.3688
NA19338	SST1	1.852	0.0	0.4684
NA19338	CER	1.798	0.0	0.8139
NA19338	SATR	2.898	0.0	0.2455
NA19391	HSat1A	29.674	0.0	28.8576
NA19391	HSat1B	2.05	0.0	1.7015
NA19391	HSat2	35.309	6.241	62.0575
NA19391	HSat3	65.574	0.0	60.3063
NA19391	bSat	14.065	0.0	10.5181
NA19391	aSatHOR	137.9	0.469	142.8808
NA19391	ACRO	3.974	0.0	3.1527
NA19391	SST1	2.175	0.0	0.5285
NA19391	CER	1.925	0.0	0.8458
NA19391	SATR	2.857	0.0	0.2533
NA19443	HSat1A	22.59	0.0	21.3767
NA19443	HSat1B	13.197	0.0	11.2554
NA19443	HSat2	50.806	0.884	52.5117
NA19443	HSat3	58.116	17.118	89.626
NA19443	bSat	15.894	0.0	11.4725
NA19443	aSatHOR	124.954	1.616	132.2419
NA19443	ACRO	3.43	0.0	2.6718
NA19443	SST1	2.7	0.0	0.7145
NA19443	CER	2.088	0.0	0.9475
NA19443	SATR	2.906	0.0	0.259
NA19468	HSat1A	24.955	0.0	23.8409
NA19468	HSat1B	1.034	0.0	0.8554
NA19468	HSat2	22.975	11.378	50.3017
NA19468	HSat3	58.671	0.0	55.9021
NA19468	bSat	15.782	0.038	11.8264
NA19468	aSatHOR	140.89	1.56	149.7275
NA19468	ACRO	2.831	1.162	2.2669
NA19468	SST1	2.432	0.0	0.7936
NA19468	CER	1.969	0.0	0.8825
NA19468	SATR	2.874	0.0	0.2502
NA19682	HSat1A	20.536	0.0	18.9518
NA19682	HSat1B	10.842	0.0	9.8171
NA19682	HSat2	39.582	0.0	51.1654
NA19682	HSat3	63.42	0.132	71.7219
NA19682	bSat	15.582	0.0	11.0582
NA19682	aSatHOR	148.878	3.529	154.8608
NA19682	ACRO	3.712	0.0	2.9139
NA19682	SST1	3.151	0.0	0.63
NA19682	CER	1.77	0.0	0.7764
NA19682	SATR	2.847	0.0	0.2582
NA19700	HSat1A	22.787	0.0	21.2008
NA19700	HSat1B	11.653	0.0	11.0932
NA19700	HSat2	30.216	12.457	47.1142
NA19700	HSat3	81.342	0.0	76.3198
NA19700	bSat	17.874	0.024	13.6982
NA19700	aSatHOR	135.684	3.108	143.918
NA19700	ACRO	4.927	0.0	4.0918
NA19700	SST1	2.71	0.0	0.6987
NA19700	CER	2.087	0.0	0.9107
NA19700	SATR	2.908	0.0	0.2622
NA19776	HSat1A	23.981	0.0	22.472
NA19776	HSat1B	1.728	0.0	1.4926
NA19776	HSat2	37.576	17.187	64.3251
NA19776	HSat3	65.81	0.0	70.3429
NA19776	bSat	14.218	0.0	11.0504
NA19776	aSatHOR	142.633	0.791	150.6881
NA19776	ACRO	3.249	0.0	2.5979
NA19776	SST1	2.293	0.0	0.5852
NA19776	CER	1.891	0.0	0.851
NA19776	SATR	2.816	0.0	0.2181
NA19835	HSat1A	25.893	0.0	24.2248
NA19835	HSat1B	1.472	0.0	1.2074
NA19835	HSat2	19.64	19.467	42.481
NA19835	HSat3	57.683	0.0	62.2816
NA19835	bSat	15.397	0.0	12.2243
NA19835	aSatHOR	138.169	0.809	151.7888
NA19835	ACRO	4.285	0.0	3.5003
NA19835	SST1	2.152	0.0	0.6774
NA19835	CER	1.844	0.0	0.8286
NA19835	SATR	2.858	0.0	0.2241
NA19909	HSat1A	33.198	0.0	31.7499
NA19909	HSat1B	1.111	0.0	0.8725
NA19909	HSat2	37.645	11.892	49.2894
NA19909	HSat3	47.515	0.0	63.3053
NA19909	bSat	14.265	0.0	11.0486
NA19909	aSatHOR	142.52	2.438	152.6429
NA19909	ACRO	3.677	0.0	2.9944
NA19909	SST1	2.489	0.0	0.7105
NA19909	CER	1.949	0.0	0.862
NA19909	SATR	2.849	0.0	0.2219
NA20282	HSat1A	31.953	0.0	30.8749
NA20282	HSat1B	1.224	0.0	1.022
NA20282	HSat2	38.376	0.205	38.2365
NA20282	HSat3	49.594	0.183	59.4578
NA20282	bSat	14.413	0.0	10.8004
NA20282	aSatHOR	149.073	2.432	153.6349
NA20282	ACRO	3.209	0.0	2.4986
NA20282	SST1	2.184	0.0	0.6579
NA20282	CER	1.955	0.0	0.8093
NA20282	SATR	2.803	0.0	0.1988
NA20346	HSat1A	29.01	0.0	28.1671
NA20346	HSat1B	12.52	0.0	12.3624
NA20346	HSat2	36.845	0.248	44.8356
NA20346	HSat3	63.578	0.0	89.3793
NA20346	bSat	17.477	0.0	14.9646
NA20346	aSatHOR	139.837	0.0	145.9997
NA20346	ACRO	3.312	0.0	2.8968
NA20346	SST1	2.988	0.0	0.4922
NA20346	CER	1.814	0.0	0.7959
NA20346	SATR	2.908	0.0	0.2767
NA20503	HSat1A	17.21	0.05	15.7161
NA20503	HSat1B	1.922	0.0	1.6907
NA20503	HSat2	40.299	0.081	37.8311
NA20503	HSat3	63.408	0.0	55.104
NA20503	bSat	13.733	0.0	10.3567
NA20503	aSatHOR	145.234	0.102	148.9273
NA20503	ACRO	3.413	0.0	2.8488
NA20503	SST1	1.649	0.229	0.5533
NA20503	CER	1.739	0.1	0.8837
NA20503	SATR	2.817	0.0	0.2349
NA20752	HSat1A	23.324	0.0	21.875
NA20752	HSat1B	11.343	0.0	10.14
NA20752	HSat2	35.804	4.076	50.9519
NA20752	HSat3	72.403	0.0	65.6789
NA20752	bSat	15.386	0.0	10.995
NA20752	aSatHOR	137.501	0.823	143.5826
NA20752	ACRO	4.489	0.0	3.8513
NA20752	SST1	2.61	0.0	0.5598
NA20752	CER	2.167	0.0	0.9475
NA20752	SATR	2.865	0.0	0.2599
NA20762	HSat1A	17.37	0.003	18.4368
NA20762	HSat1B	13.754	0.0	12.9438
NA20762	HSat2	49.432	0.009	48.1937
NA20762	HSat3	81.854	0.0	75.4273
NA20762	bSat	11.475	0.103	9.5065
NA20762	aSatHOR	135.817	0.276	141.6897
NA20762	ACRO	2.559	0.0	2.7349
NA20762	SST1	2.463	0.06	0.5402
NA20762	CER	1.492	0.0	0.7337
NA20762	SATR	2.84	0.0	0.2354
NA20799	HSat1A	19.686	0.0	20.7092
NA20799	HSat1B	2.27	0.0	2.0418
NA20799	HSat2	62.64	0.0	63.4455
NA20799	HSat3	52.616	0.0	47.1631
NA20799	bSat	15.514	0.0	12.0823
NA20799	aSatHOR	135.539	0.353	140.6931
NA20799	ACRO	3.702	0.0	2.9287
NA20799	SST1	2.136	0.0	0.5054
NA20799	CER	1.856	0.0	0.8122
NA20799	SATR	2.832	0.0	0.2497
NA20805	HSat1A	14.373	0.752	14.2882
NA20805	HSat1B	11.264	0.0	10.1298
NA20805	HSat2	51.205	0.01	51.1604
NA20805	HSat3	71.084	0.069	66.2332
NA20805	bSat	13.989	0.0	9.714
NA20805	aSatHOR	144.478	0.089	152.2971
NA20805	ACRO	4.146	0.0	3.2754
NA20805	SST1	2.447	0.0	0.5704
NA20805	CER	2.091	0.0	0.9239
NA20805	SATR	2.84	0.0	0.2552
NA20806	HSat1A	17.906	0.005	17.2872
NA20806	HSat1B	11.562	0.0	9.9936
NA20806	HSat2	47.311	0.0	43.0825
NA20806	HSat3	77.81	0.0	63.6375
NA20806	bSat	20.565	0.118	15.477
NA20806	aSatHOR	139.422	0.1	142.0802
NA20806	ACRO	3.17	0.0	2.5794
NA20806	SST1	3.173	0.0	0.6932
NA20806	CER	1.894	0.0	0.8883
NA20806	SATR	2.839	0.0	0.2345
NA20809	HSat1A	18.841	0.0	17.4424
NA20809	HSat1B	10.086	0.0	9.0673
NA20809	HSat2	29.089	11.989	41.6131
NA20809	HSat3	63.009	0.0	79.8587
NA20809	bSat	16.574	0.0	12.1204
NA20809	aSatHOR	144.81	1.52	150.52
NA20809	ACRO	3.2	0.002	2.4977
NA20809	SST1	2.504	0.0	0.3618
NA20809	CER	1.821	0.0	0.7887
NA20809	SATR	2.864	0.0	0.2434
NA20827	HSat1A	21.342	0.023	30.057
NA20827	HSat1B	8.375	0.0	7.575
NA20827	HSat2	61.033	0.232	59.4754
NA20827	HSat3	73.185	1.675	66.5794
NA20827	bSat	13.215	0.021	9.1736
NA20827	aSatHOR	139.319	0.315	147.2642
NA20827	ACRO	3.156	0.0	2.4579
NA20827	SST1	2.587	0.0	0.4927
NA20827	CER	1.747	0.3	0.8849
NA20827	SATR	2.829	0.0	0.2427
NA20850	HSat1A	23.102	0.0	19.0104
NA20850	HSat1B	11.587	0.0	10.27
NA20850	HSat2	41.642	1.502	41.1583
NA20850	HSat3	67.989	0.162	66.6706
NA20850	bSat	17.117	0.0	12.408
NA20850	aSatHOR	146.29	3.459	139.7789
NA20850	ACRO	3.788	0.0	3.353
NA20850	SST1	2.375	0.123	0.4638
NA20850	CER	1.978	0.0	0.8581
NA20850	SATR	2.869	0.0	0.2638
NA20870	HSat1A	19.738	0.0	17.4701
NA20870	HSat1B	9.227	0.0	8.7093
NA20870	HSat2	36.565	0.0	50.6114
NA20870	HSat3	75.026	0.0	72.362
NA20870	bSat	13.843	0.0	10.0088
NA20870	aSatHOR	141.145	1.36	145.4518
NA20870	ACRO	4.109	0.0	3.3229
NA20870	SST1	2.724	0.0	0.6408
NA20870	CER	1.948	0.0	0.868
NA20870	SATR	2.847	0.0	0.2532
NA20905	HSat1A	18.788	0.0	17.2638
NA20905	HSat1B	10.445	0.0	9.8887
NA20905	HSat2	26.788	0.073	32.2608
NA20905	HSat3	69.068	0.0	65.4286
NA20905	bSat	15.886	0.0	12.0946
NA20905	aSatHOR	152.04	0.308	158.2446
NA20905	ACRO	3.246	0.0	2.5474
NA20905	SST1	2.707	0.0	0.5281
NA20905	CER	1.791	0.0	0.7797
NA20905	SATR	2.843	0.0	0.2386
NA21093	HSat1A	18.491	0.0	17.2734
NA21093	HSat1B	16.274	0.0	15.0043
NA21093	HSat2	19.89	22.847	41.1183
NA21093	HSat3	69.683	1.454	76.0479
NA21093	bSat	13.976	0.0	9.5137
NA21093	aSatHOR	161.988	1.305	167.9513
NA21093	ACRO	3.063	0.0	2.9166
NA21093	SST1	2.301	0.0	0.4086
NA21093	CER	1.803	0.0	0.7805
NA21093	SATR	2.87	0.0	0.2503
NA21102	HSat1A	19.709	0.0	17.989
NA21102	HSat1B	1.315	0.0	1.0061
NA21102	HSat2	44.551	7.891	50.8929
NA21102	HSat3	55.286	0.0	56.7637
NA21102	bSat	14.671	0.0	11.3465
NA21102	aSatHOR	152.928	3.181	158.139
NA21102	ACRO	4.598	0.0	3.606
NA21102	SST1	2.131	0.0	0.7932
NA21102	CER	2.089	0.0	0.8943
NA21102	SATR	2.867	0.0	0.2536
NA21106	HSat1A	15.676	0.0	15.4854
NA21106	HSat1B	1.524	0.0	1.276
NA21106	HSat2	40.234	0.0	48.0572
NA21106	HSat3	41.228	10.91	52.4576
NA21106	bSat	12.76	0.0	9.7606
NA21106	aSatHOR	147.503	1.145	153.811
NA21106	ACRO	3.186	0.0	2.7053
NA21106	SST1	2.061	0.0	0.6299
NA21106	CER	1.93	0.0	0.8305
NA21106	SATR	2.851	0.0	0.2314
NA21110	HSat1A	21.776	0.0	19.6788
NA21110	HSat1B	1.674	0.0	1.3386
NA21110	HSat2	43.098	8.863	49.2477
NA21110	HSat3	37.564	1.486	47.5236
NA21110	bSat	15.708	0.0	12.2299
NA21110	aSatHOR	159.07	4.228	161.8526
NA21110	ACRO	3.939	0.0	3.0221
NA21110	SST1	2.347	0.0	0.5719
NA21110	CER	1.875	0.0	0.799
NA21110	SATR	2.866	0.0	0.2491
NA21144	HSat1A	14.386	0.0	14.3714
NA21144	HSat1B	1.382	0.0	1.0806
NA21144	HSat2	32.984	10.858	51.5834
NA21144	HSat3	62.663	0.0	58.6927
NA21144	bSat	15.551	0.0	12.6519
NA21144	aSatHOR	134.62	0.551	139.3578
NA21144	ACRO	3.56	0.0	2.8175
NA21144	SST1	2.02	0.0	0.6357
NA21144	CER	1.941	0.0	0.8439
NA21144	SATR	2.844	0.0	0.2354
