column	label	group	n_trios	R	R_single	R_mendel	spousal_r	slope	slope_se	r_mid	r_father	r_mother	error_cv	perm_null_sd	perm_p	sd_ratio	mean_ratio	R_rescaled	R_lo	R_hi	R_rescaled_lo	R_rescaled_hi	sd_ratio_lo	sd_ratio_hi	mean_ratio_lo	mean_ratio_hi	spousal_lo	spousal_hi	r_mid_lo	r_mid_hi	error_cv_max	parent_sd	child_minus_midparent_sd	parent_mean
rDNA45S.cn	45S, NGS-DOSE calibrated	rDNA	602	0.9519378325368534	0.952666204261496	0.963700066134297	0.05996725373290925	0.9546569318119168	0.045072163456899725	0.6888815229464802	0.5047571016558693	0.4983447393691939	0.04659993220091524	0.05785725897959324	0.000999000999000999	1.0092514836371975	1.0350257571842887	0.9426620241780848	0.8562029354306786	1.0449136037149365	0.8694006755876403	1.0075025455400932	0.9494613940054054	1.0660305916902333	1.0231404041721732	1.0477054849069034	-0.01768433411411963	0.14125821882356263	0.6397575368335221	0.7323495861804294	0.08060437576364492	102.33833806978389	74.94492540019489	481.45394681457714
rDNA45S.cn_single	45S, NGS-DOSE single-sample	rDNA	602	0.9502215905454651	0.9508084820547252	0.9675563076863535	0.05737440954412835	0.9529226270229141	0.04469168669120017	0.6891177305435165	0.5042729002650996	0.49792046947975144	0.04746448257795762	0.0576475980958062	0.000999000999000999	1.0058428857676522	1.031046727280444	0.9443685210335465	0.8561103167638218	1.0391836738837295	0.8695030039744932	1.008508715231665	0.9468112600169347	1.0644727730828583	1.019209185671403	1.043723830999959	-0.02256734840597837	0.1370954593516676	0.6405622224884183	0.7302419856113621	0.08069805572438205	101.57099174073134	74.11507222412945	477.4429115575912
rDNA45S.18S.flat	45S, 18S depth ratio (published)	rDNA	602	0.9046482340455956	0.9060097102467334	0.8963612626306111	0.06461339299589348	0.910435312403803	0.046879352285997274	0.651300199392008	0.47689218568486896	0.47373954369852983	0.06718782024215429	0.0581966478979835	0.000999000999000999	1.0202509844442373	1.0560825747023919	0.8854093384886305	0.8049751688065387	1.0009862352739836	0.803853255047756	0.9542056296814015	0.9568282168196743	1.086292457009998	1.0432989454277404	1.0696756427575838	-0.014058049827799126	0.14381221108919356	0.5975263439160223	0.6973425207003119	0.09608843865149962	118.98459201235868	92.44411662697948	546.8453764914763
rDNA5S.cn	5S, NGS-DOSE calibrated	rDNA	602	1.0242798478740849	1.0232219103691842	0.8476938251691951	-0.01666680049914729	1.0246913740799248	0.06925529728034827	0.6648089892842145	0.48907927680016405	0.44263592162666404	0.0	0.06532200000186335	0.000999000999000999	1.0809298726608654	1.052925784335036	0.9488392502201937	0.8843011177763009	1.151331942732552	0.8600269228902347	1.0328253444117617	1.0015279381259599	1.1581711920654765	1.0362530518272814	1.069021960930624	-0.10612655845213005	0.06956792242702607	0.6000912028381581	0.7248188913417651	0.08622816667931903	46.312858699816466	37.404799731046246	182.69094323829
HSat1A.mass_Mb	HSat1A array	satellites	602	0.9339118983802034	0.9340141569225339	0.9482425651013635	0.050405882687248924	0.9370832716104714	0.06055910293366784	0.675420267129116	0.4816882286813971	0.497144556023545	0.047564742011511715	0.05601647735129551	0.000999000999000999	1.0053838250905538	0.9894453953950857	0.9286408818444919	0.8157127361996291	1.0589320125192518	0.850952387984236	0.9987881744140409	0.9281774263370726	1.08542903133803	0.9787749065881107	1.0003203903855107	-0.04472505059193426	0.14649932507889704	0.6093127605653973	0.7347836915830483	0.07942755024778728	3.6175860794496932	2.6871565639240864	19.55218810582925
HSat1B.mass_Mb	HSat1B array	satellites	602	0.9402472548653051	0.6685567121129539	0.5449592109476061	-0.1270501647965135	0.9315507687554963	0.19058822269746747	0.23596482212787154	0.23733806228312965	0.011676937908125452	0.20087546981420107	0.15740882103792936	0.000999000999000999	1.005500082947093	1.0345395925048406	0.9357990688098612	0.6180750539300753	1.2597638402114983	0.6267971715451726	1.2310794978719293	0.9773982168008821	1.033747682520677	0.9717845884893912	1.1012229162781124	-0.20441467411221864	-0.04468141436851162	0.14752842220922507	0.3255924490207938	0.5078517898262063	5.4756355517034905	5.351129912926676	6.663256938243782
HSat2.mass_Mb	HSat2 array	satellites	602	1.033563408345889	1.0368560236835176	0.8795783527179281	0.007722383806830503	1.0333062050473643	0.04864758417327876	0.6811562508778876	0.4844739275213063	0.48327125938291826	0.0	0.06302090528399534	0.000999000999000999	1.075363489269039	1.015916259858989	0.9605881479748621	0.9403622351398335	1.1297443318398295	0.8956486943137658	1.0261461047029499	1.0168616159643447	1.1386431275144744	1.0055875443610545	1.025615692656881	-0.0699856984263746	0.0824585529507473	0.6312028118500638	0.7271926180834652	0.03984477330600565	7.861828934016128	6.1925149108376925	48.185115978072304
HSat3.mass_Mb	HSat3 array	satellites	602	0.7390720227695419	0.736367750002303	0.7047093876844466	0.007446302458673202	0.7410006105599244	0.07713266983180148	0.3707327476457192	0.2904111602929603	0.23272551202879138	0.09006454247371246	0.0786000444290534	0.000999000999000999	0.9510041823331454	1.0170462750054263	0.7775327114051197	0.594931851558558	0.8842727110627167	0.6371171930444857	0.916859139553369	0.8996412447092539	1.0009221145892642	1.0049704695965276	1.0304449838341663	-0.07375158419736262	0.09282795233745435	0.30347294619026954	0.4390215486568766	0.11221672007847008	11.497341115833073	10.253221622103696	65.20845241970787
bSat.mass_Mb	bSat array	satellites	602	0.8376043192871929	0.8390061335734323	0.875739603258203	-0.006923189218020494	0.8364721852835012	0.05721786006840828	0.6021876225886154	0.413270269636904	0.4352717823071787	0.04737548162836925	0.05659951603567561	0.000999000999000999	0.9790748072637516	1.0102861513267727	0.8553579808257228	0.7278367864847176	0.9421787351686051	0.7656811804050254	0.9368405095935138	0.9167852709151659	1.0424822283630808	1.003056245084127	1.0174587808666167	-0.09122481484552417	0.07556509871715432	0.5434340425940261	0.659182750230858	0.06133115072322886	1.2844377095103179	1.0148361743032368	10.925633959903166
aSatHOR.mass_Mb	aSatHOR array	satellites	602	0.44281882243151865	0.4422017618934821	0.5500696940900477	0.0036189780721117898	0.4448279778060884	0.06568696515718596	0.3295794401216236	0.21932057269063399	0.2472382379882226	0.040623357371522714	0.05479362060936689	0.000999000999000999	0.946401502956219	0.9989879399312999	0.4681023781483917	0.29646281680385866	0.5826361170332869	0.30919524393056813	0.616523680230623	0.8650295639903178	1.0344291057532113	0.9950510700769207	1.0028856457801187	-0.08756613123227248	0.0888910269230998	0.23162839119214151	0.4283657427927297	0.04564793361980407	8.005602984999781	7.802610366018253	147.10128067511351
ACRO.mass_Mb	ACRO array	satellites	602	0.9085404990523139	0.9094173960459438	0.991986692627294	0.016864476888699742	0.9100573350467265	0.041005626731899766	0.674818337070579	0.4682374111794009	0.4944989095119153	0.04432168045070443	0.054582048080582264	0.000999000999000999	0.9618877232260608	1.0063007496007894	0.9452072427058822	0.8299366679091683	0.9895284075079804	0.8896325709741226	0.998784921329931	0.9001324594634519	1.028842064438611	0.9986352800309518	1.0146938904204525	-0.06546786850791585	0.10209288877354822	0.6333114791784245	0.7157386191451496	0.06043759117925502	0.4365363663244979	0.31114152320294564	2.9786441644259054
SST1.mass_Mb	SST1 array	satellites	602	0.9944908156747521	0.9943767201384933	0.9776094683281961	-0.005097700659245204	0.9944625876039301	0.04411465054384228	0.6965734569163458	0.5226458065331381	0.4578252060497127	0.013067873934568285	0.05853793003646939	0.000999000999000999	1.0073448809322545	1.0145637331370807	0.9872768269380883	0.9064963339072214	1.0787543980755032	0.9226330463700131	1.0446137760867897	0.9491204072757575	1.0631277352730721	1.0043364212481627	1.0248618143382062	-0.08655563846547037	0.07831496776483723	0.6502124027910271	0.7339458555613203	0.053836349533898896	0.1101992110837261	0.07964823087045712	0.6259176537098936
CER.mass_Mb	CER array	satellites	602	0.8881086691010068	0.8875370208875939	0.8433496019437472	0.046086733851365774	0.893038189589649	0.055393720415020185	0.6250360016686813	0.43594825355176886	0.46775949953506624	0.020497701587006138	0.06011987954185851	0.000999000999000999	1.0333625547828493	0.993023994004235	0.857947768491023	0.7990589392607395	0.9864018460452951	0.7848415102722618	0.9298507432797791	0.9703759889888129	1.095567134375017	0.9891638638872986	0.9969958858466595	-0.03682485398251648	0.12206160675159608	0.579577067478997	0.6717497400114943	0.02746890147656935	0.05150478242108918	0.04173636893969855	0.8405055982725477
SATR.mass_Mb	SATR array	satellites	602	0.7753698656212142	0.7753788843039033	0.8569762929454529	0.04785032927326502	0.7856276530116876	0.047494852816630836	0.5795911720447232	0.4157742238222561	0.42323645075383537	0.026733508071971966	0.05438916202658522	0.000999000999000999	0.9659992122740524	1.0181190658280708	0.8043451843820122	0.6794572294060174	0.872294434270307	0.7180520091911925	0.8785960920475273	0.9149893496173542	1.0284286375909877	1.0144569967412815	1.0218762057841575	-0.0322082538194934	0.13035746029750672	0.5240191369904402	0.6274941353732711	0.031934854148455843	0.013672599750994947	0.010963888063859	0.2423980695113344
TEL.mass_Mb	telomeric repeat	satellites	602	0.35491356501118576	0.35478750863874625	0.42716572572519507	-0.00025270453721682845	0.3547505075368034	0.060004546546297104	0.25876395360685933	0.17136454290211686	0.19384733975086582	0.3160390609017709	0.05671170927188243	0.000999000999000999	0.9639565591413644	1.115101974426546	0.3681747411794903	0.2340569796019572	0.48380588672952424	0.245641712365295	0.48714616635117514	0.8676465308529543	1.064310517190963	1.082124653663583	1.1460666401675261	-0.08346148523240998	0.08959430366615631	0.17972477395671269	0.34016261553620475	0.34437374966219053	0.16367768154369694	0.16953360012277718	0.41596583039196694
truth.auto	held-out autosomal (2)	truth	602	-0.0427911521001874	-0.0414090878179338	-0.08918016834190845	0.01316626635423526	-0.029239905363760237	0.06178135563693482	-0.02029376685078209	0.004790799918144092	-0.03300060489631972	0.004038388997851541	0.05659625684474431	0.6863136863136863	1.0259291665515555	1.0000270721592404	-0.042042417566048394	-0.18079913272855186	0.09621627687843881	-0.1827684508876147	0.09693900650038154	0.9232417187830132	1.166725656583234	0.9996321146248259	1.0004383382057171	-0.05826123086858421	0.08923718657966069	-0.10555883675958251	0.06064011496134785	0.004297318014662709	0.007898435700064434	0.009956980471755722	1.9972462101063704
DJ.cn	distal junction (10)	truth	602	0.7249086228467908	0.7428944747466911	0.8262311626763544	0.008195757590184198	0.7271448772897638	0.09812125758311306	0.5435057044160805	0.3310894447204522	0.44880724350581636	0.017178422995001157	0.055884207657382334	0.000999000999000999	0.9502308744038233	1.003426197524965	0.7633055692814837	0.5294190668184607	0.9112107884071805	0.6157174133738681	0.8885036907120966	0.8364435867427067	1.0538283175448424	1.0013023306323106	1.0053645188961822	-0.07767365449010395	0.09085610238655836	0.4326482185947453	0.6275635843270301	0.022467873344468786	0.3267994266003442	0.2682481565308154	9.977838773897519
chrM.copies	mitochondrial genomes per cell	culture	602	0.06558060491496358	0.07004821046404908	0.34044848459581756	0.09781897211486018	0.1488401832909187	0.05353146776146235	0.1251670386207132	0.07696733387156471	0.11071365815736445	0.20562578040591784	0.04848406560153758	0.003996003996003996	0.8801991160462824	0.9814689262377887	0.08782036113485864	-0.08242391477543382	0.2161246597027627	-0.0703559987697647	0.25763767996445774	0.7900753570994608	0.9794824945814623	0.9643114793134873	0.9997451814531063	-0.004186885211669913	0.1927112680592831	0.041777728621078786	0.21275460306994107	0.22131218751747372	175.20727734424275	188.6675304434349	823.6553039800605
chrEBV.copies	EBV episomes per cell	culture	602	0.14515707240904924	0.15478337004307363	-0.36069600164410764	0.15541241907945302	0.2601404368909015	0.1523975508674545	0.15716967411365648	0.06709925293975158	0.17550964967893298	1.043051124027405	0.06706258225388076	0.000999000999000999	1.2583417628705693	1.1305864675578068	0.08344915283788809	-0.14271773897773243	0.5429943442303068	-0.15368009632918372	0.3158630098075409	0.9508617544724913	1.5935544706112827	1.0103312071504609	1.2603869546532322	0.05485649875322155	0.26090227520947434	0.017082232289323512	0.3204405532853756	1.2059572660312485	67.7270655437896	92.38468263649662	60.03435169724134
depth	sequencing depth	culture	602	-0.07152184143289674	-0.07160167949219513	0.5848879123892351	0.023319781439480564	-0.047103614009700305	0.028940985767244527	-0.056569522337049115	-0.03793888291691782	-0.04283825064039347	0.10437619961998246	0.03359456905068735	0.913086913086913	0.59577276806141	0.9984243589883744	-0.10422656767991458	-0.18222213307587923	0.020913150800681214	-0.23419619197702254	0.016189868182073	0.49123779891688985	0.7084202575188008	0.9905569063641065	1.0057565570834013	-0.03787423488804527	0.09964788197862433	-0.12213274237653685	0.008196624792181405	0.1096353251345078	3.8110835726808276	3.6457393720227924	37.79614500180336
ctrl_dup_frac	duplicate-flagged fraction	culture	602	-0.034374896779499065	-0.03509005995482578	-0.6267030509207254	0.18261691930186041	0.12535083855376747	0.09635270602751729	0.07421774900526161	0.06206176641547972	0.05168094558786503	0.17597144299843195	0.06983003023574734	0.04495504495504495	1.2978005053129582	0.8796661300142782	-0.06839133384748158	-0.25730036772591414	0.20731895700917363	-0.2421536365835226	0.13075090674510087	1.1037257373861995	1.481032315724287	0.8608309637380642	0.8995101720863754	0.11255494727894336	0.25081662220320383	-0.034227386685139485	0.19681848431580937	0.1940093812457126	0.016205852672041363	0.023633351453930355	0.09366313222883187
gc_rel_65	library GC bias	culture	602	-0.08733635053380331	-0.08971799498234809	-0.12403405159850722	0.099913938920232	0.011435065909589167	0.06273118835529926	0.00813854483502253	0.021104413885650916	-0.010182359070527494	0.041908674214025145	0.05877192061656414	0.4125874125874126	1.0422767505993946	1.025436096942954	-0.08784652172110946	-0.254894602882975	0.06450358205497847	-0.2546720741329049	0.05630290788863988	0.9447574673128758	1.1462583919608982	1.0214851992825502	1.0296582573888353	0.014575102503677393	0.17870991737373249	-0.07630025157492001	0.0893649842116325	0.045022084037022424	0.04927624461466185	0.06279646084333593	1.2260710384915794
insert_median	insert size	culture	602	-0.3093334502353337	-0.3089564917358323	0.3092465283762986	0.2043528140052321	-0.08716767628995263	0.03837596083894284	-0.09733691354616078	-0.08268801524694136	-0.068067515865769	0.029456816755332998	0.0358715620742259	0.9920079920079921	0.6951239860308981	1.0336540460387906	-0.3553771468433673	-0.44952067924791556	-0.18048405760380506	-0.5245460130864981	-0.20140816714537324	0.6382564970175492	0.7492072764897286	1.0314639397640022	1.0358448421884647	0.11857093963000989	0.28954875424141113	-0.17317225903715464	-0.018981099835846182	0.030993661765548942	11.01846595672428	12.023531966482535	428.0164421606534
rDNA45S.cn.adj	45S, NGS-DOSE calibrated, adjusted	rDNA	602	0.924183824670098	0.924003637955336	0.9694462749975076	0.06560978677692457	0.928851840260197	0.04344215832568575	0.6823820131906843	0.5098400233631523	0.48604277318931327	0.058821414001000445	0.056816680998183364	0.000999000999000999	0.9938993962754543	1.0244486303353275	0.9302592268839974	0.8310693914230466	1.0165970536821856	0.8558393762322869	0.995033485259841	0.9341863647308013	1.0540358753461656	1.0129240215379247	1.037082593435509	-0.013477324843984577	0.14861061172135104	0.6319795858861746	0.7238871395901831	0.0878028671137264	103.03389098642009	75.04897841874512	482.3092338663307
rDNA45S.cn_single.adj	45S, NGS-DOSE single-sample, adjusted	rDNA	602	0.926221713581832	0.9259612252407081	0.9725324864508769	0.06358514518936442	0.9306324587628269	0.043217160958145595	0.6837579610152693	0.5110603062628813	0.4858614845163256	0.05806186623829542	0.056638461199260616	0.000999000999000999	0.9928679895192053	1.02217645134022	0.9333317352214026	0.8348551352276193	1.0168467769084995	0.8601650292777258	0.9988175331538075	0.9327558781326976	1.0521149182920253	1.0107618845922037	1.034985640346761	-0.013809614273055121	0.1463332935844525	0.6326840209539963	0.7243985337946265	0.0868678846043575	102.19415487936124	74.22050669660061	478.078647981241
rDNA45S.18S.flat.adj	45S, 18S depth ratio (published), adjusted	rDNA	602	0.8730916807574233	0.872714004916735	0.9346848476790132	0.07177191963525315	0.8815901807860703	0.04427036507989728	0.653949541640924	0.49295354381906925	0.4640370246316181	0.0775002778232186	0.05639526494977835	0.000999000999000999	0.9872042580645594	1.031164274835462	0.8853386202292193	0.7790661071411891	0.9697824196970883	0.8083185795559492	0.9543846770398832	0.9229564449284056	1.052760312971675	1.0187573622936545	1.0444984351473152	-0.004639114881857747	0.15233733059902121	0.5982909931320745	0.6978226566756468	0.10225613783694949	119.53404231409556	89.87458944030023	549.4565984798062
rDNA5S.cn.adj	5S, NGS-DOSE calibrated, adjusted	rDNA	602	0.9607783992605003	0.9602331885657964	0.908295541610303	-0.01752478880966884	0.9600787884592221	0.06575953494365108	0.658792576733676	0.4799378449246875	0.4428533334958382	0.05015818160633056	0.061884161107115906	0.000999000999000999	1.0217848024474672	1.009903355939104	0.9406679087616089	0.8268483614342373	1.0839061073720853	0.8510921767203826	1.0244235617014243	0.9454378934203519	1.0989797315800107	0.9940209459024092	1.0247898987160247	-0.1072736628838658	0.0668545254849002	0.5963681298450216	0.716863315959176	0.10538830731753411	46.76582822438738	35.97336389710282	184.65008154528905
DJ.cn.adj	distal junction, NGS-DOSE calibrated, adjusted	truth	602	0.809906014679613	0.8384585773906627	0.8878110127086214	-0.011600797901559864	0.807674889946487	0.11016945617047683	0.5933461866984757	0.3551241235897434	0.4916127391649141	0.013286998468034241	0.05592404507179268	0.000999000999000999	0.9573839014098461	1.0010324187419277	0.8454410323179384	0.595866554063283	1.0134220428936436	0.7105394922392237	0.9599074753754121	0.8316136630574735	1.0724826948571193	0.9991785376779626	1.0028002515167076	-0.09963895517104074	0.08351629953662079	0.49431672267823534	0.6732998878158025	0.019373366483665538	0.30422409998902644	0.23803256217103363	9.98276661424526
truth.auto.adj	held-out autosomal (no variance but error), adjusted	truth	602	-0.05348077137985742	-0.0534613371198397	-0.10891704250033496	-0.0144722818583296	-0.06895093053934655	0.061634045069488365	-0.047264509708634966	-0.033982383398012295	-0.03236145398250055	0.003467600469486042	0.05781711619325455	0.8721278721278721	1.0239004859792726	1.000059256623672	-0.051894571335607285	-0.21829209264051816	0.09429627601872237	-0.20755101349684812	0.09467390070622383	0.9495796898333936	1.103640111820313	0.9997236768929701	1.0004024704732548	-0.09075203103422358	0.06183279860612047	-0.13189121750984875	0.04216141936925422	0.003728992065297137	0.006747877989599617	0.008559217202603435	1.9973375868167935
chrM.copies.adj	mitochondrial genomes per cell (culture), adjusted	culture	602	0.050671960480257836	0.05022600358382634	0.22253755581973933	0.0795448577416614	0.12062196145727974	0.05849696348855336	0.09517616084424453	0.07604488065755	0.06351827629397933	0.17024683756265732	0.052199916532530914	0.00999000999000999	0.9314548882761089	0.983460253211709	0.06025452477370455	-0.10680253579538167	0.22179440339987247	-0.10369425918408742	0.23807125400908066	0.8544249050564219	1.0130499806354933	0.9686046410099756	0.9986972815288457	-0.017239965229269103	0.17238594106818025	0.003725778070456835	0.18390556382444845	0.183825591416839	142.8353978910328	161.43954302111382	817.4570614878173
chrEBV.copies.adj	EBV episomes per cell (culture), adjusted	culture	601	0.07603791970107954	0.083203863802717	-0.10095622721620123	0.09901723174561795	0.1592833546100543	0.10004524676919653	0.10661593368373513	0.04389785180366362	0.1172650996972234	0.917647372086259	0.06324200990456885	0.012987012987012988	1.10747660755807	0.9970079818814646	0.059049449078174124	-0.1455071109624806	0.3334261389215571	-0.1430540863504538	0.25993560458181253	0.8742381567565004	1.3580667261040065	0.9104031617020091	1.0904181955527712	0.008783315414306683	0.21056466783072628	-0.007770839700722712	0.23149365222461762	1.0217570570856147	56.10283173982696	70.98629528607738	58.76733967693418
