metric	label	group	father_son.n	father_son.slope	father_son.slope_se	father_son.r	father_son.r_lo	father_son.r_hi	father_daughter.n	father_daughter.slope	father_daughter.slope_se	father_daughter.r	father_daughter.r_lo	father_daughter.r_hi	mother_son.n	mother_son.slope	mother_son.slope_se	mother_son.r	mother_son.r_lo	mother_son.r_hi	mother_daughter.n	mother_daughter.slope	mother_daughter.slope_se	mother_daughter.r	mother_daughter.r_lo	mother_daughter.r_hi	father_contrast.diff	father_contrast.z	father_slope_contrast.diff	father_slope_contrast.se	father_slope_contrast.z	heterogeneity.q	heterogeneity.p	heterogeneity.p_normal	heterogeneity.n_trios	heterogeneity.n_perm
rDNA45S.cn	45S, NGS-DOSE calibrated	rDNA	311	0.5000645804302211	0.05616069434138566	0.49593321659912903	0.4071724300789951	0.5754142283291884	291	0.5030700589106493	0.06532953167235019	0.5182827062129781	0.4288566164531149	0.597649760632519	311	0.4452451901845714	0.06063633771774449	0.41397023892385587	0.317362749620876	0.5020733741404588	291	0.5845359993150503	0.045748743481984835	0.5892554305069957	0.5087416775175915	0.6595511564880263	-0.022349489613849083	-0.3670945712298047	-0.003005478480428203	0.08615086359076822	-0.034886225803896234	8.437993033817904	0.14485514485514486	0.037776057113260646	602	1000
rDNA45S.cn_single	45S, NGS-DOSE single-sample	rDNA	311	0.5013733817546506	0.05567766941781341	0.4989788999832243	0.41054309753158946	0.5781151082037649	291	0.49911358440805315	0.0646272615155591	0.5141753306089183	0.42427588022218893	0.5940381660354143	311	0.4420399856423382	0.060162528770337904	0.412437600481651	0.3156997293579381	0.5006897853054384	291	0.5791345853003911	0.04555452574223445	0.5885226993057467	0.5079097898014867	0.658916913129936	-0.01519643062569398	-0.24940558811447983	0.0022597973465974808	0.08530349232475644	0.026491264132472703	8.41888358841939	0.13186813186813187	0.03810326278042739	602	1000
rDNA45S.18S.flat	45S, 18S depth ratio (published)	rDNA	311	0.4693184129210685	0.05890463120314944	0.46340899739249386	0.3713279086517694	0.5464635853569568	291	0.48319769163290405	0.06479307679046441	0.4935498860898899	0.40134277708459926	0.5758535108774029	311	0.43816367886256014	0.062499975116244506	0.40574560756362865	0.3084454035068207	0.4946433034605307	291	0.5586618984150522	0.04787419694911942	0.5462240255137923	0.4601406023121733	0.6221332345752597	-0.030140888697396062	-0.4769920301873992	-0.01387927871183553	0.08756653685714688	-0.15849980152210108	5.1842805472216495	0.36363636363636365	0.15878997236583892	602	1000
rDNA5S.cn	5S, NGS-DOSE calibrated	rDNA	311	0.4189157743768771	0.06172144606171758	0.3887438029554854	0.2900656880772907	0.47924269272389314	291	0.611385125800245	0.06477351419138025	0.5858977607874231	0.5049308663562019	0.6566439759222321	311	0.4877613809769107	0.06562033374213079	0.4581792749709456	0.36558979988493295	0.5417898762000577	291	0.46498157195599543	0.08211154378869122	0.41601504879287265	0.3161549416428962	0.5067577127818731	-0.19715395783193768	-3.185058165836481	-0.19246935142336785	0.08947147615106421	-2.151181132838374	11.873750584964846	0.13686313686313686	0.00782839084416231	602	1000
HSat1A.mass_Mb	HSat1A array	satellites	311	0.5513586774639493	0.098389836989327	0.4866320074263186	0.39689369665380153	0.5671552692123265	291	0.43885617900878016	0.04969928590949043	0.4876647658390474	0.39482033714708836	0.5706498516878358	311	0.5338361765096037	0.07236216489090418	0.5260005901564756	0.44055430609442725	0.6020019540550792	291	0.4211285373365133	0.05180885809331923	0.44396761682229996	0.3466820298444815	0.5318029886146889	-0.0010327584127287626	-0.01651966731221985	0.11250249845516913	0.11022966498497405	1.02061907264714	1.718280072972739	0.7872127872127872	0.6328773935740195	602	1000
HSat1B.mass_Mb	HSat1B array	satellites	311	0.8411258007509528	0.06254055690862635	0.8009532155372713	0.7571850435005746	0.837561346508376	291	0.020497747011712017	0.009013410119381716	0.14392671980086824	0.02943045769743878	0.25469503983765157	311	1.0011632303523677	0.0889433942485711	0.298127523507832	0.19331813270313783	0.3962095329257039	291	0.4958973056980513	0.04548376408797868	0.5251428105247761	0.4365175918673177	0.6036746419427915	0.657026495736403	11.66695343228994	0.8206280537392407	0.06318672978103317	12.987348080570703	159.17377715958472	0.000999000999000999	2.76332809352139e-34	602	1000
HSat2.mass_Mb	HSat2 array	satellites	311	0.5730415665814831	0.057434522084926234	0.5144454915766282	0.42769740471088596	0.5918040072843951	291	0.42626389786736674	0.05162795976885397	0.448120592172547	0.35123516015603556	0.5355109576246809	311	0.581311377304164	0.05793750018553427	0.4997258928115244	0.41137016610129173	0.5787772688474454	291	0.5052936545667547	0.058715665228425536	0.46979900473741354	0.37507699414831347	0.5548119069079935	0.0663248994040812	1.05417925746571	0.14677766871411635	0.07722804255591542	1.9005747634720238	1.341899497530339	0.8101898101898102	0.7192084811034024	602	1000
HSat3.mass_Mb	HSat3 array	satellites	311	0.43389946626929754	0.05548745202248941	0.4442112814992174	0.35029838811078173	0.5292815326314763	291	0.3342717722102164	0.04415295782752557	0.4189287908818893	0.31932742354573385	0.5093755731052828	311	0.40556438335238904	0.06581426508638095	0.3474853143386681	0.2457640327837609	0.44163668787266147	291	0.3820503778580557	0.056803763594911835	0.37434639765474054	0.2710291532354112	0.46913639545053776	0.025282490617328124	0.37908205988911137	0.09962769405908112	0.0709107961940022	1.4049721538383722	2.4358903182198195	0.6063936063936064	0.48698862039301916	602	1000
bSat.mass_Mb	bSat array	satellites	311	0.46397955615853376	0.0746276295584676	0.43639845475062217	0.3417670997718572	0.5222689793845047	291	0.3699596132335208	0.0573821226599165	0.3745233095457866	0.271219787854469	0.4692968542234073	311	0.4489922052145565	0.05756435459796314	0.4410548454992581	0.34684981160709466	0.5264498112677923	291	0.3836346933538321	0.05529637986113142	0.4434687043569996	0.3461353535634869	0.531357309718306	0.06187514520483556	0.9039869785006555	0.09401994292501298	0.09413814898580475	0.9987443341295186	1.3701168826480745	0.8031968031968032	0.7125542040220276	602	1000
aSatHOR.mass_Mb	aSatHOR array	satellites	311	0.17308537787549844	0.08450092398745317	0.16899838869052147	0.05888585464155957	0.27504796345856686	291	0.2678626702514993	0.057863518316400665	0.3077066437547668	0.19979220577401746	0.4082457596642328	311	0.24326360684549875	0.04910146915293423	0.2579539449836162	0.15106867906988003	0.35887729211709074	291	0.2174837493388641	0.05656866625459595	0.24246920824332294	0.1311421275149938	0.34775708295314467	-0.13870825506424533	-1.7979254646055762	-0.09477729237600085	0.1024138316180279	-0.9254344933552628	3.332250431717571	0.4955044955044955	0.3431791496844889	602	1000
ACRO.mass_Mb	ACRO array	satellites	311	0.38684337205616975	0.04892740249622692	0.42279504691901415	0.32694986038338636	0.5100312016221243	291	0.5332915278326069	0.05386136106128402	0.5336370362105822	0.44602130334773676	0.6111222798577861	311	0.47151357081171097	0.04646284633064074	0.5089786984460409	0.42162692661932677	0.5869706469806621	291	0.49567435687984196	0.05529990465562671	0.476651351623681	0.38263933512685955	0.5608937852138868	-0.11084198929156808	-1.7582910142575445	-0.14644815577643716	0.072766317279369	-2.0125816621196346	3.4819887185980547	0.34765234765234765	0.32310564781940465	602	1000
SST1.mass_Mb	SST1 array	satellites	311	0.45313276050815127	0.051545057672655936	0.4656975648874541	0.37384116436680276	0.5485072111119923	291	0.5456579168181994	0.04618495723911409	0.5851172362163746	0.5040454563536382	0.655967870856908	311	0.4830698068128022	0.057642980022238284	0.4450091621873382	0.3511705191247375	0.5299970323233612	291	0.4843161133306489	0.056115311315339096	0.4489182143390778	0.35211016112672494	0.5362227262033592	-0.11941967132892045	-2.020835307816598	-0.09252515631004815	0.06920941587425965	-1.3368868258930082	7.297247343584737	0.1008991008991009	0.06300339901218736	602	1000
CER.mass_Mb	CER array	satellites	311	0.48671589148687067	0.05271514303914445	0.44255239151199316	0.34848564386549585	0.5277935352443139	291	0.43734996308239343	0.058246613685519394	0.4326550688142561	0.3343026846589929	0.5216855110117826	311	0.45771970529397676	0.05779640566496048	0.449877510977357	0.35649544384508874	0.5343601050922469	291	0.5198898090532714	0.0614678817689372	0.5044247073751658	0.4134199263675604	0.5854515796545517	0.009897322697737077	0.1493458364902367	0.04936592840447723	0.07855924077705687	0.6283911086230163	1.4875158765835221	0.7412587412587412	0.6851546425065111	602	1000
SATR.mass_Mb	SATR array	satellites	311	0.36834932576811263	0.057300288092836986	0.37625911259480643	0.2766153708069885	0.46789818645157144	291	0.4475283158223223	0.05104930189567005	0.4503794349184972	0.3537135764997342	0.5375263435139975	311	0.391920882428261	0.05339508505069872	0.4196583953443546	0.3235399979055264	0.5072044154558443	291	0.45725379830576907	0.05464153213733055	0.4571251519301542	0.36112310766423167	0.5435390903868825	-0.07412032232369076	-1.0916460553016678	-0.07917899005420964	0.07674212819278195	-1.031753899960998	1.7940246550948544	0.6943056943056943	0.6162361003708682	602	1000
TEL.mass_Mb	telomeric repeat	satellites	311	0.155072350811843	0.06803509843636252	0.1443715533672979	0.033693216187136346	0.2515517556384564	291	0.19221936206496584	0.060559559354610874	0.1955617474387429	0.08243203010089167	0.3037156075969217	311	0.17730840838265144	0.05117542398039701	0.18434734195386931	0.07465872295384912	0.28962843884042283	291	0.18010400702432555	0.06248512553938327	0.20640872626814685	0.0936480151772548	0.31394109848534113	-0.05119019407144501	-0.6432437019672913	-0.037147011253122836	0.09108366949387894	-0.4078339340030565	0.7044747341939255	0.903096903096903	0.8721509450704781	602	1000
truth.auto	held-out autosomal (2)	truth	311	-0.05376282249451236	0.05644958449513548	-0.051581317978660016	-0.16187203007970533	0.059982136078396475	291	0.05398823855807612	0.06734277263468451	0.05155328503284406	-0.06380826731434355	0.16555522394323546	311	-0.06915223343114217	0.04662652809954065	-0.07575223724380564	-0.18540948723497788	0.03576846225082821	291	0.03378391797915478	0.08013176098928965	0.02897412219427622	-0.08629669050478864	0.14347942644786585	-0.10313460301150407	-1.259326303577176	-0.10775106105258848	0.08787266136745975	-1.226218250088075	3.38719555316168	0.3626373626373626	0.3356898591561118	602	1000
DJ.cn	distal junction (10)	truth	311	0.35231688009728473	0.1163707164454857	0.3674782156167201	0.2671786442053047	0.45990108836371413	291	0.24452062472727168	0.06833695911682211	0.2935952349513982	0.18485226816178452	0.39523595308179693	311	0.47832945808050126	0.09472317734620131	0.4460743475259878	0.3523350838585989	0.5309520489508591	291	0.4241599256323874	0.11828470421564709	0.45037761532432447	0.3537115794832426	0.5375247204352872	0.0738829806653219	1.0126754605230814	0.10779625537001306	0.13495215310386807	0.7987738831187521	6.622815700507912	0.7112887112887113	0.08494277880223686	602	1000
chrM.copies	mitochondrial genomes per cell	culture	311	0.10468891529273433	0.05926404817628628	0.12501285435127635	0.0139879951970603	0.2329927053228935	291	0.03233929315265858	0.04976193908755607	0.03939714650684444	-0.07593012985066032	0.15368426634772997	311	0.053238113964502676	0.05257643709152146	0.056440975998324774	-0.05512440410363246	0.1666144286183942	291	0.16035297288268127	0.06168833158954988	0.17241195405916465	0.058590162816136694	0.2818085528933543	0.0856157078444319	1.0522557096986622	0.07234962214007576	0.07738525691625518	0.9349277242611097	3.4242202202809713	0.45054945054945056	0.3307243146388879	602	1000
chrEBV.copies	EBV episomes per cell	culture	311	0.13465616395541774	0.11449047111773744	0.12212761092992819	0.011058471517032608	0.2302198910750106	291	-0.022165335465939094	0.08451356436436505	-0.01696530599217463	-0.13169172316054542	0.09820958588278399	311	0.36144654628218886	0.20756976136661284	0.30566479656162754	0.20128841909811857	0.40317777599211274	291	0.10483028919244185	0.11993402458837764	0.07290249868738247	-0.04243654039164921	0.18632393688406682	0.13909291692210282	1.704383522017128	0.15682149942135684	0.14230463990443581	1.1020125522728548	17.787321513391674	0.08891108891108891	0.00048658067303691783	602	1000
depth	sequencing depth	culture	311	0.00474607296891437	0.03256930798594277	0.00794450094273037	-0.10336617768405064	0.11905864895184949	291	-0.07056646831650967	0.031916959336617215	-0.10347158149032659	-0.2158863839109831	0.011650340270033798	311	0.013157034277903545	0.024474310003155798	0.02368988408342114	-0.08776069156588781	0.13455470902501246	291	-0.036975548285143114	0.029521798021549656	-0.06753297836315612	-0.1811099414701986	0.04782167664822108	0.11141608243305696	1.3637768125618719	0.07531254128542404	0.04560101003243758	1.6515542360103783	3.2971636615118225	0.23976023976023977	0.34803760537657	602	1000
ctrl_dup_frac	duplicate-flagged fraction	culture	311	0.13191665825047208	0.12452251130201807	0.11167570290661247	0.0004620962605005006	0.22016054526263348	291	0.02525317508068121	0.07711864889442942	0.0191014439806573	-0.09609292122373947	0.13379090446779734	311	0.11132748489619278	0.09345919214705911	0.08574703500346849	-0.025717572633590546	0.19510571079334943	291	-0.03218544265542446	0.06710934222760688	-0.022352013583417152	-0.13698326350453804	0.0928699841339496	0.09257425892595517	1.1350545754400618	0.10666348316979087	0.14646891079086885	0.7282329239280482	3.3701847687921433	0.7642357642357642	0.33799308095264735	602	1000
gc_rel_65	library GC bias	culture	311	0.06626542139662812	0.07387785403552335	0.06665489238189662	-0.044897291428920495	0.1765653045301829	291	-0.030410508200081156	0.060999189736938755	-0.030114354258210612	-0.14459697757372028	0.08516384996969532	311	0.036106947132378324	0.062068030100881924	0.03301180655247343	-0.07849574071723535	0.14370353771952968	291	-0.05397173820468491	0.06270370346047734	-0.05036145379401391	-0.16439281172021308	0.06499824505932042	0.09676924664010723	1.1818725396288667	0.09667592959670929	0.0958062548347296	1.0090774319847897	2.6537021950232114	0.5454545454545454	0.4481525420118484	602	1000
insert_median	insert size	culture	311	-0.08691954385709474	0.04169467403066335	-0.12110829128729729	-0.22923987147305233	-0.010023963807400964	291	-0.00446460368341706	0.036719253088858206	-0.007007348270113443	-0.12189244787576732	0.10806303293067605	311	-0.08687417482416185	0.04298992659183939	-0.11334540084577599	-0.221769081262526	-0.0021531983861207827	291	-0.035005759834182616	0.04048671608519377	-0.05400358010260067	-0.16794404159234105	0.061360751907332346	-0.11410094301718385	-1.399281461730521	-0.08245494017367769	0.055558522207910604	-1.484109672052031	2.5936779169993924	0.37162837162837165	0.45859896784105014	602	1000
